SST,SSS,wind_u,wind_v,ml_depth,bathy,ssh
27.702005801832502,34.081316779959785,0.8181000767616169,5.125075828448686,30.665272804533696,925.6646441930982,-0.20290509065729595
19.18624053335733,34.474953240203035,3.9285961407221457,-0.916326745265879,69.95131499899064,2709.504736891791,0.1748405151958447
24.9272544349448,34.220982662645326,4.042921923636589,-1.7544054433666894,46.706878557860975,4364.729179382041,0.27100268479043343
28.942884165087875,34.17203157102558,-6.566121845891009,8.694598309766018,33.67584563772528,3661.124432047806,0.16509787344242713
22.049495060430303,34.5161657369615,0.0022550415325390816,-4.982418002185995,65.84568627807387,4032.8057393072486,-0.2650904849329472
21.993190772872687,34.3720605648674,-1.7608380993179615,-7.591053200068691,57.264762806253955,3293.916833553587,-0.23007528497262655
18.178878031964732,34.62109589676086,7.410539325387685,1.690862265189164,80.49340938461367,3461.382822589262,-0.11167551728500338
19.107188391938305,34.451759355846384,2.6283784243675274,9.386436245683576,62.58551948777938,4245.978257826597,0.23206179312304986
27.883940301547124,34.108909436375605,0.6500813283196365,-2.443215725456267,32.02696493744288,1248.3400442959296,0.17422785801686755
24.930398747870207,34.228548670373456,-7.6921071564216525,-8.75926472742437,41.232650939786346,2447.1248182157024,0.26595808716371727
18.082201723167465,34.64995974330525,2.1127577864682294,-3.2138946538086515,65.408659383139,1106.047209098011,-0.15248224297142074
18.91698771146121,34.5964496042731,-7.6559218863953316,0.11863308639116887,80.80940924124457,4938.340039983235,0.10785736550415018
21.97305363743235,34.62651371172527,-3.2558684886849587,-6.761539867355726,63.57733638151278,4720.296698433066,0.36806210347719814
23.998362856785747,34.259970602886334,-7.143160703713363,3.1620443611298406,53.1126689330158,197.1340568425295,-0.34058158453948173
22.432687907577595,34.433620209554476,3.841472940487378,9.95498778020401,58.515957521272284,3527.875862578442,-0.3216521474339686
21.804169608426278,34.326994487194725,-5.874957723276948,-0.9652104803711232,60.57115490610844,4626.241587078329,-0.32746780812673076
26.093946822196337,34.147980609749695,-2.16281253623948,-2.9054288653957467,35.67820156042276,902.8767256366676,-0.2405248859586412
29.23214078086933,34.028621004255186,7.913495552375572,-1.9859166633106682,20.32550840913707,2839.726152763147,0.06682216468894155
28.787909794348625,34.095401225570164,-5.913672332020594,-7.697076432095978,32.137921161055246,4577.441487940209,-0.12705000814827117
24.607570799798765,34.54234238726836,0.1561012791755818,7.665472028524476,38.78105606038872,169.72989292899422,-0.3308436890041559
26.79566901826494,34.115808892098535,-1.6145667766795597,-1.703486889572961,34.89013702751869,3487.1013362341996,0.19117726459478748
21.41518723979756,34.31958949426908,-9.637519179085405,-2.2545117715031733,56.47782769863795,1486.7450368627538,-0.3271387251137578
25.021734479680184,34.27672749350718,5.855162271456255,3.1938054586094857,47.27479208794145,4621.980976882652,-0.2772515939856347
27.176545867342067,33.95290178429293,-8.619081873708005,-1.1593315813775291,35.85837139326958,4855.291225826839,-0.17201251829702655
28.730763018561067,34.04352034067913,-0.5148995804609271,2.9646693761569214,17.195942814428143,4721.33244556717,-0.14072155622044297
21.68668909955136,34.34381368190113,1.2135658987789988,-8.77107419738425,60.04481213944749,2371.0710832873187,0.22042801403958673
22.445951664929925,34.43985149970449,2.568529132291742,6.274466874444549,52.36618825700659,4310.213254946567,-0.2130484238565994
30.293428251788374,34.114443551039116,3.7726325861575116,8.810079057588052,17.65687042456149,4222.746992675352,-0.00499713051952571
27.54414948391649,34.06054052074368,-4.934552329545698,2.9753077231877185,32.09259424959982,1595.5023662162782,0.21474966726495426
18.917703183268305,34.52919810327301,-9.800424466831013,9.091318577176214,80.16913722074385,4144.577370753386,-0.13010885780606946
28.20802475909023,34.05244173922066,4.468873247098239,-6.9713537126007346,27.826273133280615,185.0381735774631,0.1723262982346383
21.52300038668786,34.28256479609448,0.7131319869515718,-0.45167621039292527,59.845504406764874,2981.3493924102654,-0.253684757991452
18.32699565705239,34.55292756635573,6.722354064144977,2.0361346789089456,74.33789134341932,1150.0441864385152,-0.19635204297792158
19.09824221029961,34.411304089844336,6.427767258013887,1.6347329484237338,77.3317925067157,602.834428886394,0.13664953982686293
18.437492045211584,34.51729574963228,6.866523355757664,-1.9707644182191348,76.75805174533325,384.7660081460458,0.08317476542856472
21.825466589402332,34.27055942174983,-0.29810680040919735,-3.2383118126747723,55.172542578558726,3481.443879390699,0.22232611212163772
25.170427695441944,34.289431795620985,-3.3274320832626874,-7.4635195489916235,39.30839659595192,1699.3748188403306,-0.2596215731333368
20.737335253950636,34.66293647311898,5.8311640518274,-2.1651509887544362,68.71006573446581,3623.8338576438073,-0.2126948559862474
25.57097651445398,34.090920833534256,-0.9741177394149005,-6.746783697890297,36.747268121530794,326.78170399471185,0.2602416427599589
28.80924470789942,33.886515159222725,-6.33115607193131,4.687313529844367,12.57494833377481,1576.4516891530516,-0.1659333798210517
22.379643795087027,34.44106542965126,7.099480391229488,-5.8233812901082,67.53821083941489,2697.4564618766863,-0.15046635634537875
29.609942753424434,34.00735748746225,7.651197535446947,-8.828693894309323,25.09844499207856,3953.615824194818,0.03515535918201322
19.048003414480977,34.58059970533747,-0.6738048771965985,1.0473227563446859,64.0587152884646,1593.7625146603496,-0.05407622348470414
19.768939660029922,34.4465524309711,-8.48600545380425,1.9045946543880312,64.06979472590416,3129.4568821850453,0.17468533993563812
23.53363178249083,34.269400092197436,-2.2434782016613752,7.438261225610109,52.04217351302396,4429.8887411809355,-0.38417509224637164
25.631539052770215,34.23177778227884,6.070753189252066,1.5396322483536373,49.79015147103634,3079.315940911523,0.34597894283660874
25.098058968928513,34.3299897979572,8.035480570924573,-3.0903829255310855,42.698639407647725,1164.7973737681689,-0.27434441669407794
29.80594812977024,33.82857674838154,-5.930545150048083,6.060237630526409,18.768147835191627,122.0039077826901,-0.001404772985776792
30.758213925121893,34.01915839130879,-8.66052775949457,0.8055778637484217,24.690751315669353,4350.4943695046495,0.10382221601410609
21.863672183591977,34.39955553276348,7.547009062656773,-8.414394307376165,64.69184743267768,106.34705425193569,-0.22640732435143218
18.396668689158222,34.4717039428564,-2.2119012204224937,1.317011206264933,73.12033443612435,4373.508363420997,0.09437990563017509
23.346313828844252,34.50327635121007,0.8352192853512648,8.160370908433247,49.019978770082474,2644.68567013606,0.3629692555824726
19.76866448142726,34.463857741854156,9.361316241015178,-2.073747490035589,70.32615537679253,4695.3384925644805,0.19918693497125925
20.734984239300253,34.469663551812445,-8.668705441715543,-4.073483962003999,62.612639010024296,3993.916178868327,0.1555869095452663
28.67767714369245,34.17308218425753,2.966360149041911,-7.130610859639599,32.361349037304194,4989.670552666687,0.1325700726944526
17.933904703017028,34.44712060314755,-8.517891548502659,-6.971089561292853,78.74830049512182,1753.5590772585508,0.21982247105305308
18.21427615308953,34.309151692757254,-2.490621430669993,-1.3445703131636222,70.9962961193498,3835.9414446556343,-0.32252489378712856
22.306886160451363,34.32195511240538,6.076290903868934,1.9135964832305916,55.22028899907114,2009.654568046211,-0.2978995104016257
19.963295083887882,34.648671308900056,-1.330555344887312,-8.387691896607965,73.11366898615772,2399.378101519544,-0.19193724393978792
24.555409513033865,34.17591409040557,9.943647078059008,8.791371780503315,33.14440626492499,3137.5273160918505,-0.283758293380528
24.92214908079256,34.048943822226725,1.181185698932044,5.102672348903919,37.77427412299795,4368.385570931694,-0.2007511233894142
24.969320287548868,34.3669483828216,-3.5767569472809306,1.7324783656732539,47.04893020206848,4920.417345996476,-0.31199813731944864
22.30522555931587,34.36140752138001,-5.597773481904937,6.568773418779816,58.54610153027839,3841.367069322591,0.2485145921960499
25.689913115206597,34.120879926602676,-2.9895893142767633,-8.396264863757734,53.15513863599359,2088.833910836669,-0.28210814817382407
23.953996551920397,34.277824197341474,-2.549334524808984,-0.46322244533751267,47.78162337934274,2106.785011385351,-0.17559694030945583
28.199499028494294,34.12831032075178,-8.62572644552078,2.601862537233268,21.3645747285139,3687.9115079444573,0.16938820680303507
21.470609653373458,34.669062283203544,-2.6085160114645367,6.5730581223657865,60.95730502200077,1193.8857288415118,-0.30843895350212513
22.246220240956642,34.445359987670585,-0.7152296052155016,5.669391200985354,62.005866236468535,552.3705656569733,0.3703362850151991
20.184466583494917,34.62652322422311,4.454755044776093,-4.458615005732007,71.62027481111633,1773.1107882038827,-0.1866064008270969
16.03101219126407,34.53366770402184,3.13458969443216,8.817603391184086,71.23504250047525,1436.1949582704087,0.07200760859810905
22.78064404477798,34.224106912559044,4.1753131045830845,-7.513083171382593,57.26551698847491,1481.5406022799505,0.2962473224556259
21.8683331880913,34.367774317120904,-9.832726362462857,7.502672372423042,52.81339778820434,1168.0387552495497,-0.3246078126291777
17.927458268268463,34.60409045097764,-5.646652008389279,9.418804992092372,88.70383482625545,210.4659481818094,-0.002958687456105724
21.998487510291866,34.270702440009345,3.2336857679971303,-6.456929535547489,63.255611743153345,89.36967366706905,0.29087827763437046
25.6736987715738,34.23069935962674,-0.3202126364050564,4.4413212840757055,42.5862717834203,4938.611948680158,0.2600189191937087
23.016358549688256,34.314740361821094,-9.893730486633082,-9.194289624440032,53.88594197359404,2138.8656686793115,0.22898245600959627
23.5259048606019,34.36156375552494,6.089892848636445,-1.891543497216901,52.89171915495051,1921.6332357984084,0.2548360047078762
20.223740780187534,34.56157520325752,5.456191465806748,0.32566598395348123,75.37851016752025,3398.2364134653494,-0.2479439978920606
28.088495434312104,34.198937598760615,0.9683832598712527,1.612904518192682,39.40777666115966,1091.269439325321,-0.22461559153221866
20.395444651728333,34.41025626264284,-8.670733484474557,8.71874496497119,61.86392958203007,4749.805919751127,-0.2825857174370076
21.54508466246777,34.384334048385824,5.330300990651693,3.4450137458838945,60.35466194348392,3931.72507207776,0.23298972601809115
25.597754722088716,34.02806261239368,1.674271754627279,-0.3744409756152596,39.94557930721275,447.0550115612976,0.27074466364046573
24.02798763301316,34.38139987409533,5.639199543159183,6.1935007253177865,38.61836035714939,2087.903878924642,-0.19481772912563786
20.201219907489925,34.5250750161187,5.034939847916808,9.010656419088178,70.3547556494672,4395.591537810824,-0.15144337336858477
25.459127486257437,34.20433590836172,6.060041439156741,-9.558677026354182,37.90650849737377,4723.660111457051,-0.27620117288838747
26.747209880480668,34.11690080542265,0.3601613280924969,9.650425445120774,43.095996684757665,2337.0075562493485,-0.1660688945030705
23.390729408710666,34.569093204238456,-7.193509636129701,-8.277357218726394,57.86536599678341,3067.0569460535385,0.3204586105361362
27.11454239909789,34.05773616240396,3.423149467593774,6.287735585375227,31.169231991354206,835.1697304603762,0.20404419423651377
22.201948450603247,34.42177049853098,2.409475701039412,-4.39330494897175,66.58662639252297,4955.843130684882,0.14769791468149973
29.668922690572593,34.074925773434266,4.845063743981743,-7.3564068449225655,30.395311757643228,1158.358506917217,-0.030088131555959557
21.09152710699208,34.51650820144847,-6.602379878985294,-1.202887205723302,65.25048353117522,4713.658870675628,-0.18572171927903489
24.888969971307603,34.35168695018916,-6.100496001994216,2.879131588952271,47.85123344800807,3248.2332449618425,0.2557764437726786
22.48445366749373,34.493702909117204,7.808190344386571,-2.3809630995305,45.9822381932933,3038.6839743942955,0.31455458180057705
29.613805606900367,34.124148402629466,4.999555969041417,-8.90869183434602,29.494799194377798,2563.442555082543,0.08965206639637974
23.00810156924648,34.2195575359488,8.16456977400646,1.9892227931743314,51.580340269524584,1153.3490585887935,0.29034463303728114
30.25468091785179,33.98175077185055,5.174306423278415,8.048065522213495,25.673178414672428,882.6401600275414,-0.1355564501701062
28.20398464957514,34.05806263250978,1.9431061198060373,-2.335692681054966,28.664869783663043,1102.4310453508767,0.02970326328273003
27.31741670899897,34.29377338212032,3.082654740557473,-5.673344447383459,41.642896007067115,932.1913107212725,-0.0778876944845351
19.758128961236075,34.42971650006466,7.782558478800198,-1.1484530813436926,79.84787065677646,3897.9223678337667,-0.11853583966065914
20.311552416673035,34.59078793813056,1.576135090238811,-9.032745779024383,68.68201034371431,1750.6262958336504,-0.21025597776507793
19.916920837315658,34.580276414130566,2.647826486567748,6.409751689605496,77.20041922547857,289.21338281698183,-0.13505805709207305
26.66356560242246,34.247475547039485,-6.870465679927989,6.526816219003734,34.60341788760021,4845.513150704057,0.23705089242518526
24.071025327465552,34.21257335104482,-0.5215755976779448,1.7600092685925688,43.969701488149255,4418.929424817128,-0.2800492249753503
30.507957491832514,33.92604156638501,4.327942239161979,-2.937942221232211,19.551475889069184,4638.761415976065,-0.03154163144966206
19.746490771569277,34.56416704665145,-4.581146033672692,5.9956672889156675,69.75028175247924,4974.5391132321765,0.2590181413419491
24.541964550386634,34.36629242773191,-5.954916389509302,1.093740495767344,56.6729201801748,869.4762460974365,-0.25288931505329915
27.86935884688718,34.20474618893122,-3.723463835511689,6.518646171000324,25.721336409326224,1981.2100945132938,-0.18389454357706947
22.632278092612534,34.3053309027138,-5.169987440143331,2.6291758516604133,56.36552943081107,3791.1923785204567,0.32467862081994636
23.622591784095395,34.26545999907807,-5.701747259272083,5.688109464255946,59.12979547770463,3480.1030902689613,-0.2726521340363717
21.60449634961327,34.35174540870307,-1.5029831426382607,1.9712598643551988,70.17206818558945,769.4795316992753,-0.13813635492601595
25.348424036742,34.33423558331742,8.156770277670681,-1.7171786356866754,34.62055115530486,4079.165624953089,-0.37047639744253225
21.82329669169173,34.448923403539595,0.14119293477436656,9.15891719852275,57.61433559404731,1122.2028591833034,-0.21823510205333232
20.54753106534376,34.419058919524694,-6.24159238369354,0.8222764975768939,78.04869101391431,1119.0880741131155,0.13173589806860642
22.77364566261648,34.31588708814764,-8.460566612382518,2.101790370810768,56.86010523623562,2684.872114467068,0.2705965671558523
26.965937227960072,34.113408626617364,3.9231229027585037,-5.590247211705015,31.01193961977626,2964.6996742085157,0.34718921140875536
20.211645697767494,34.29745426502702,-2.344024711272244,2.5130157885455304,62.05139621638504,2900.431039189056,0.25246474910991384
22.898948575052934,34.282638252618426,6.436618931707187,1.4321529896588778,60.64374936041649,457.43418698877434,0.2712656333070752
23.306036146398416,34.26273289365612,3.1902153728154037,-6.303232041059501,60.34526077468259,4387.304313151902,-0.3959846129382784
19.909734314560517,34.42982289699918,5.92482901082737,-8.808258052937125,65.91241932294886,1328.0002129435304,0.2817984629194263
30.195382851021943,33.973340940465825,-4.561079211631025,2.087186394295422,22.886946970804644,647.5746064140209,0.0028997223021907242
22.5480714567464,34.2062276941102,3.847178449221163,5.273845387006411,54.93402787446839,4443.740399344886,0.23864954463366309
19.783593192605327,34.67756858296514,-4.718760306125624,0.4680274184401654,62.91890506832668,4778.257491148767,0.19120319148147533
26.43018906086093,34.343649903136686,8.78136958900583,-5.4645474936070855,49.916461450723546,4310.638086327253,-0.19544156202596064
20.411810800073624,34.39003574841479,2.7274856306674877,3.330439533860698,65.1821667106221,4047.58037362439,-0.17694243836104553
24.078055810995487,34.35371994461503,-3.5097639964931577,-8.397885467807955,58.73357309909448,3276.209903195109,-0.3073230063013319
28.01718002122332,34.129217162630624,-4.609762754154547,-1.1633259039609083,36.3536456244615,2754.2868530456967,-0.1116483991209764
22.319784703036245,34.50072630458434,-6.18146829856713,-6.732664832031596,63.153326401438974,434.9337995570507,0.2530769758972948
21.737314165315187,34.3510161972416,3.8928191778745553,-6.310818978802333,61.12956842717097,2042.2660653534936,0.2556645567072612
18.39956877882058,34.70086812176081,-5.625687740041454,-5.954121016835927,81.18439478794016,1863.4425850615698,-0.05101734954079473
28.145639313777032,33.958106232672385,1.906065318549782,-2.265858859120442,21.168698277353304,1298.7689188016311,0.06777023550174618
27.120869083495183,33.9655205558046,-4.707299461492854,-8.976995887592047,25.39217031849588,3617.1005684429247,-0.09429153493518516
24.07411543913018,34.405884283366575,3.2393788958773726,-2.0441311814180363,54.96885915212038,2479.378675393854,-0.2739037344373115
20.771059544887148,34.58523740161182,6.298794570810784,0.2341489422940164,59.72095696415905,405.23107953823967,-0.2456236978553402
25.683779071469935,34.453652691668715,5.560504862893064,-0.33411430067349634,45.42457637387246,1100.9160097490567,-0.21110305753094924
18.28330789389356,34.411519118186,5.217026618615634,-2.3443179919391888,70.82607798301034,3416.2938182979797,0.13503430776158354
24.89308131147745,34.282048450083174,-6.245551886154958,6.782932161415051,42.22144643687357,380.6542974515009,-0.31591703223408996
27.931586166189657,33.98156862171269,-8.232301060309625,-7.093466151589918,23.67131396693464,4256.0345702438435,0.013587119953202866
25.046520411554507,34.321958621726615,3.9789765697477115,0.1139348756274785,43.06775019890095,2475.732635069872,0.28576119482428575
26.24836039263822,34.016595522021724,-2.6330557241129737,-8.759171660868914,39.2979167218611,2402.93288663324,-0.17346879552580874
17.90395970190869,34.43986152169529,-1.353075471933053,-8.576886422441806,74.23933164340266,2962.038923297588,0.08259832020708183
18.846766181254964,34.47734927161388,-9.37701814413218,1.4773169935419261,79.85016188033957,4123.404829625746,0.04715959750936797
24.33395160449093,34.30575764957637,-4.808471014499016,1.3203684977564194,43.056226099722565,1739.0460395109653,-0.2961673714364391
31.608522487185205,33.9391936662753,-9.32647192251072,7.560670256889139,20.962077190645807,3390.0807627953177,0.0007203375785983139
24.011572699951902,34.30485146261122,7.583715452024954,1.157473513201463,53.58924781727906,2828.6598199789555,-0.2697430921279648
25.763676699699637,34.36088086857283,-5.132066335629391,9.195820408097003,40.81748405167602,1335.1413508471067,-0.24233637565353028
19.663767985320845,34.61569341729909,1.146743391460161,-9.026103032001405,72.1848414648318,4393.14993177579,-0.05555391384478511
26.747181792981117,34.29335596474196,-9.220413586777392,-8.039846304385179,35.717259325882196,3987.1301080346407,0.15360437327840137
30.09829220617615,34.04479749082017,3.3369478261131604,-9.118682768592372,21.21939169716137,3292.2591732921273,-0.02598513874797799
18.869383430529652,34.41653582746599,-3.5394530849181223,-6.2944629933292,75.57570034636908,4252.90864547121,-0.18262523754588403
24.836066006013663,34.4019618942699,7.958383739153316,0.8254022188335615,49.008359942344946,4336.471004799012,-0.256268802142898
21.40892354752395,34.42940343959939,7.762363778680715,2.911443628548561,72.1655136588073,3541.814883575174,0.2638639105134184
24.23397036211239,34.40356758116819,-3.494187632765044,-9.088296841026624,56.80107232974442,4185.06664181836,-0.3157440898241387
21.884363628776107,34.58349957514604,8.019217913809356,8.919417796911986,64.6617086336958,3487.357308346418,-0.2662744409079375
29.402618790697797,34.05832548873997,9.923153469975578,6.843307533007621,20.059380493599722,3400.703858801502,0.054366765662734406
17.157143769406115,34.43316466361625,6.508313282478962,-4.067750356858138,81.64092299928573,3093.0568910759216,0.09299619626128135
23.642551947843682,34.21771245753522,6.897426955104578,-8.45624939547064,60.452777093096024,3763.5831977882062,-0.2781079829850236
26.834033386150047,34.338837103575564,-5.019825277818201,-6.602258535618855,39.99309695679256,793.0255264653686,0.1980773526656407
22.499394946839057,34.29703126983018,1.5340479771551259,-7.4611117249005465,46.5217073160929,4404.3537959946425,0.3339362289460258
22.859229561276234,34.32279230070334,-8.654881720652643,-7.534324414021063,57.0188980673469,4359.21763872616,-0.3464551049797565
24.623821822302624,34.349742059950586,-8.101641263566606,0.3712337733146782,46.78405601365516,146.23641517279572,0.23722933808370686
26.03907135738427,34.22829252694493,9.977852240665811,-5.083051150131994,25.002676343619434,4129.0837528238135,-0.23114045911466938
26.190641308061924,34.18664697795084,-3.4672150114817812,-2.837205669417111,40.11380805698164,644.349337367226,0.184624547049102
26.456408076355988,34.13936881579102,4.963678240976927,9.790106667686448,33.34692436153775,1675.5942712957094,0.20437296455544823
28.048913658853674,34.01166277631647,6.133301060536329,3.6862849785068956,23.84029567745022,3717.541281458039,-0.00814799529081732
19.387657004332706,34.577442158463846,7.1604654201445825,8.979613340940027,70.82512924631608,803.799480241541,-0.14147313606680434
22.515482439288135,34.457719947813864,9.95256594804313,-7.148868899337688,61.18879786960389,4089.835120595311,0.3276795083388696
24.65282573353689,34.18933392197214,-5.170070294862644,-2.3572105033486146,45.05365128908689,4160.670889788709,-0.36128977001767554
21.19814654200063,34.48438901881949,-9.192983462806005,1.0946360656470855,55.440346899168276,2537.338668804181,-0.23676870393935046
18.474583413687213,34.5381664186213,-1.7761696401082805,-8.46483876222524,77.67251200430874,31.9293585841679,-0.15353982828393578
28.404133765490073,34.02390531439245,-7.398386603421061,-9.916251127440843,29.609419794669428,1435.1906658745638,0.19846594727584493
25.58091786938771,34.137180164320405,-9.551482216758897,3.40868667593835,45.0017758255114,3084.634591878711,0.25907046469213096
18.026443031776054,34.4822205216556,-2.791463457170278,2.836390336028707,81.08629794872252,4905.930890137118,-0.07019822587213785
29.745253638829745,33.98727066829876,5.674765021504729,-1.7842238000077657,16.77397348569074,3159.067635083342,0.012493527546349976
22.03933265846279,34.4515774975961,1.3236138245014182,-0.20711847935934813,58.2504175571226,1299.017905320799,-0.23865402648035527
26.91161755319323,34.09369783038829,-3.7444402157929186,-1.6911399881582074,34.74091762356374,3170.0285154980565,0.16751971293398787
22.491542321242708,34.409607861295825,3.0868401098543945,-9.519899103102222,63.11631751080675,2699.9268985792773,-0.24787172043868383
25.09004750626424,34.163456351160214,-5.359636393823786,-3.292567875650752,44.74896513930261,3899.226975755718,0.32835710842103444
28.086387920650033,34.10988668031221,-9.712371078558299,-6.458354892054203,42.782676827911125,534.903194134792,-0.1527247610277799
18.61648339115594,34.37307186528555,5.287067728728548,-8.031516217972625,71.29026873654888,3805.13951251014,0.26561460418534033
22.20282985410669,34.412921044109154,2.4748616972801827,9.134408677786997,61.75090272188982,2706.3328933805515,-0.27335518069528464
26.309187357682404,34.17134984075919,5.246052490019199,1.9871945008433123,38.97493984453032,4814.960019294973,-0.19678637420231365
20.454122437871597,34.51786056891486,-9.221239666246689,4.573125684732053,64.86727853695794,1709.3608301934305,-0.22514574368583476
19.791454253019843,34.53196043325981,6.742392556613044,-3.6927251346776497,74.9629437031378,3163.1094656697405,0.22943289990509985
20.8580437062077,34.33296801156197,2.3905240007260673,-2.137057410119696,57.199169363534786,4660.140527550087,0.2303694668104794
25.166825382297908,34.398889871146174,1.2679070142528026,-5.26152012206553,43.778592578449555,512.5486399533963,-0.3172918267255464
25.29903959320289,34.21301115926321,2.492280962290632,-8.060686580691506,33.859070916205525,4686.142436182256,0.31104460970510295
21.776651803853543,34.40050599195921,7.288664937367283,-6.419367251168325,62.81820198401377,3439.428611504067,0.2589870761611938
29.504222835270888,34.06532273858084,1.7387301311781407,5.950280905929716,35.1771642548451,339.18529552585954,0.02691850722528555
28.811958171308756,33.98380494930499,1.619007597763586,3.550916103675517,23.035823310033418,1504.8178347340813,0.027247612980398742
24.52488144347611,34.33155748489433,9.813583141315316,0.9385775197095381,50.133616475995744,3540.860443226408,-0.2689763478615868
21.59401521374855,34.53583552222578,5.13460334137136,-0.4982025426646395,69.177928678858,336.7530073438585,-0.12371137972045967
20.14538578756685,34.301969340409435,-1.154123890977294,8.44868567312249,73.47528246744017,2910.8523008813663,0.21186252491779112
20.93505648934031,34.42662558486139,4.147940000658554,-8.545301044426632,63.41340118864679,1729.4152847647838,0.2679932797239819
25.882611200369684,34.13422705168756,-2.2153905661642304,-4.387983735241681,37.16401978646608,3104.5775888373855,0.14700708372105709
26.740501623623064,34.21878131131099,-5.42249075033002,-3.001242928585719,44.192413223068066,228.71016906256426,-0.2689180556987699
26.540568979493276,34.30027961105752,1.937037537755188,5.648516244255756,40.60032189617992,4357.684030761881,-0.2503085880103679
24.955494332842427,34.19397273318461,8.563641962279029,9.850292403239425,48.06258954742245,4867.444845886985,0.28736096182855336
19.952896103509833,34.426736127261314,8.582790400309253,-5.186589704856939,72.65846165714497,4844.389276428457,0.21064860042420758
19.381059085183445,34.413250298053484,-3.1618944378901936,7.486146682741612,52.93420944681789,3748.2591587146235,0.2536997038480913
23.685588551216632,34.255697896018695,0.5535493244338987,6.612455208635826,56.9744421005694,650.4312006531599,0.27599695054216145
24.940517970313532,34.13571932587392,-5.767282028602776,-5.506852047164667,33.77341912287741,3791.3159796451127,0.23276859968052976
19.765478766087142,34.57611226400474,9.912622189977668,-2.013348396015548,60.750039716311846,122.93458229400755,-0.18295889050814698
22.632034631406704,34.30066199355003,9.622358157358715,-1.8065426141496168,63.160567306271254,110.61775764498627,-0.3151859311729365
20.588217664048525,34.52104646574778,2.990178594148947,9.564413370531167,74.6947953490643,1618.0510957477063,0.1988670091893469
29.00437668400169,33.957524648589676,6.0882811935494665,-6.3821619724220335,32.08424458601233,2443.2159520233286,0.1716324235337926
19.040816560864528,34.53282973841582,4.3020032256739995,5.983159422095641,83.66072654201913,3852.037089038966,-0.06690629397516681
19.912198318124307,34.44528521853896,1.8631643807893639,-3.316145716537802,75.88480614601937,3416.476883032526,-0.20299624920226383
26.09780824528781,34.363688090221075,-8.933040060222046,4.617406915523208,46.19478456088694,2229.5135318837415,0.25310164145981545
18.083581450273698,34.56644586890927,-0.9047131489467795,-1.5997799140867421,87.59243258531072,1368.1333314083295,-0.07294952711533903
20.593651823343066,34.18690599095391,3.49572604334821,1.5671952623308005,64.41367128525962,4985.622500788556,-0.2045973980128158
28.07806992201445,33.85859165655378,3.5506322776736923,6.652235466522622,26.225222918498293,2130.9065111798645,0.028002109954723124
24.945906529791472,34.2336771958659,-2.5375476315523287,6.083311299677682,35.017594663637354,2256.9351216483774,0.23794845287904837
24.72395336965284,34.24373059698211,8.833839733160612,7.3284636707940045,37.00503869966232,818.1191059583459,0.3761743821384035
23.42045820165475,34.368422414410055,-6.65285935526438,-8.80765349310682,48.871449888151865,3974.047743749647,-0.3508521393624098
24.70844121193671,34.271372076197146,0.007188924311211764,3.841011060794896,56.31622014919337,3468.411128907443,0.21911451582658786
22.35566297887394,34.431527054754405,3.8176795310164557,-7.200252465564743,50.65068043822231,1103.848063943802,-0.2632712736072019
26.132963048044292,34.155561240135164,3.9427161178361843,-1.683628639631781,41.568060254810305,411.9052280792135,-0.36372423156988004
24.656904472920186,34.38528074174432,2.9727791353763102,0.9717683010937694,52.33639549436524,3402.4965103735653,0.286971788432725
26.590438005958756,34.01635799035402,-4.494235730962797,-1.9452103050633855,38.17396011752803,3272.556071405676,0.34187800093024023
21.359383607972553,34.32857330929921,-6.875868626267561,0.3922335160601502,70.38206446145512,1366.2976349910466,0.18241890486711693
26.690444306193246,34.00843133126723,2.718806536534217,9.930526175972382,35.80030026736894,4754.317811252052,0.14416982661075478
28.904769808330038,34.05448579393559,1.9860423227887551,-7.2956537257429055,29.170069676442804,755.2894589045012,0.044582912268410185
20.494117283649967,34.48296415687965,-6.412879794215181,3.509120906728512,65.04667493213866,2161.6740052130094,-0.14918154158513405
26.165489473078594,34.17015118555133,4.102782911411268,-2.0799806722876957,29.27399107676445,4718.079600837995,-0.15764804356158604
24.586137436770354,34.28794549407064,-0.8965601653268713,-7.339804021853425,45.11687042366652,2098.6365846306117,-0.3217009319866598
24.81213596175839,34.21445709486393,3.355211832063059,-6.825264732513809,50.53605880926791,3192.629738320428,-0.26565842843094384
18.170443439051922,34.54858858126161,6.7473415954030145,8.985462124912338,74.61475544770717,1987.9719898139713,0.1591797820265769
29.112696863308194,33.97853806353931,-6.605431428461537,7.592029934235242,29.36616814061947,1371.0760117433501,-0.09013129783914156
20.170377928560974,34.606778763725764,-9.617102640063266,8.140839208300438,60.01399930289442,4919.888239799141,0.20064417301838974
26.878598586737798,34.12700374390691,5.5820517279157364,9.83065551654773,35.32110725652807,2046.670031575215,0.09736234129449371
22.38654023819537,34.30488495234561,2.1939485030523187,-5.833692199829641,47.8537545548428,4470.496018395672,0.25309042088284295
30.115326434211596,34.16205854457064,3.9927913924424345,-2.8912132527187655,24.116730991071066,1149.773029455431,-0.016593640216474963
26.76052941485916,33.96806000819671,6.763099499772849,3.3843805984973336,29.640664919835608,1065.5235201254166,0.12061996477016784
29.383591212599356,33.896420056014165,6.05621869649001,-0.3239492027870554,13.610119244411681,155.6704144225568,-0.022856597553331737
21.812134746874214,34.256086382155495,9.218402938576492,-1.6322093324333302,55.02479607898535,3258.334126879425,-0.23414538419378353
24.769419912037705,34.26015540014386,0.7187015770423635,-2.8437750132881394,42.93347180342772,1842.6317186188057,0.3553998573921669
25.534094598987664,34.30623632803473,-0.23008734680189313,1.8756126388690433,47.90318905919321,4321.791249198185,-0.29885006689954896
19.100388144046534,34.64478838709404,-1.9622560021853985,1.5118685728016406,83.78433625834126,2366.049533457786,-0.03013915133012872
24.611337409540855,34.4317662868381,-6.92617914311591,-6.770843318715198,28.080813160631422,4840.967139573609,0.2477290161298281
23.88431202811148,34.16252393929146,1.4521446576404493,-0.5652032496312192,59.32184886689121,927.6275785156057,-0.2768466302468058
19.66521792802675,34.58942386013594,-4.459749513480425,1.0694355241969973,72.05436614451652,4343.115839778054,0.18884967629812488
18.484514839543504,34.489001235145885,8.42615024425951,1.4057387746278103,77.82812962256281,3882.9842639587087,0.12539845075794565
20.168956969901988,34.439195753375664,1.663816085541951,-5.797856141752964,70.84970996764227,3854.60922322026,0.28502064224923207
27.02476066413282,34.093832346868076,1.8568036101622027,4.8454278450457355,31.82110931065258,4223.916140584438,-0.28270120859417397
17.837479823131567,34.490575093084566,-2.9015067824597995,-9.496018103578606,76.54993633820281,3805.1199547149945,-0.095416636100354
19.87868783176825,34.68243475856561,-8.960212960445851,-2.903362889136747,67.4180982265096,3131.101608157077,0.15598808165847386
27.790441729519298,34.17040875472061,-9.365124692540228,5.604252970712672,33.99793789491527,656.2243884119379,-0.10333264339822508
18.476794748799914,34.56230538070814,-1.5332971169360494,1.2778584211080464,76.10513652860006,162.6308974562596,0.1639145627191247
18.324097241253863,34.6914455477558,-8.308692438055242,-4.776751349782796,85.14035067947538,4604.239239078434,0.10442662443126033
20.381636036991637,34.27235845003094,2.136939110802782,3.8990623868609546,62.0578305870101,3083.2515726036904,0.1850744990657342
25.183442585842364,34.11359081638341,7.619460112793149,1.3478188831214677,41.1240991170974,3982.6864548808817,-0.2409509613013429
27.710585035659275,33.92008595245822,7.658296330374444,5.924872189127743,26.219700604704833,2407.6117575627504,-0.15307751250740678
21.984626760456532,34.3514225518079,3.1809082026446482,4.7005037237964675,53.120702200743104,586.5409448119724,0.16083094297655753
26.262068325858852,34.23586344648294,-5.775363370541379,2.202158440724693,34.048679666219236,625.9289610127522,-0.26734362403078493
22.327298088478113,34.406894561769924,7.259936627177442,-0.2364464937837205,60.99650365272632,3427.826436144857,-0.3543739182653256
28.210589302426076,34.08309570605601,7.721868706264164,-7.336357486649532,29.359776611151688,2151.5294744973135,0.067041943577452
20.20401651168621,34.382280045886326,-6.066928300940826,-4.773339642292324,64.43261938913305,1002.6236335016836,0.10513622415407267
24.209270847927097,34.315551230271375,4.7485217154135455,-1.618010541658295,47.99876717137734,2457.9727337071845,0.3174063353121855
27.597994811845258,34.10803615593114,-4.269609021457541,1.9859857401277736,25.992035152306592,321.04468537567044,0.12827017310291272
19.560875793359845,34.55669363562168,6.052806247058594,0.27415710430609685,69.07278580743552,2909.857009571994,-0.2631419412469089
28.103871406531375,33.94873245428,9.944757998072053,-4.23630948080941,41.86197034517749,1344.9670221754884,0.23497448504822593
18.99293840880974,34.6192137060049,-9.399479893412144,-9.870712844205789,83.29065859183925,3987.7955031859406,-0.011716266160692906
21.751860555312568,34.31312265772441,7.947317315818637,-0.07521556198372181,61.84726493208795,1551.8097946178689,-0.23299335396867654
30.417632235439758,33.982263257581344,2.4526106719731615,-4.287480228755138,17.743597156571973,2276.100745409006,-0.007773628921375501
20.239620047799477,34.50628417617718,9.467652383296425,4.692166014210702,54.52569162470813,58.10269954050318,0.21243127270174642
24.500429269787876,34.29803170193064,-0.6998096494714474,-9.52107469459033,45.29646753429243,362.2344389727944,0.3228283210598242
25.171482673407034,34.151264891216385,6.947758611427474,1.696556226115817,42.58623772529369,1962.467782033424,0.3036930130438538
25.81788766741731,34.243608216402976,-8.752118628034456,8.82948475012131,39.36219244269719,2399.6941735856176,0.3480492917612774
26.535608243232367,34.015457087011924,-3.294418998434086,-6.51181465777001,36.20477701816785,3000.1027405965187,-0.2281159266218357
24.73824995161978,34.36271652647244,-8.6596692449758,-0.5670101849880922,45.15323810305463,1458.312893546516,-0.2682611813397893
23.008059083364465,34.35070498462459,9.506862669581409,-8.171560163657237,55.999058748381245,3474.909430632713,0.2659803503085098
23.25821386145265,34.48399106804055,6.339478145436736,2.513638245227053,53.96359445738439,4300.611985946023,0.29658260244836876
20.655588198200068,34.38783361358652,7.050948424919412,1.0106336119245114,64.89195158944608,3899.254944466749,0.2640927976624022
20.03336620156279,34.44353106422711,8.759304628677885,-1.8526895157433536,71.7985695546236,198.09412674178571,0.17952852612537026
28.881029920424172,33.93719219996934,-8.297930277604292,0.4275404294748242,15.909092476098303,2402.534736289145,-0.06978696196323012
27.96516011351286,34.08943694679395,-2.288048149733333,7.931493169380204,27.236617261195303,524.6508920908743,0.01930283760282633
23.00128340992838,34.28701109902728,-8.579302219119958,-6.074113953778659,55.30248081459171,1210.2250793126373,0.31106427695628913
26.887989946337342,34.24441626017484,-5.784137968999428,-9.548709765893054,38.08991980805605,4933.312966335732,0.20094903578946488
25.362448393084502,34.20411501294232,-5.412684459246552,7.233297693982021,47.777097387207185,712.4777145075661,0.21665575750492766
21.34132655933008,34.157354873334164,-0.6178557790484263,1.5423416477581302,56.66120098864963,2494.4407672567804,0.36757562582851155
20.35919225231723,34.410975003402434,-4.628756650927148,7.813169109236849,71.56632418767418,3090.7786715905954,0.24010502532443917
24.337205556395997,34.07649499034187,-7.980437863644778,1.938904468263452,40.87620200382482,3512.3248527205196,-0.25926336370550396
28.109751749482005,34.1526907292003,-6.650178218117846,6.203221799194051,31.86785881000453,2798.2434174345703,-0.26057425093029407
19.386722890486382,34.36818089862351,-7.054488728958182,-1.4065327328970412,70.52968484512623,48.85423709591829,-0.23561152033858535
29.125599503659743,34.18653367926687,9.461535958245967,4.997198625765375,23.674985882937566,1632.3065412199594,0.2009100342531046
19.619310286069126,34.5477616854086,5.185850138369473,8.26082933779712,76.22972567327356,2588.558216923557,-0.09802561848418986
28.453880153150195,34.02352277876518,9.35522930539124,1.4424592744441256,23.962087870882474,439.3324957241668,-0.089014138591991
28.070300806003964,34.11676277542785,-1.2051902698418289,-6.384296988752409,24.0767718785465,1753.1346560459037,0.1014099794814082
25.1572862241879,34.35254119085364,-4.432630366746868,-4.624047699396037,44.972362187411214,166.01554395683283,-0.32818931094356435
27.144542516597284,34.106990037505845,5.9658639441837344,-6.027108462051885,21.490746040793102,392.8924857751037,0.23056746666439482
18.813993712263752,34.486279670118215,-3.4749216391770643,-5.062859448085342,73.59634546860926,1984.6163810079804,-0.028037220828750806
18.51009445733561,34.37778521188973,-4.012332525893035,-3.871691012979273,75.98244185579983,663.5787702153018,-0.1306045287748102
20.832659812595693,34.318515697088074,-5.349880155843376,1.1026757350637695,59.511349239145986,2837.7042413077907,0.24882427416501668
24.86020097857074,34.10605000564169,-7.406420435515293,1.7598325892766553,31.638747326018663,3447.324845686329,-0.35407040693421743
21.23079970244091,34.458233130116966,-4.870738779664681,-1.470005055162778,71.08127768609734,4002.933495545414,-0.309812947210339
29.016915561620195,33.99217722395196,-2.893605030522246,2.308415596416708,18.338316965504024,1000.7512212240505,-0.02705437028730926
23.077682872102034,34.39278556092347,3.4798841629146082,-8.368501487772681,57.246512374466974,837.4129112953487,0.30639701061620994
23.736395731199266,34.27971643987672,-8.748703155610968,-8.2442352588368,56.23744850973724,522.8392016720013,-0.31361117911200875
27.989382401649948,34.14176445429751,-5.789861206693141,-6.563410792846831,31.515720549061015,3182.1512477181836,0.13443022026682838
19.83030338276098,34.61598178632717,6.180472805833528,0.3615499608068955,78.6348586637954,3532.3786324345056,-0.19649116019149468
18.967882342518696,34.57216445599317,-7.061561528324585,-5.720106426033729,67.83000930098467,157.9307241282102,-0.10567724833718867
29.647603268855555,34.031621803712916,-3.1470970695495692,-4.334311930148454,28.358326656227764,4681.061231218449,0.08249798139467299
27.939208625597782,33.98856770173861,7.293178437162801,-1.993743276540119,29.879126183427672,259.85641825736207,-0.02256279464792188
26.880204807841203,34.10159274212635,-6.901493777131147,6.237322480207595,33.13848713440156,2706.4816765053524,0.2138655226734248
25.01531676811385,34.186248275172,-8.345263287636202,-9.722757281742798,54.093286547041025,3545.302597254582,0.22397390702092126
19.12373425963327,34.51692180877675,-0.3092400983997834,2.9875764047324473,75.8520169625094,4354.845618730428,0.12985971836927893
28.05938947876934,34.09512700183587,-3.951609774429272,3.3775306208137064,23.399509942542725,3570.434660662139,0.06850119505952472
25.141871134742754,34.19026340534128,1.2681672896770824,5.97311560713273,42.546832440906584,4008.6404153489593,-0.3069389624473349
22.21292072329234,34.21924612678432,6.076097809669502,8.655058781206264,54.7507996648917,1697.2509627140303,0.25569857567080856
24.57988359381715,34.45181822779149,-7.257030236945137,-9.597243021014204,51.554171214350006,4074.125568732561,-0.3173316485517302
28.919909760749654,34.10523081426775,1.6139816910856997,-6.924325889735677,31.290873118084733,400.5742319233757,-0.22005267553000873
21.080321478171168,34.365158002337964,0.11017520779727796,7.723425881119862,61.842574372737175,4474.083280302638,-0.15563452746544768
18.21244545767652,34.52539421517737,-7.118424279736009,-0.8296287562596927,83.47961200453585,2737.961880768681,-0.10049012721866266
18.498380049082428,34.566266735896356,2.479969710579649,1.2918127786692697,67.20534982117263,4086.4888498124683,0.15579028890652702
22.85621472281006,34.57363535394438,-4.527191642784567,3.2605440744629473,65.48034548317298,2261.5914225915008,0.21585183904344318
25.533880604575494,34.12435780148655,-0.24331362911975063,3.581332089912747,49.15043041538167,3217.8884759826246,0.2459484678289322
28.828991874892857,34.206860538638466,-8.354553514458763,8.634808066330166,25.470814519211622,2632.013304680566,-0.2311805296069873
22.390046084108167,34.53199545861222,-0.8083188557275385,9.938988348233394,57.15061015172558,3657.9476087766593,-0.32775133023476305
20.828795729135447,34.34941011828724,-3.870730639143593,4.403149218618804,55.69903153704,408.1499101529479,-0.32371682365789695
22.939326872128042,34.27195716031646,6.447624223707088,-4.255575815896984,48.89624706880488,301.760419952819,-0.24941856676497348
27.577350247805963,33.95544107290997,-8.860425460052635,7.595048045886873,24.36702834380575,1235.5161700507322,0.05241218820051018
25.379339323005286,34.237168993132045,-1.6278545016334007,-9.015581709184769,49.64981338535417,797.7234005659417,0.2942568956661838
27.106140417244056,34.188577854626985,-0.8313715173712399,-5.3783829425100755,45.775228936725796,4358.917832961009,0.22692288700188556
26.19790323981173,34.3300443234731,4.500121525982374,7.947714349274296,53.38635142043664,1096.0699367902216,-0.3541172997571611
19.75771752994193,34.654856683897876,1.48575150180422,-4.876169711212901,71.77299354669178,4879.326279095657,0.1118280256928926
25.220744861329546,34.210666693572755,3.3442467438836214,-5.58697880756503,47.50152063476958,1684.4789588555343,0.32687527903134095
28.231489673603438,33.868492356591084,5.540985713035123,-7.237494137195055,18.105295340263325,910.5895784434964,0.03572424291499824
26.39356943698046,34.1319404175536,7.244059473163777,7.182235152938329,29.37713921564132,3948.4925357123957,0.22682772556536707
28.750464964201,34.12583367808352,-3.7224900655505895,0.001165183821733251,34.4722506741525,3293.5388775043807,-0.18165793594379856
24.279688349819303,34.32766458136712,0.7604541072780595,3.4978640610830958,58.35019537760226,2490.978582265695,-0.3236588582408745
26.62929978710299,34.140165460867586,6.802161568783998,-5.218672318499406,31.111534202449,2776.817754688156,-0.20163165022152005
24.121590533361534,34.32189054252364,9.789022619301129,5.160808420224329,47.97921195995983,3596.008891361319,0.2667438027266491
18.603992113080707,34.73427229447952,7.790386220875263,5.20011089924197,78.14075257963465,1142.2737066564937,-0.06591661375481728
21.812796860048838,34.49888624828795,-2.5706547475124637,-3.748039501833997,67.47208893326808,4981.669580283709,-0.23873227197896366
20.14005187637563,34.50745998707359,-6.096669655626991,-1.786347339794343,70.43166535778144,4873.9658107339155,-0.11520429230172254
19.412867537527557,34.50110565550764,-0.21214925186822597,-5.806194451395983,77.23284894404404,3251.6284317346845,-0.23197308187912027
22.14558828178617,34.40956746504544,4.832829036720845,9.531220466458088,60.28607334596629,997.7122546457257,0.1623784697169265
25.52346141681925,34.408063427439096,-0.14861858493404867,2.912051541168232,44.366681771211454,3401.1412121564567,0.3127283625856368
29.011236112468108,34.012661334142585,-0.3363827337266301,8.69087761431031,25.830561749539477,360.9920448958792,0.0055577783354301274
20.953271595554547,34.48061957276673,6.764608421636012,-3.932289127417336,68.29201207093452,153.26251102903032,-0.24527152318960624
28.68318494771657,33.96182959276617,-2.7719244186562726,5.637818259937795,18.824165533347276,1288.4144425560685,-0.02728647822461725
30.206435740570285,34.14173221080752,7.195893496232912,5.317172877694841,22.635338486702963,2313.1147836965815,-0.032813478274602494
21.201226526027536,34.588141481582454,-1.863903980965528,3.833113037330831,58.7739608147715,4341.3625270419025,-0.24281269856597537
28.64108221114714,34.12443932585757,-3.435337886433212,9.31277950533601,26.0877469420326,3635.84534883154,-0.21734948171355697
26.887990458796036,34.1300716091017,-0.9202017760060208,-2.128893277873689,30.88545155897967,3713.532605999905,-0.21590928016594557
27.662308833206346,34.14269840098008,5.248939173497369,-7.385653528204854,41.895247618789554,2127.4666722403767,0.17550983906281323
26.73061219843422,33.923681702162604,-7.479959442720114,3.4341771848812144,39.015835343823454,1729.6749627348145,0.2525593576917137
17.811491467998405,34.62015027470203,-6.071615682559653,4.586196009544123,73.08611723720885,1855.1938149230134,0.004399364241929576
27.32726245585009,34.163881504047815,9.028896513261838,1.5012114691762939,38.53125826737713,4938.247818680289,-0.21640156353115617
26.51702540139216,34.193866103923156,-6.4901674523728525,-5.863642137332075,33.43409243692831,200.5459570624124,0.13527257142180052
30.62964717072859,33.932617290887734,1.354546358621091,0.0891188333871078,26.24197421754373,4335.157480612243,0.025758336145143147
21.445304362467787,34.38934212152828,1.5862893332387564,-3.7562052686174123,64.62699190358914,2893.377042861967,0.31892032052311653
26.50768962945575,34.14932986429242,-0.20751075899510418,-1.4506694366662192,38.50672507425226,2193.0770959479523,0.24980202994356082
21.144371085942144,34.506640985909584,2.8949049715363717,2.9043715168932778,62.686453379279826,3626.2883020756826,-0.3152578070934114
19.22218415246843,34.47744151945918,-5.403465484047631,4.90429485381669,63.67736955160592,2433.344707123514,-0.11272634957416994
26.215026414167557,34.37916916605856,1.0532453555349637,-5.355506181973137,31.45647604020885,4367.116190408303,0.2594531811750803
19.32163343719297,34.61127266925156,-2.5565348950620574,-1.8934927870609322,70.8490177030101,4503.509320056292,-0.14014938960641848
29.28328771968127,33.97536243152859,3.23334519258378,-4.616768580167417,31.00778522663413,2108.604634367277,0.16674125656317645
18.790336804406717,34.51542166038475,-7.175529132537011,-6.027367722762618,81.49020396842036,1384.138986175258,0.1937465417139288
29.05009824670505,34.02540150123541,1.4175483367895243,5.667744399916767,40.21340207606863,2961.7516429668112,0.19035218297639298
25.580336294775964,33.91475784157017,-6.294592892333526,8.185053888739848,36.609864362421156,4561.816728083455,-0.18984870298285458
25.60573123650969,34.331892956142205,-4.427138737699272,-2.5953562863084656,39.698808587804656,1053.310945028333,0.20939580586944034
28.231046606846977,34.12041078563218,-5.6258039935283355,5.025578487475338,16.00436447025431,3114.832917817414,-0.012997783745256432
27.82319010486498,34.108060878969056,-6.343244402623657,7.939905787288222,22.76064571924209,3157.801100462603,0.020580853930373746
18.137973877533327,34.5462981365618,6.51421903121334,6.92248421060463,69.03685829364183,3665.565112076405,0.16385834077272587
27.59686243692882,33.998475077769825,-4.285848646782194,-6.343732229215481,30.56344547265151,657.838425636299,-0.25792758909370955
18.760172310043767,34.50506696263315,8.542475637288987,9.125837630267227,74.50214856594576,3579.124823410443,0.16299681832447624
20.575108911138557,34.57059884782568,9.398530506903818,-2.4664711914107507,66.28162414624201,4545.162603328205,0.182531528024407
23.251365383840326,34.2599286352746,1.4252093987419467,-3.2151867765232733,46.60856477340548,898.4155443512099,-0.22691088513679325
19.877164815542,34.26358950732472,-7.139977546685472,-8.751373454444394,75.41619517556782,1187.7166246193883,-0.13421558359824504
20.94488257397854,34.456355797568996,-2.509035132408375,-0.2765269179023395,62.542924706009764,4856.975470208198,-0.2648304021277653
18.381697986643378,34.563958053815384,5.954645266964281,-7.819727687181426,79.00961524236978,904.8847635474489,-0.0032582379107017057
19.317036347497684,34.50022478873436,-2.6521854260585904,-5.02920358145148,79.03725805803846,4271.925466847895,-0.11758952403736016
26.454088782664073,34.292459992451086,-8.259655633944226,-3.6611475646543727,37.3638898520307,2461.389282240174,0.3112093922442563
19.23723785682059,34.578334203070845,1.1356982185637587,6.176526469833682,58.805924571040876,1236.1553720158852,-0.19964673407303457
24.90693808804033,34.24310622417188,6.902417029920695,7.509773007917929,40.29290325534809,4353.7495063625565,-0.2807521028982337
21.58065823608957,34.53340351197201,5.918527742870047,-3.9506736507706064,66.8898354913274,2226.5262750133274,0.27076795155753014
17.82827772222261,34.42017669903568,-6.497537197392935,7.173962424891478,86.99910498280387,2574.086769648451,-0.11844512914320247
22.118812112273993,34.42782036055446,3.4552922882493338,7.144618747395821,51.58846993841021,1796.1668469988285,0.36976179647633356
25.03975773181237,34.324428106605616,-5.589914731287058,5.29301900769747,48.66092314337462,2964.754257174637,-0.2825516706736008
21.114629254316647,34.33424597824599,-5.635849308956555,-7.066097719696369,63.49366840150098,817.6193629251138,-0.36066664345388044
24.560043978119882,34.085797537568745,7.481435466103704,3.8064569380145805,43.078718072177395,1955.4076832588034,0.29439790801099147
26.515207378923787,34.0801372034883,-5.006620945195397,8.900481291611374,48.694858348671254,4847.061611676438,0.19221894062314593
21.800138079166924,34.386812271980936,-4.735053069639776,3.650809575343141,57.78178998127059,1290.6671635056377,0.22685492224501871
24.755415042893894,34.357427198914905,-9.986932184774009,-3.367663017843321,49.477223563939155,3283.6833227064612,0.2777195090655985
24.37650970224247,34.30272323809271,7.413380682510354,0.011586348616624775,58.75617750500899,1625.9503211234744,0.3310194215354245
25.712932280704578,34.175923661086316,5.851896264182695,2.914500867021072,51.58478291613996,3867.365628433003,-0.23369963430632296
23.1739835055613,34.32590917379488,2.5465787018135604,0.21140817457007088,59.19717051378774,654.3683035917492,-0.26613087472971736
22.87495112025476,34.41260093538445,5.005315278776845,-7.600941165380604,51.61402289442351,4849.105225392724,0.28235917525497245
23.247054538892403,34.36950602455841,-6.959028651510164,-3.758719106959587,54.86192587496272,2268.947706918196,0.28704742933922417
18.185391150626312,34.57068106786512,-0.8335281082484904,6.0479206110726516,80.20625174630634,1180.2523167323197,0.060157859514168764
27.462038803043637,34.09385823783619,-2.975612253024382,7.2283609219103475,28.76991739314177,367.4837366500633,-0.19030207436279512
27.062846331452818,34.28278433048131,-8.12446947485967,-7.253999345688595,38.465689154146276,848.7895254377037,-0.17943955768873898
24.122258169881263,34.256778380230074,-0.27739029570151885,9.047735047974491,51.32150360882145,2598.8697427800885,0.3218496496507034
26.5799502388758,34.322586580790386,8.414793006852708,-3.4235476430278133,40.98907713914879,1685.0158821564314,-0.1679030319713652
18.9590451444408,34.53795842061643,-9.19881761898611,3.246274774614399,71.54456500400288,4144.416829413048,0.22137250426094984
21.99206108664181,34.41405336401408,-4.170781730124123,5.036502919133623,68.63978147502226,2154.43761830903,0.2167076162646222
27.78578662333967,34.33529721694341,-5.849181275885931,6.238924692757667,28.263748097055366,1243.5713629381496,-0.08296435533340686
24.152440868175493,34.19548133236994,-5.237066926686074,8.914994044518604,41.23936579394528,3085.7249330201503,0.2518076497119943
23.648290967985915,34.27008287294492,8.168691037587507,-3.7416090394235475,56.854752393731836,3533.886084427229,0.3345123022099391
20.29987985067388,34.35300823348048,-0.638618915314197,7.1701290910310895,63.096474235375,835.2095395047493,-0.23258016627570532
20.951724619722807,34.5783096850691,-0.6740117412036248,-7.36626193127586,65.0375171083039,838.0960814415884,0.14806415877011703
29.04178808539871,34.1752217403026,5.211512849105645,4.100818127071854,17.651978223525397,183.35713466771486,0.02345497270535791
23.72117687283575,34.558741237469754,-6.910155919901484,4.839554590279718,66.04708639878308,3682.0100753282027,0.14397776787401975
24.224321569299082,34.33833535407786,-0.25469291799898386,3.554464824026409,30.915676806433112,3319.0226381090256,-0.3520940279984752
20.029308369487303,34.454865827415844,-1.400295717578805,-4.95370527729694,83.15153008784402,2373.1543787490696,0.19963260624950677
27.63700980157331,34.09643388777002,1.9382138109331226,7.460862940304068,38.57608259723068,4220.852244845985,-0.18094605455191623
18.727554968675406,34.41987784097424,9.991154065008772,-6.622830732592099,79.81567639301,4028.350764750266,-0.0800114076877777
20.19045198948031,34.690045725221296,5.388977881640942,-8.927304169583383,68.3713671672302,2926.7718219837607,0.1164191934747676
20.14496768046597,34.537353795671486,-2.042685939651456,4.349299812238243,70.47336915995226,4341.356402566294,-0.23169668177901495
25.99196737043205,34.16762794440456,6.551061045480939,-0.4904856953453258,44.28797563104691,1029.2060501838412,-0.24560693417389562
19.01365720881454,34.67288004935966,-6.585832733750396,6.98196039917352,77.23351397584688,559.5980969886393,0.15720220291009646
20.299973479846578,34.44345212464906,-9.390726273820798,-2.3320571788348214,76.85087996252396,1348.7480575849481,0.12641393130108486
28.908969976426413,34.12878766917021,-5.911032550714539,-6.634428229845744,29.260449981070582,285.43428044657423,0.1857937764329566
27.534166388729325,34.14094174117467,-3.191768877714807,6.728843849397393,34.83377335883928,2655.84764000516,0.23319178906649757
27.989767148783343,34.125733087614044,0.21161514919119817,0.9781926328014343,25.43017094433407,4683.028461474807,-0.1286980390888542
24.973547781228984,34.24178972004371,2.3025828108239956,-6.216084152192902,43.840165994468855,196.71770334254825,-0.29783187939617206
25.64757632990142,34.06050975644498,8.212114344288434,4.407679971728914,46.22910503994541,610.549570050134,-0.32702557140923993
25.055075953599502,34.214579784559454,0.19708019100915308,0.22227276979000976,43.669998340648924,2260.9951414171765,0.2525687159913853
24.231142640652294,34.40773584951275,0.02551289251458755,2.086259644806397,35.58300035920019,4669.375087639524,0.3551254878142911
22.571986344355782,34.34697321188562,-8.995139803540358,-0.7820332358683615,58.26898912975063,1580.7805248837526,0.32948836069882087
23.573487636810896,34.42505328351237,-9.301768946875523,6.574179676360128,55.72785810894034,2536.174043441962,0.36593119049180683
19.332793222853105,34.38599972777417,1.0231992383274413,6.591254313660997,68.96172385192767,207.86429525196047,-0.20583441023362914
31.241319803135415,34.004069555029915,-1.2364277350331108,4.187776436487724,18.726971170245793,741.7160048104444,0.057263414181863564
18.66434411352581,34.46847844247117,6.783607899605972,-7.891972452070755,78.71351239793275,4933.150614794235,-0.15004371876826103
28.986748693990698,34.134132742798954,-6.786408305763096,6.777077238081375,30.681098189462546,4825.5934821802275,0.16142482638093708
29.230219481271504,34.073312554578145,-9.500566757659008,3.4202596106581957,23.151951496076713,24.699904672048078,-0.10419238318146147
20.238587269640718,34.53425238694362,-1.0192246413974821,3.94048332008599,68.55976336661864,4759.058927116195,0.25375486224817345
27.10393521599625,34.28767302755329,-5.25042886495485,-2.740343191922568,33.03191482104413,3195.599689077502,-0.1602151126326058
19.826261516022207,34.52868143779901,-9.007712533223252,7.585591123140134,59.053867204742645,4339.59147260011,-0.2338624374066256
22.59349452861411,34.45572182496596,4.491965736952579,4.507432004697149,59.707412030709875,2273.6992781692957,-0.24144770304508986
23.735064250753275,34.21399153220983,-7.76814000085505,-7.748190669416111,55.69324316801046,2577.9801428962514,0.36444272100802433
26.685637354034633,34.14158306491282,2.1663900001554346,-1.8444393118767461,38.951792824831756,2444.2329012846008,0.18874257685743256
20.187598809005017,34.42534374845107,-4.379004996662217,7.7276072392028325,70.43070596575163,3334.321287730522,-0.27016909749399354
20.665698762274115,34.46466543699158,-6.5300789928995595,-9.05606596605242,73.53266220044029,698.2562737815646,-0.07350474608016996
24.70917661150077,34.20370954267592,-2.404969541613651,9.22833239284099,46.69718721066919,149.86794936338976,0.2567508820798465
19.14682600120242,34.41469183488475,6.028915524459073,3.5832513663912557,68.06103126018202,1539.6497079559547,-0.1560100592616409
22.09812929896446,34.19049821223503,-2.1581284619085466,2.6275195528675326,60.78281983821245,3523.4038136832337,0.3385308905679566
24.108616858028117,34.18067636775502,5.015392984221114,-4.5888148702401725,48.75111488491796,1009.2672606147418,0.2530614433779397
21.408805861759046,34.521719408422136,-7.490274064016987,-5.024164225216459,74.0096029720399,3367.1621666245865,-0.2270605374941337
19.582989465072824,34.36337703855502,5.455428393301583,8.841164389771908,75.7640411671502,4849.560230536352,-0.16901684007535536
18.98594354491611,34.58553571784857,-5.261333501867027,-4.034550915317546,81.93826865614636,469.5035789470919,-0.023671170617374795
27.150075165065108,34.34090188752375,3.5478625977774563,5.510105934379988,36.84474554697348,3363.0105911256314,-0.2198453626700463
26.107784289219808,34.25753507904495,1.3156310968199278,-2.137564035858417,40.873693543555234,2218.7510965228557,-0.19790860870537963
22.488046618449758,34.539713631621055,8.582894344233747,-7.21491858430592,57.403341774655004,4340.711271887527,0.2725661626040335
19.89323636623599,34.5758110805539,-2.25354964049372,-9.785694046092821,69.26045602992446,885.7489472369296,0.055501214915510425
18.18536540018205,34.69995225888609,-8.676696223311192,0.8851467403050162,77.5047928390257,3463.1297611308228,0.1468122428903914
24.873413910466223,34.23165734926395,-9.616890288974941,9.515576370978653,46.68086900704075,4190.576448240551,0.30479403924109977
27.847442366967467,34.084054470660696,6.537171219455061,-2.617276123815911,31.472958361418197,4723.071097370116,-0.1312692735837825
20.73914908449471,34.22588511934785,0.4947127532286437,-2.8561533201391036,69.25732064258216,3416.240141448229,-0.1927847417611725
22.980748599923118,34.45119084651715,5.504881036698986,-3.1181676430111587,49.295530306292605,2485.8738200421367,0.254728347727146
27.73442404811549,34.22411749766495,-5.311487999769707,0.41087674609716807,25.468702320101407,3089.236201006069,0.11644828941366003
27.690458137637194,34.03561586436891,-3.098325089735326,-1.1867023315141285,19.625285555593916,4344.524922393591,-0.14253856144192484
20.404487510259713,34.462230091473955,-9.397922555773622,7.598292534540288,69.828994748233,2853.0487331941486,0.13517143220070216
21.105368946173513,34.39117680986352,9.229846491482242,0.11041583446980496,66.66232950007296,151.9352984841843,-0.14354391333941502
28.085745379172263,34.04711522999872,3.357358134016268,0.15515676377137666,16.799544329755946,4654.743477534889,-0.04438399181574414
18.265996913128657,34.69886888080942,8.664101755186124,-7.232568105588868,81.93379097007174,3447.633755157806,-0.15446752481056916
29.37432678811758,33.86333003221894,-4.690071851418553,9.654790818207719,28.448573648837638,3382.5669288862327,0.01032929637318316
19.129243211311657,34.573379922246026,2.229272224513217,-5.000542182623406,65.20580759633465,1078.375761988586,-0.16359224550754692
21.884649061646428,34.4297513233064,3.5699993658527553,-8.532718650807947,61.9282261550003,3294.427351163286,-0.2566640381852181
21.158053982051214,34.47030794306414,-3.649005994848231,3.2629249795041755,62.05113863781092,1969.3220282707923,-0.313008854829801
27.467106275679193,34.2249517627067,6.962184700312601,1.9073274031374527,33.2057207483833,3256.1648852074604,0.3211589212887617
23.922154481349654,34.27643361124123,8.943229258004955,-1.697086920145086,53.67275972150954,532.9651515399536,0.23418666383994932
28.74913163167371,34.08968383277602,7.697102353920087,-1.556155322386438,29.035121117795143,3289.22652301518,0.1468061021025216
20.215911952233007,34.53321954141399,4.781339518787451,5.701278420928624,74.13813161039198,4997.0686288533325,0.15371202991778854
28.046248667987026,34.24718692475038,-4.450706405500919,-6.085747198007018,24.996218635121746,241.06019430278013,-0.1835761716261834
23.98337679602167,34.299021492474516,-4.367679157887365,6.405066378897793,48.891639797222844,4885.870921106586,-0.2908754038725069
20.95068006141905,34.46437730760109,9.267206408920757,2.9749422779003627,58.03560340846787,2034.539803614353,0.15540230992646353
23.090168360107025,34.204589821667426,-9.79431008128616,-1.6206045244095115,53.468162528997325,4353.767251686296,-0.3393351618081683
19.27406268148639,34.51800907300742,4.32099946484289,-0.839427668322628,76.97358942266432,3911.9274202913675,0.11570582987654306
18.84079023656722,34.67528154640614,4.124923251105244,-4.867055856278084,85.34475601641529,2835.081304933339,-0.10322209396584306
18.051794019796073,34.56762424936156,2.453790818995948,5.042286653939495,69.84135720932113,3692.2460462566323,0.10519826721548836
19.09010869794737,34.61416125261822,9.802176921737317,0.2574948461053559,59.72324978682674,4392.57780650674,-0.08289087675883194
18.996623405521383,34.64602291647045,-3.762411284725495,-3.5829091450031285,67.85642136753701,2020.701608255165,0.26222832946053987
30.488729386570316,34.13710193782444,-3.200562724135036,1.9210023152190043,32.32668899791025,1635.1658078161934,-0.011676224703743902
17.758945500595438,34.600873589113135,-8.42121194106889,9.91468904102646,85.35050729901322,3337.9669278179235,0.1646635095811023
19.81580870552517,34.46034520529795,-1.144037269125251,-1.2947544068689236,72.19270930812527,4039.229709706293,-0.1271287539676025
28.459777403177853,33.80927018167599,-4.779029475303038,8.413828015572392,24.004333199998253,3811.4256738830786,0.09517390742182827
19.653561205152354,34.54632455049563,-3.1322659564471156,-3.099663201508678,80.35191725747843,3989.0682442931725,0.1504904583782662
27.175646586798525,33.99511616342249,6.691435805112555,-8.905345861500283,17.904010301895514,2177.916574064665,0.15971354810028623
26.881144410892972,34.19431498520185,8.709690270549913,-5.915157872631422,37.909625423012606,4089.171080875108,0.1382769196663175
25.217376458371028,34.219507904084075,-6.285338559896287,-1.626097133446315,46.0171934739872,601.0452768530422,0.26548504250487803
28.54607644435321,34.02251221633499,-2.549821368930683,-5.60730142810862,30.756121765361613,2722.4454898042477,-0.19973686478193517
28.319587314490985,33.97512980305016,8.572611242307882,-9.99545923563489,49.105269804642994,28.793302490607854,0.21746907989111156
27.266592946760976,34.007180391392716,-8.763830786215546,8.300030754950544,32.079797266665864,1622.9291495013515,0.1636444748589716
20.98964469000479,34.52905471666924,-8.15278943777243,6.877588224618581,65.59414313038118,1832.3076743569893,0.1991389321379048
19.375715359159855,34.717055106703526,-6.744180215875413,4.8458446297389415,74.41856279806508,1980.863458046277,-0.15348347192815304
25.752331952241942,34.25309163411476,1.9042566825374951,-6.643708087079427,37.439037724486774,3477.336033449311,-0.3926551331970814
18.656373114340585,34.57327488824929,-6.990554579880051,-7.592728475800278,70.57581243374176,1942.7905063517287,0.14622063783489375
20.047294067319,34.56356435636438,9.36152762901467,-8.647905010552337,64.78524187634444,2243.468113112653,0.2879806311755575
29.812617992839026,33.97212250303712,-1.0657094548295927,4.480583775458424,22.700747676041487,1187.7206543716372,-0.10843040888714012
27.457074699427206,34.18084052169039,0.03035920700332717,8.576159213757705,35.17768609635302,1866.2589581467005,0.21999777343557614
23.421198514205777,34.193093569789426,-5.06682768389187,-1.3892835817392601,42.602158380353075,1136.3481363157573,-0.37015568959995904
22.083463821799658,34.46073705218058,-0.5807949513053305,-7.617186560079037,63.030614169771,365.9796188422182,-0.2636979973262047
29.437867841638024,34.0587022188672,3.23827265274023,0.24785641464213093,24.357226731793126,3017.2429669068897,-0.08449655485554929
27.15066484986254,34.20582250776688,5.023542739080856,-3.0233618508273974,37.551231031180585,3341.0639927750813,-0.2693208899188594
27.448868793024705,34.02212747447919,5.07736165419826,-2.503501513000046,28.399259839540065,3097.4517300480725,0.10631908611198412
17.534226495306083,34.5774216716031,1.557822253881767,2.4266124831141447,71.44779698349672,2317.4702190028615,-0.19104880198493887
19.03310316460163,34.7777450613225,8.087195499877144,4.374362265244047,81.05286824327814,1898.9289008961491,0.10640786051199254
17.35468558053435,34.4826617238327,6.348156946122188,-7.787928022536783,74.00963825899784,4316.6682478591265,0.0011272696000275972
23.63024782502819,34.203818156058944,5.140962293972509,-9.288195383870473,40.488823236993134,2595.4089256810903,0.2585399647402587
26.867826467753797,34.06647638702975,-8.887889566390788,9.886606053714296,22.812933817411125,2395.9093881486547,0.06239311836670423
26.079847479030057,34.307207481655986,-9.862440755607015,-5.345433021688963,36.127331428274594,128.21032903217844,-0.3278959914086942
22.571813487357204,34.320599395119395,-5.751054456090541,-8.923389501830819,53.55911306622636,1706.2391381307818,0.37535213800602657
25.385926754137095,33.938374378050376,3.2704718782690456,-6.2024934180816,39.78663633874221,1900.9780939292853,0.22581931525358934
23.0140260346476,34.54077862220253,-1.7760502223490846,-9.220843073030716,64.85791318217669,1994.1139044845024,-0.30314734118912634
20.647607318566237,34.56916323335103,-1.951874814013765,-2.1637821076565666,70.62406878427072,2900.8618461366614,0.13879483039148774
23.552146204021476,34.21274993845914,7.6917377645922755,6.048035689026484,59.67241870761801,2668.012733634392,0.370222432301972
18.090613703260225,34.47900301677235,7.911256962636774,-3.175111004845588,78.23047940587074,3039.525463967223,0.1561847401015724
24.555091299516192,34.427681653018766,8.183505281071714,-1.11633186243267,46.39948206460621,3824.4163077106414,0.24616831735402903
25.984664597582633,34.28087787696874,-3.722438469699454,3.511735471348775,35.56214776193923,4064.9286935804676,0.24406403981659724
27.85432700549048,34.19197235871915,3.8211162547852346,0.17788140139760422,29.294726880463255,3590.615381132472,-0.13129622069468605
19.41562371649034,34.50166293662883,-4.567336374512607,7.228913720426483,73.25422974947973,4777.618479774674,0.16844498261462074
21.715757561800658,34.44757540928174,-6.187803338511005,7.320713500915129,61.013873451991095,91.16291338180815,0.22596199608200257
19.121699187462063,34.53264501535996,-6.307350853052616,-9.801786090176927,62.37967379587513,978.8899284177305,-0.15785227331688662
19.13153309855798,34.68118360893018,-3.1578475827281194,5.560926129663983,76.16456724939825,37.8143748907106,-0.07170885884386813
27.597872911584307,34.060659719096826,-1.400847604403566,-0.7853279951665222,41.93813665513375,3237.373570773015,-0.22981081933277736
24.270663003142523,34.29208403144978,6.618983421101369,9.776810826073262,61.89747670502791,4490.152744749935,0.37809353524900713
18.053135572212433,34.68575881386154,-7.602178130545758,-0.33535848249129785,83.30012294074919,1217.4114828814963,0.0013998811166124753
20.85718722595157,34.415063585124614,4.698516947897884,9.737918907765952,68.1306266766077,4635.172723981534,-0.182532999355846
27.937729723801883,34.250803593967944,0.6290982837861065,5.091387224114731,31.738973797063405,301.33695144780427,0.1550041433002004
26.49955653743288,34.07577975134472,-4.24109314648015,-5.027902307733873,35.2796757413054,4672.1801340275715,-0.18165274277898857
19.907623067198752,34.55841944134364,-0.14360830934350766,0.7678995857391531,73.30146826058063,1758.1134361981722,0.13662744962943504
21.562571413586802,34.318301409278455,-4.0011586044595475,9.842712789571657,59.47390649614979,507.1041422460826,0.23431992462139054
21.4276499926335,34.40673071379572,1.92163910476612,7.150612155038473,63.67830031419225,2429.3587959316283,0.3121378342930713
28.87158325815839,33.88971351454616,-1.323121542895116,-8.052662124175578,29.776243010447647,1283.8828386025398,-0.191398697715926
28.530401994881277,34.053453255099306,-6.711889418422425,4.127439936199922,29.524428341075183,1424.3645098096142,-0.18273611580431834
24.43557213975176,34.128286127190336,-7.668338508886066,-3.088408282583739,44.940205044058196,1536.4498246314329,-0.3395347202483047
18.83967846351794,34.601741727338016,0.9339136414426026,-9.860354762393037,73.23758019617173,4015.129489163317,-0.20116797493887453
22.578944503977546,34.509325785482034,8.048260665722069,-1.9303806194600082,66.77271889525197,2695.8063833762726,0.23384421927128102
21.80543990834874,34.20245493790766,-3.1208462688462895,-5.304911565500574,50.328847014941594,1556.5384957800181,0.30529619639901445
18.03522870035926,34.73304978249341,4.660002144452465,6.377385410409431,68.48521602864948,3051.6689165545918,0.07797204375169836
18.602560831514456,34.84570571713067,3.173227098795339,-3.25338782308469,76.84373620141072,3580.7533711159676,0.06036392534370912
27.364570977203282,34.07111868539679,8.63109828618962,6.550473879076343,20.5482425427445,1363.120003667669,0.06466304954018201
23.92851043679249,34.25867347219415,6.419620345982818,-9.988041223304094,49.7377888334247,2067.7455076267574,0.3181718593521398
18.48153634243737,34.81615193495922,1.3321051781092592,-3.843616999477617,72.632985991804,609.4304666847378,0.14288150834616564
22.266688848409327,34.28768001898265,3.1406099646821453,-5.176695713844762,59.69144483617431,905.7467476734016,0.306085462791187
23.166233632301562,34.305192924595076,7.967729331680697,-5.328652778627781,57.580565463170004,3405.589269824914,-0.26070142482006126
29.36727447292133,34.07730926489108,-2.009624308261304,-8.636267604690746,27.56842758580038,907.1917384781348,-0.08619607230257267
21.98449241667165,34.579523463863445,-3.4641058828444526,-6.257514591789965,66.00324197987474,2625.8169183353007,-0.28291453706728215
19.791924566296906,34.58083513022314,-9.783778327296073,1.1109913977123966,77.59715899126368,3545.2313086121635,0.08893687589847929
27.65286209176936,34.07754617176221,6.531021483829285,-4.17277854324511,27.046790545201755,534.3846154737192,0.1509580022201952
23.302386577739345,34.23051019635705,6.019614008067297,-1.652104353417041,57.75842227668582,2836.561098144518,-0.31527015286018867
25.41804791319156,34.17185863926241,-7.910909637996973,-2.4626623930562292,40.225260696025515,1282.8139185068187,0.27062373613041785
28.341749981664183,34.04106115245496,1.537147622654004,7.51809849999789,37.52779194115356,4814.634376187899,0.23102874051359343
26.03630905665406,34.17498727033906,-0.7203660366622522,8.10597998021031,31.66118767085836,2417.7282335996238,-0.2281426238633549
19.8957293539351,34.4073112713744,-7.625818089817771,-0.14086056688279847,58.604295105964205,4029.9627488757906,-0.21913791394926105
26.414538453799075,34.056484055382384,9.61136454121447,-3.396880993687912,44.678231761261095,2751.132710781309,0.26426835435814566
28.875705735759766,34.14988381992204,-5.706082250732891,-7.863985919952727,24.31897173894278,217.06266427409582,0.010668213618484322
22.704307800371755,34.27701481773986,-8.655316398188777,9.0680575876419,48.167949236489164,3165.756877970112,0.2531330784363632
28.361192563576346,33.89738252083686,1.8969475900381916,-8.79546110199405,18.071304727065737,4757.016711033285,-0.0515660644381868
21.16131612078662,34.40579188693349,4.777333542660653,-4.046994448634392,67.88895396029866,3008.059100731656,0.22220083651331526
28.688063850295155,34.06912536312615,-9.35113107905626,-4.038675976599917,20.281761188601628,4095.944297133951,0.11558647156186239
28.73196206527929,33.898478893284555,3.174352774540443,-3.5919742771957015,35.52592135052617,4421.032316742039,0.07211513638031122
21.721358531639307,34.485149089902585,0.6458375190290884,-6.714263134551814,60.695328645762054,1140.3988597446623,0.21965039988521357
28.105107128030163,34.0111048036761,-7.934699822499032,5.663228618473944,34.77401568255427,1060.2241995411332,-0.14086040892342316
21.063667707172833,34.61028460677831,-6.549522461072758,-7.550042760680215,62.27508020717819,3054.9049442549585,-0.21723474713014201
18.532227690416356,34.61785683963166,1.3594859463216107,2.6981331830632556,79.56201599781105,2055.1423490335237,-0.14671867331415528
24.284831838965292,34.26617470779741,-4.0728477297342325,-7.523079465883651,47.895900670263316,4199.306514333602,0.3496133261099346
28.130626897859706,34.06985468459243,8.766314573026321,-8.589287248140868,33.62318163205428,4500.115616990056,0.25460146509291404
25.203136925205193,34.23439895096271,6.374804589681016,8.188590073717531,44.69416804888544,1767.1068965135905,0.22569620347489444
22.73583519284553,34.40572208034764,9.671344130273262,-6.1974246736258864,49.43336334002335,1184.3527948724102,-0.33775926581645355
20.47862261321404,34.43380481643736,-4.806583220991721,6.425003091194085,67.33954465668826,3902.627576219309,-0.1861722216464067
17.192907764499385,34.560830520484856,9.39447265595954,0.8926174221427168,75.68857228749624,1374.0301777406805,-0.07540308405983319
26.947117148993147,34.18513195851387,-1.3753226041688436,-8.442869607824608,36.78649336650827,4113.071592568392,-0.34532809299280687
28.30435833440045,34.04751533110186,-3.0496240937249075,9.10896382876135,25.818375549513405,2118.691268243814,0.08412962219467192
27.875747902478906,34.094986553196016,-8.993009460612935,-5.0607766601621496,20.119046294055572,3337.7494964573525,-0.19319596028443314
28.39647057148785,33.86645084968103,-8.944694842807948,7.19290690705213,26.54787054415167,477.6765691733409,-0.1680758934425048
21.425739128863437,34.58236305647773,3.8402251189330947,-6.623799884308717,80.56212044731438,3119.296623382865,0.17638538776078752
25.97083641289135,34.21197321760422,-0.8414201113194419,7.0788576428370575,42.13236539669408,2258.8383936861455,-0.23531730758073524
30.428467649930305,33.939441802588426,-5.469567479277886,-9.73542374189412,21.58243680050532,2933.0423158773706,0.09826425260169773
23.16133337822093,34.530257113424895,2.2794061265046537,0.23560913138961403,52.72390738289584,840.0710387243171,0.2829020600402422
27.030346163967014,34.13285030925372,-4.942837634997776,5.388851588431136,32.52719558550781,3684.3687247209104,-0.12086489825191801
27.543943440385245,34.04288968307593,1.5526350868884524,8.695910349855666,37.38599960322087,4313.985387716143,0.272061659536313
21.63097988502531,34.52051019264314,-2.815825060346193,8.184042724129739,57.5795809730652,1083.6990004538782,0.31874119849349875
19.49708323963013,34.5792295700401,6.47104453223638,6.392497390952897,79.5140833122614,478.57277760080865,0.14323126575006837
21.59478627994187,34.462969821433575,6.413923215335586,7.763826993226083,65.92808886572166,118.19293023168198,-0.354428087882953
19.731582530750668,34.46932958972863,-0.45299203755197404,-6.01560628325847,74.781443647919,3209.85750221633,0.18796673881073794
31.721488628205268,34.05451002068236,-2.983617813299688,-4.316314085765425,23.138423524504056,3035.4701804439037,0.038234613284966724
25.14527063533194,34.263930905019144,-2.7488040688181092,-4.22062950157883,49.10875669259495,2733.48706357035,-0.30188650279418916
29.59751966570668,34.10463123767867,6.1142905133643595,-2.4589213799660232,28.26801543124274,1159.735480579877,0.01440832007037017
18.568657519711262,34.38554464494151,-3.4364103440477596,-2.1335865922962256,80.56297970296413,1954.5299795275735,0.12052084079676531
30.628560016306206,33.965470940910635,-5.81881252586308,0.8911064930935098,19.11562516615053,2972.381675930865,0.015130582013532876
26.30443446801336,34.37771357743581,-8.306233162493864,-6.802404732671173,37.681797901014505,2483.834294295847,-0.2024822453163841
26.81934329861781,34.08337427964004,-0.6661375823118316,3.8249332757197863,36.51738399431703,4938.927601074436,0.23195997834983195
23.5206433904639,34.25144142771685,-0.35735802160316155,-6.64866921390987,58.92762650409277,682.1987627836656,-0.4246200967284486
19.75598600447778,34.4641678724246,6.818174208058142,-3.7938303579090498,64.70086524869083,3475.722770237969,-0.19354970784341818
18.55677273715314,34.323863720118354,-5.5752260710787205,0.06690261212308002,57.1968070419599,2021.5938405214606,-0.1778867710918104
21.241580806424654,34.22551691562785,-2.3801745266320022,5.928811230469545,65.4583035312499,2140.998074628074,-0.2772063249382759
21.254883780206775,34.394658127932885,6.168114777873818,4.789384664774545,62.02611528780477,3587.988828290881,-0.2718485440698957
22.605988142212148,34.44699333522887,6.472472214979469,2.9106871282104443,64.20744760392283,3462.180756621848,-0.3004775577782192
26.634481381372254,34.16379918691,-2.307778480424636,-6.884534788396596,38.12473536592825,4956.279968510941,0.31363693144390814
21.413951289951505,34.367256042526236,-0.8175195342663812,0.9409069123115543,57.0583785989286,641.9714472706262,-0.1989589458083323
26.25611067647022,34.189503347096405,-3.934282183014341,-8.25106996400229,45.96924319414682,520.5482469208317,-0.2839594371302087
19.64018129420571,34.57843023904229,8.651097568386241,-2.4527364640669846,59.61008929633884,3621.694085643706,0.21422874152122084
29.753805298878913,34.01220141309163,-7.627124685168393,-1.7296693942008172,18.982118044554085,2891.9345850320456,-0.08070332025222474
26.21137216696694,34.143661028516505,8.6749884600294,-9.203771211084923,39.59065482177802,1370.8033327990292,0.28405152206155027
22.90194861372573,34.36510360606924,3.6773290367068654,-4.520238010600563,51.105671400033586,397.096844944933,-0.25138196710089733
21.982231018052445,34.42718785340528,0.6314430537346247,9.112989345329787,56.04604572079915,428.2912479821527,-0.2481039965762101
19.008053267378006,34.692160348334546,-9.346818784310083,9.07265215659379,83.40311687666264,4470.954373320591,-0.09657331591754466
20.96242407739064,34.334463550396485,-0.48807616355983363,-2.9534589149492145,59.83222487282006,959.3366235937145,-0.12769277437185586
25.247363962306782,34.27558497186454,-1.8450378999453534,-9.137997821033519,47.72266384475838,1616.857810577604,-0.3426300338125393
22.66334856699402,34.4214231630615,-6.775623760497549,-6.418101213436369,52.45791806092748,1133.2820111349401,-0.3655374104598035
20.52550482699139,34.394299158818654,3.1281920700131387,-2.155644131329197,66.27388890895594,1774.9815291596865,-0.20684435740194987
20.896556131499974,34.45727867140057,9.423018147365717,8.955593959384597,63.64771356630821,347.1192137304668,-0.3068073436088874
29.39050874541645,33.90049809262652,1.2437762212905028,-7.176018729256302,23.117972352291737,2595.298954541352,-0.14457152337599727
24.235480528385896,34.17549450753911,4.295065528878917,5.270316873364244,61.64817276632374,338.06281796107453,-0.34459872425293886
26.5144012595202,34.19955080753153,-8.630990948679663,-7.826349212506159,39.07607197785657,4001.7825391118076,-0.2642996830354397
30.028901646451505,33.96571325089275,-1.6466600836601053,9.625151547825539,14.852782717897668,1168.560409552165,-0.041580248534510894
24.561623073550106,34.24870183511736,-7.6728302967100825,-2.3676700178173,44.07990332768386,2700.0595730225527,0.2987970120665393
18.248882586907705,34.551035934489846,2.255916710730208,5.504690777981121,77.77365196155206,4400.395437807291,-0.13587912502336552
22.892401060657622,34.261652473824476,8.769643164283092,-3.1481783437773636,61.62999306169145,3254.3868452359707,0.28341785739821596
27.81353748957974,34.14895503719266,3.235554649432771,2.5533775431761736,43.2507501717508,2664.7889327566763,0.2529920393231998
19.75719210737167,34.378579031159866,-8.463939033711569,-6.159678305199265,65.11344520699603,1621.668765576878,-0.21557955893524308
20.845379797987647,34.58739158472827,-2.9066759002983433,-7.07957961406075,60.77514733676158,1665.0095652909897,0.22179332369764826
19.573554191632983,34.36944984615218,1.0132675888170297,8.761282791362625,64.2167987692445,3347.4347759909506,0.19170821108619723
19.038065699841273,34.507127921077306,-1.9358448773349561,8.35294555808867,71.50054552188145,4970.696806105838,-0.2430234596920603
24.881040720099946,34.16351966341863,6.672880209503447,7.7493788042576455,49.10647409456723,3309.195949246893,-0.4112035312907877
21.453363168823614,34.424483653087755,6.293420094199785,2.5086690033318693,61.68082615811287,2788.9170868501246,0.3067224345359496
25.06651909212558,34.26476849133224,2.2366204020644282,6.165364224325565,49.411407727826386,3653.2525511962303,0.3236113119566658
21.89616662604949,34.32670810481022,-2.5308410973458955,-8.619261261772502,56.2582400609605,2326.028061418591,-0.18136294525941124
23.60190654843156,34.434100966501106,-4.893272524735117,-3.304219162186417,55.63687116083846,300.7117130039261,-0.28761152663695544
25.875331589078066,34.1583765358181,-7.882513635737414,-3.7259375048568755,31.367633156884047,2811.484079389549,-0.1693918705900394
30.163623749021486,34.070236862364375,-2.9020463302689192,2.712906439052265,32.3049353855513,4788.126422526901,-0.0375922368993862
27.699441169524494,34.043773132184604,-1.736549655845609,-2.88084453058719,26.152267448045222,876.5147117882982,0.21030422976760263
27.161289007279255,34.01682193812353,3.5164585020814716,-7.029864367126384,36.65406614610593,3450.0244541033285,-0.12900664687517316
28.305290369755713,34.05567913684423,3.1631964859514703,1.9293415082708734,34.61386516017045,1004.6684432952824,-0.17307063414661694
24.260336036468306,34.265080490211034,-8.59783720717486,6.287678413381631,49.73051179885077,2679.1384223654063,0.31957285140217717
17.93395192158684,34.61862362377668,-2.094813691376844,-2.3575301108005364,74.64782047812078,483.3822482335981,0.0006221930120437619
23.85627606017955,34.289084821520916,-6.364422655652762,-7.354625698030366,47.920339564665376,2251.854681290926,-0.28480451928989653
25.703140419535004,34.27652703698493,-6.863745893663886,-6.066236053743539,44.69999189733425,3780.8166444762305,0.3699417926184306
21.152397437163813,34.311909952230515,6.546042994744919,-5.25033389661232,74.28906289584657,1737.8576211949103,0.177455682332454
29.731887743256358,34.20285662450022,-9.161695665674848,-4.002048140109276,10.341983497232398,3324.55862243609,0.01939982775707643
28.44943109289415,34.02211198381518,-1.6163424819575738,2.855901410126183,31.520786738319504,3977.249803948646,0.059123499020118694
21.08859844189398,34.541152283426186,-6.635926884669637,2.0189096907543806,60.01957287697614,4635.889097397263,-0.32284745311436835
28.75340179392133,33.97949599278989,7.586604313569481,3.921597231340783,24.977254335013374,1173.2104092772677,-0.1515037982583629
27.360933126495105,34.069941709967765,1.1408102655007024,-2.7499603093697367,21.76784987310947,1996.5795790465406,0.0034932712821397274
24.445395948286727,34.178750919285854,-5.3723872724630395,6.479953037599564,53.846305912686034,762.0800666520871,-0.2587982488297857
24.44245127568939,34.322114906686714,0.04854574332752826,-5.918246776884795,39.70019052665555,4962.417510791876,-0.25120369224902434
28.016780912897403,34.11166159583587,4.6297271940623155,-0.619185049636922,37.036763757855,4635.004839621477,-0.1852623617853065
17.60549233159119,34.57883361306028,9.162360178388674,6.018774430828607,87.71300438310709,2699.785651402798,-0.03650444901719652
23.18853692343948,34.2833024043132,-5.591079915091621,-6.3968270453476155,34.534630107054554,4210.166471882107,-0.27101032497321376
23.29801925459322,34.22300836048212,7.723635442586904,-7.8027377251843415,55.57476999846662,2604.789886360211,-0.23604691733221034
26.09318739361553,34.13855400432522,8.686082283349805,7.673679353759795,37.390406849667194,3117.9284400137985,-0.25752171798506435
19.52175386157687,34.502017869925574,8.328410890641326,-3.1414067448160825,67.75798021265503,445.62216058008306,-0.22449194604380868
19.844545625549237,34.67845488434255,2.7082871372381963,3.6774024981806406,66.95901257586615,3776.3521024840397,0.20159856584175168
29.957955309678752,34.098502710798705,2.5964130886941543,-9.49302791472123,28.02365988126429,638.5674181761741,0.19397336418121128
25.457055849209205,34.27403639476578,-1.9357873363235445,3.8009377681889926,43.931639721694125,4130.338151262642,0.2427619826899456
23.644657454524854,34.336308339342956,5.0479576460757585,-3.677973769060589,63.72228918181431,3910.1404383519293,0.34478487583078077
29.44208491240267,34.19609392076076,0.6258803670186381,-8.885182928251165,19.23241716987663,3543.723488714882,-0.05941145813552103
18.413844595015643,34.320973487598565,3.548761424565889,2.1962552309623398,73.16835514025007,180.80190262381058,-0.2396180764112186
28.973236398918125,34.05398995464919,-1.43084192302409,-5.1839236785365355,17.98642022886992,1515.641779726643,0.10061268723688545
27.70332951927002,33.941654938268854,4.629929280862781,-2.2638551589624,25.638752278415446,1315.5628495542144,0.1449092549330843
23.789550028641386,34.04387021196752,6.489430352090981,-8.388383754269729,51.81476829152148,1800.6820373575954,0.2758612967265573
28.26811644110719,34.111754749836166,-7.071274867943678,-7.056734978101094,35.621434595118295,438.2137338191927,-0.0750916662042691
21.27334188441004,34.46085341626007,6.65859431148456,-4.040455290083125,66.46843040846066,4684.789115155314,-0.26667452039485345
24.690528178166343,34.23098521926731,0.8059306358061455,-8.204809988796857,44.38160115153729,2769.0112035618813,-0.2988634017266999
25.702770179209352,34.15368183531766,6.893318181804485,8.216525293726306,36.426581459280555,1527.6215532901176,-0.14969037538221996
26.886934041291124,34.48493063300504,-1.3739658731797082,-9.879059136320432,31.258030289943562,1984.907585371417,0.3073169513499053
26.741823283688174,34.059116451799554,-2.4191902923393,-0.3227956227137714,31.515973192046264,2236.012702524178,0.20222589845542202
24.90603545572095,34.223696365047594,8.301214650344448,-7.535050837348971,41.68005820387549,3002.9716668030865,-0.24212705836588705
18.91497842472974,34.51888181659019,-4.9766146490319745,-3.84641821044103,76.12137819099216,2578.397138482489,0.12773608957266674
27.867020553142993,34.15645304073232,6.884246505722864,8.521191196365308,30.342767584028955,4596.959866072087,0.13042080764949118
23.647526709604637,34.29150448241124,-0.3195885498119182,-6.766108934520263,52.86217613994091,2484.8174145291514,-0.34534002278866405
19.326420539085632,34.43680918458254,0.2819088510251948,9.316646394366654,65.60250460534857,4960.790074116563,-0.32251600432857963
21.102290587884706,34.598458886198834,-3.830634370210319,-5.884112460211566,61.32624022475105,4257.1247887254785,-0.17787933403329975
23.692788083078995,34.422569222257025,1.4608440123803135,4.831322169336591,60.9836815396916,1042.552571786679,-0.34287411770804743
20.579637783370046,34.42085701682846,-3.495776074475774,0.9335452979462353,59.48310670512333,4652.976073219581,-0.2744575679589734
21.886385650812752,34.145698377544036,-9.214611715166953,7.689574551935184,55.8202563537372,581.8319894273804,-0.3312344460322266
25.364148319193674,34.22178487524213,-4.5600278931128795,1.0798651100626184,42.55087072856256,4087.2485424559577,-0.2534447380380596
23.30281057850549,34.662254442086805,-9.872419131868186,0.6911843831261741,62.916128422129106,1903.1164673829005,-0.29637263062334335
20.142082006838955,34.45305234288774,9.567095741137134,-6.090839992632002,66.7057300890805,4389.8716022253475,0.1416529594314934
20.53080057933229,34.61404126241139,9.31494419639495,-6.675412758966825,67.12508532899581,4340.283450537252,-0.15295793794622553
27.880478593843915,34.17360790767957,-2.0968940505538995,8.329783022310284,29.547886909795622,4029.6270005881056,-0.027724875858134213
28.377084840642766,34.12942019919801,4.56741708679292,-3.4432360229993186,37.8503957838088,3950.1521815353067,-0.19549799562952966
17.779754462411464,34.49467217710351,-3.0838780317915004,-2.5583549007420814,74.88331620033924,1523.395695490204,-0.031902262202540596
20.93481014539963,34.22202208422005,3.4218631417195216,5.196473168567767,57.22263198303064,404.5964152562609,-0.28927388566638884
27.35033244250603,34.190989602006006,6.10860086091958,-3.223530351543853,37.294896563695616,2014.9008938258073,-0.16363790568473463
19.789040809218214,34.48188891964809,8.935124893844815,9.041248932780054,72.91330286424424,867.6225749325433,-0.0024995412459234423
20.528280459872537,34.456223596261545,-1.9957544830065608,4.758555379976006,67.81398310309147,3474.7554445123087,0.16971405882353266
22.892355335266746,34.2555044511802,5.665959659120954,1.9485848514684,48.19812942535441,1730.4986326889277,0.28353482753244447
23.96606187844133,34.263992853499055,-4.681430987357624,7.617903210895051,53.514647446103766,4878.051004299575,-0.3250866274529524
21.97465771495385,34.398306800622024,9.806646075872965,-9.007881833010345,53.4376298667882,3204.86038672666,-0.1762613229316196
25.805479607286287,34.22923122201375,-9.484608024712976,-4.858746156215825,43.89100698626435,4112.402818171805,0.346040611092969
19.01843777734265,34.40376896821786,2.0705761300224186,-0.6992733155818005,71.59648403449246,662.6233637092421,0.11731392922256324
28.626411394940348,34.18780656649285,3.1901196330265424,-5.460429210569579,22.041850064688347,4310.072411363113,0.1280662839866331
28.231176875024946,34.02624574889068,3.760911141482577,4.878103746043038,26.55834117175408,4613.785952566972,0.1624370478539839
24.912490446572207,34.09657814156233,-7.592248424218219,8.384160621074503,49.8341010455494,2435.3095940946796,-0.32049780984285126
23.599773719947805,34.312489177833974,8.770595669462608,-1.524597601381533,52.8686242486086,3031.264688754887,0.22490335046843735
23.12744560507035,34.378985032633615,-6.3763344189983435,-3.157347997762101,60.47681507545962,3824.0490045149772,-0.28659359210534757
26.507108566539745,34.22764385963208,2.455068064796821,9.231014642751326,51.04069455406819,874.1931363020627,-0.2700439807924217
27.36997586933176,34.22568951402881,-5.546478417538301,-1.1029513434491829,21.126419307474727,2512.8303823172123,-0.15157005669415397
30.512368912045698,33.985487570747765,-3.8556716595745826,-0.21903199101433657,28.99930831697772,1993.3151388615656,0.0358097651462441
22.868764436274045,34.297146358665024,0.9291708345624876,-2.967002553161892,51.43261179780644,731.8699608112455,-0.33744081529296716
21.226368504251074,34.35187737218965,-1.6561316287084704,8.19096946024277,61.725660789679935,1837.6721114576571,-0.27910347856855716
27.840910009163114,34.21479940121875,-6.795487980469874,1.3791096656370154,26.62283696430096,340.8615469274678,0.19026962090125435
23.398079764436137,34.2720742425195,-6.581271951583034,5.243491743632893,44.41873165728414,129.05953474743492,-0.26707278748304203
28.124666083080832,34.05548309297772,-1.6371042367440065,6.236134367017726,34.35683713033577,675.8314457741138,0.0816745971263369
21.329908275892603,34.224297272324414,5.145659565510014,-3.1630191616548364,60.83872856520805,4815.575557945869,-0.21643361101133923
28.94035023816732,34.167073097279726,7.9592929369557694,-1.3261133735923991,29.818962428658644,2747.6476794750847,-0.12239946935635063
30.298535483321142,33.9163393226163,-8.317446754812343,6.969435488125292,16.65485345593251,4829.1108057660995,0.029382206849921863
18.72082157122831,34.47868395487612,-2.1379218488119793,-2.7348929664837947,73.7207308420785,2162.48939165066,-0.14407415339722515
25.433401133359652,34.23190931727489,-7.995088725542468,5.878702669037025,33.34551939466394,1559.0806654262979,-0.28102293253764804
21.286508198539458,34.31904659481156,-9.668150387348042,8.819846451488743,65.68839818044793,2530.7093142012204,-0.2719423012194535
20.06947108838516,34.37459905760736,3.234373652879132,2.4642074613601395,76.82944049375438,2197.5584431645507,-0.05598974486537485
18.127635553833215,34.375557520597866,2.0489888393317557,4.832545749037777,76.69141891838817,528.3234213087196,0.01759492134563559
26.669588715928754,34.28527508132089,-6.739617723702276,6.1019462408226985,28.29646931989757,3204.1315734510313,-0.1405029543024792
22.98779382906004,34.31733071055292,-5.323743338138717,6.900792977932852,58.17967423653865,1080.190912547998,0.3094620943179838
22.36880665854519,34.58715822353082,-9.525844927109633,-2.0989332428640806,51.62681418701588,3097.939774489148,-0.29393894114043956
25.22036109582009,34.11836776010563,6.698944113888075,-8.974730816480037,43.80180044168001,3251.005461990767,0.28966348391086316
23.305057683166165,34.220128329524734,9.49381192097103,-1.96247457526521,57.406254145873156,760.1242656432405,0.4264830511815687
28.08815898815528,34.05822719170087,-7.2908092641061835,3.4751245956817947,26.121380474696068,306.7481355533408,0.11317673458176257
27.21797488010451,34.05842203925366,-5.370495724694038,-0.9929922843841439,26.811937901233243,3903.807930342199,-0.10693610611623028
29.923389706508623,34.05877056914475,7.368190478938679,4.9792630172079715,36.541627864717654,2299.0021188466008,-0.18913261382932628
26.797659272947257,34.24259130154866,8.529275959123698,-2.8603514106267225,29.24287009480798,290.81897752737893,-0.23465178223963795
19.810401981186335,34.417576134098525,-1.6074523438637929,2.69488282208059,73.14175643933397,4974.331585848836,0.07418864248810858
23.01038838622982,34.25858411749891,-8.987550554618517,-6.271603902920509,57.15342977948914,288.9028049818332,0.2759028401377587
20.714277386253798,34.3782108188589,-9.212163326143612,4.987388732899138,75.39561591447328,3475.176144292766,0.18794991955035306
21.679730679323796,34.228485915023626,1.4789973213802092,0.913919376260516,66.82271559942632,4918.394626317068,-0.22505487854255138
25.218231072289832,34.225234068296864,-2.142097822136419,-5.918712229067989,45.26795420386956,1195.900521079628,0.28021391069675544
19.5843810558666,34.495910516945926,-9.42695144844691,-4.161776530043855,69.22231442271648,711.2468434359808,0.11595077889054109
22.236372985282284,34.31937661785289,1.6650478462511344,4.972174171636647,58.42279414756091,606.9246971121445,-0.23771974276614638
19.215274061598738,34.644545058878585,-9.77394926821955,-0.3479752867695858,66.58421822167269,1516.3757378379778,-0.19567914558804464
23.55221482366695,34.41214780010889,5.74743916298546,-5.6793711921385555,43.50535227038117,505.2290550532335,0.39001366146641503
27.663034003922515,34.05588743707144,-3.871343545932568,9.345423807405954,32.333639996371936,3460.8067084706595,0.22630301630975264
20.715664586327083,34.23080242079073,-9.194839939815358,4.302500396337759,55.27548303519937,311.45899065031347,0.27891158445325775
21.293839878482927,34.37560263724295,1.7670444196630655,9.142696650795923,66.55887730939132,2547.1106407489488,-0.24976287789201398
21.565850453581525,34.29433863484016,-2.046311711338906,-1.4578990927931361,57.74503388745658,4983.484269264884,0.3455047376108314
22.991788900460836,34.2923337197149,9.47600826714299,-0.49799318616559063,47.17568795031768,4069.8513475300942,-0.2380659424919831
21.898678142343034,34.33384097817133,0.8839732500740443,7.959104323700384,56.97346359443718,3076.0971911550546,-0.3107892043734519
22.059927389053183,34.33753475291033,-4.495216379259834,0.5009868049076935,66.2586512635177,1531.2681039330585,-0.29729033905234875
22.032501458430836,34.338835502687886,4.188777292679495,4.145578238113343,52.84313877206744,3119.479181458192,0.2189676082485727
28.4967549994356,34.13468255495388,-4.570159949145774,-4.956542450089401,37.501645171997076,2635.207319558258,0.2714556482471926
30.534522525685386,34.04851076058551,8.084865828151301,-1.0654706259471887,25.0781554385538,2130.416919451857,0.07471675746449999
25.616297618896283,34.20544029064228,-2.5055605898524718,-7.531002683792898,40.85729445159268,653.5518837009973,-0.2922888015527907
21.13348149042692,34.36157614025748,0.9973712555241043,-5.8803992824607665,64.00637046735052,4433.0210762023335,0.20815356164229049
26.93227766379339,34.25617240369354,-8.988537923515423,-9.981131694647377,29.919036135825547,2248.9232441066124,-0.2478011740120025
21.590029671316216,34.28191309718183,-1.4775752409553853,-9.214698967026795,65.10378204508179,973.1125591038253,0.23898913362966362
27.467180148786095,33.911258048334204,6.647270793219899,9.545676463538587,35.998309290561686,1838.7967543864481,-0.07958733217388031
27.392439658805184,34.18574449182661,6.112976107266839,-5.1529260972647535,39.66095872292007,2070.648762644635,-0.23859098175567728
28.559210668014895,33.96304344375504,-5.5136288229294745,3.2662141900800385,24.905016432472348,4137.689477834371,-0.08165771034025386
26.007329799159574,34.27047569807876,-5.478418579788746,6.781993975992229,39.79332649209832,3668.0719028070102,-0.3600690570220088
24.852400647394326,34.05676439610145,6.346106244264735,1.0132091847312843,45.56090358836732,3846.524468206699,0.3082628430380548
31.03384214594966,34.142510062259284,8.607968403386511,-6.937109998320876,22.939017337426286,55.15632214323607,0.0026828187482061962
22.891195270664333,34.38857410662786,-8.092781574539929,4.5623287467233276,54.22646768682534,2080.7699908988075,-0.33625436551386134
20.79050272996396,34.329441833013185,-0.9988272114754952,2.00502820199166,74.95694175768037,2406.7207581766183,0.19375225110357533
27.719352686270913,33.99145282196752,-3.2509144207154206,4.625011786947502,37.185303897895324,95.96138411528344,-0.1834814274949726
28.5753887931811,34.21949002374654,7.413769109148788,5.394932457141744,17.710941824879537,1299.066043725171,0.03676256011419501
19.62725177093657,34.41402854280766,-8.329501706399626,9.508207353694903,74.03639140436023,3801.449115610675,0.12008472859760598
28.305904630684967,34.06566711022353,-5.777481148839252,1.471265600534199,29.918256373106985,685.5485286449953,0.29376462602150105
20.98754967758638,34.233117141735036,5.049366751729886,-3.1671777461879635,64.05237875523456,2676.5506572629583,-0.2556524693851735
19.95280323384599,34.49272072777602,-8.97412302037569,2.969291138004742,74.03085586487548,1076.0093600861876,0.13967366075261622
26.277345916823627,34.13047770220212,-0.14929238571421521,-8.631185815147477,45.30330381748997,60.603873219466365,0.2585730788401836
25.062307178552313,34.26966257208844,-1.1578593064055998,7.947946366431726,55.36091902117647,1206.0072879977074,-0.07444821288360837
20.886969924327605,34.29296566998549,-3.311976420225027,-7.612379773236064,66.32096657607444,4879.368774550269,-0.31090886869494355
22.844178347600902,34.2008015479003,-2.1085536936215243,-3.443143242283635,54.36703961883357,4007.685559414948,0.3169008981025474
26.266877852261796,34.189183570591865,0.5988117386046596,6.314907612522418,37.081258953824374,4797.883221605167,0.16253622545842536
29.189057945647974,34.140826317494295,-6.772652832232337,1.946247566614236,28.45360816652777,2439.2702196318123,0.03288664803368588
19.19577385632222,34.31555586454936,1.4399175656718555,-2.127289594451158,65.66377183832896,548.6809933875176,0.17459692802346566
22.177628992635363,34.45446806209941,6.108646585999725,-0.5312868124995713,63.6077221265053,2739.797444868465,0.23984773273445434
22.176926112207525,34.42174432846938,5.203218595803181,7.090947864043606,62.94936822802687,2271.8866727998043,-0.262536278224858
25.96436204331547,34.335114052552804,-6.922001906124526,-3.1999122788021577,45.08206730999118,4221.7854136980795,-0.3450062287939756
23.650237943237684,34.29479099607088,-7.015010605170522,7.392993696243426,53.51092448253642,490.41290392122295,-0.2520881926503259
23.33107753099419,34.04050775933842,-4.6365126451017336,-8.23731138046617,51.38148816179352,2441.205685108891,0.30103063369267496
17.982855592437897,34.544564340085465,-2.778505473179256,5.535968744172614,80.17081033405454,750.2433234699213,-0.07971230063369115
28.02403296633535,34.189882003712704,-1.8308883718303477,6.950952661094728,25.300496251823365,1623.3796344502998,0.09883736899474832
24.21660633553966,34.22557582098045,3.5939443366669046,-6.363646943253225,48.70353351915272,3686.7853869389983,0.2816374560540845
21.70022127079347,34.41332226722335,-8.866391356683291,-1.3930693525559903,59.711105246551455,2380.0906468438325,0.24579066583549503
25.812736580796205,34.17188855118581,-9.306545915478672,-6.690004506726888,41.147696307192234,1879.4414257288468,-0.3017918235431796
21.367030747083867,34.09555737761957,-2.1617887411218195,4.132082579884354,62.44555907820211,1972.3813928501766,0.26321177113782573
20.869436597218037,34.6343766731975,3.9432738427596092,0.7069553612331347,69.01305589613456,2297.2338420299334,-0.2593095068674374
21.026317021870884,34.32560518209171,-6.131293140870349,2.7064669341664214,69.94673717487987,3925.0827191852845,0.21759934368590725
20.645125784878616,34.4975871484489,2.8300896251250336,-6.0702606608757765,64.67338042601688,4460.423444701172,-0.34170170634375296
28.595115845798446,34.11458513771274,-4.803437241194011,-5.76508275895161,35.66923341071849,4776.673432519641,-0.1064338099215079
23.52660356414333,34.482516344571394,7.721722176270326,-9.170053489801873,50.216939512849855,3934.5169312764756,0.25889493311357276
21.724397706171732,34.46070469942428,7.91379888533233,-3.558649296085406,60.07441020577514,1577.0344787400636,-0.20071893979109914
22.484498284693217,34.30140589856873,-4.054255914373471,1.1948932266735,55.967521359911906,3440.673530432711,-0.24612801001431975
24.835055612542938,34.17735157281975,-5.400124920735189,7.158698279946577,50.91581876088367,2188.0156202769595,0.22729422965709817
25.569248955524234,34.343828913993505,-1.7739205586753748,3.3385489491736138,44.934549647208016,1273.3531102302559,0.23621028272154498
26.31194987814044,33.9820330290669,-5.189368296397026,-1.2920735320049719,36.57971968694534,4204.357897129613,0.3527915812045558
26.426128604778974,34.29732717538811,3.4476768658340724,9.062402287882755,35.68444460264796,192.13174481162497,0.36302750430028374
30.008809591272257,33.941364856861625,6.5212936909657095,4.384904011516637,23.341787197678492,4508.8099606771175,0.07448856224992664
25.374163679481644,34.42306949550732,3.46184261822434,8.603304057251002,54.236028748764596,2307.3873231236707,-0.28613334264312346
26.54089834531915,34.201294762061565,6.487008944986989,0.5517594654433129,41.3925058600625,3186.007384041402,-0.27127724829428135
22.828258563079025,34.446495116623296,-2.0601567558505174,-4.821914504137208,60.71160259073496,3296.7696110289135,-0.2612470236541658
21.32853635865779,34.49833955498282,-6.873660585822783,-8.94346627270556,69.2629357959402,4475.588703532682,0.15530774148434334
28.356512075268288,33.924832444205244,4.7590189479518425,4.521697029677011,30.04233116507534,3183.3484108360367,0.04230231303739318
27.219446716095188,34.0329053835441,-2.7905098971689224,-7.573940039889317,28.596224290995977,3069.667923800309,-0.2342034583072587
28.729305018236897,34.11283196938818,3.4254165045826497,-3.944497434560656,28.053445663716754,333.26020280344983,-0.06674410718622828
19.456043812335423,34.55340558927016,-4.587121160364687,0.6494181576779479,75.7788654753648,2592.0401097260205,0.07606427696267352
20.64798453722895,34.534077306791275,-8.375407303866547,1.2883317555949532,64.05792586603437,750.8450040852083,-0.26531962121062735
27.815876899305515,34.14380325472387,9.851635909755267,2.0116639397427214,27.71740562867776,3687.168843607428,0.09464810987422687
30.73590940135702,33.91039622559109,-6.875969841388015,-6.674893393005988,10.0,2561.1096040633724,-0.028520279344644614
25.57209526863623,34.054138668749516,9.768419879269622,-2.4052519035670255,38.860271810926214,3401.1388960417667,0.22865419542333829
19.662230093135783,34.588559518467314,9.545598651328945,2.3438845423393335,75.43259066145711,208.36450301192133,-0.06192091835571554
21.96692556030289,34.21514428413297,5.876362078160792,9.396377292675695,60.340990253082566,423.9600802290161,0.2361558544559164
19.261349527728918,34.68588612754263,3.1884592416399506,4.552622753993774,75.32158845760345,3581.6169403134113,0.2004685780290924
28.871516256156433,34.122334493944805,1.5561410050216935,8.452075141879156,25.855918831109424,360.4216799933668,0.13830864663947706
25.282898408479646,34.35868444835716,7.3220309075566945,5.24424116628354,48.897780785460185,356.283638826293,0.34969910419036776
20.84400714649585,34.34893886333184,-4.211209567610242,1.8343393778480088,73.78495548915896,60.54237617443725,0.14802934662572384
25.812419290694386,34.3731428772116,-0.6463757503024592,-6.1595326172731095,48.28648273361022,4782.5069914974,0.2625861707773227
20.540880451395864,34.640103039605656,2.3877993873300376,3.333713037850261,54.86553629428597,3687.541797295035,-0.32629542093274044
28.638889286767824,33.959458196662446,-1.776190482610179,2.4675913191981422,35.21432314694958,1766.2570425103208,0.11112488517953104
27.274336603896863,34.20519823514981,-1.45027091819464,2.049383409145328,34.11205822211198,1482.677906438276,0.2274669688719938
28.245402167671745,34.09115418890586,-3.3943066499583114,-0.20428264023518494,27.25793374748266,1748.5161487292478,-0.06689752227272691
23.742800824230798,34.12928969792485,1.2846363336907203,0.5731320797855126,49.090250611678,3873.267655905909,0.3445503764875223
20.973701300840307,34.570528814908,7.01149056030232,-3.311149457637919,63.242865607790186,3306.853055352072,0.06334350407171264
20.61840514615943,34.594042535971866,-5.969432439873743,0.38625385284606395,73.1114856062165,925.9778393373397,0.2206119910969545
28.228327982520796,33.99888009904816,8.68866077506883,-6.048881886430435,20.752417890593794,870.5466766704218,-0.179137487113123
19.650024614649936,34.580705997016615,3.781753074964593,6.103487947207537,59.64808306989169,491.97824856698657,-0.17464671811482585
18.05527312012169,34.415133098075884,6.465464253600604,-6.284460906025844,70.56914794439069,3301.513598506691,0.05074733696147041
22.214048042170624,34.25720208909016,1.1238138526002324,-8.300674202210672,66.23121224846173,3821.8633111086797,0.3035962725898248
21.18406902403538,34.46406452211495,5.590334028481269,-1.2750794728568522,61.89416128714404,1325.2321416250202,-0.2996624880604648
20.90230107699766,34.507548786938074,-9.675992053210656,3.1661487901212375,78.16966446366717,104.72480515456407,0.23202341462001214
21.754423088253606,34.372218285632144,6.367608495590705,-1.2456635013291724,61.708556132193905,410.8583373821367,0.165833636348442
30.323541849576593,34.10356511214847,-9.19722281829267,-4.464917360973828,13.723777067163917,4839.300174225153,0.00041360423900296817
28.07087386261005,34.16261995431551,7.798267527257249,1.1634236778088152,25.370430089648213,1477.2238873871013,0.10630064470592178
26.464625908714332,34.20701066244925,9.839254944772865,-3.059953291756001,38.298733635619065,3846.115739190668,-0.2585855304503788
19.15772050681123,34.521972389878336,-4.118650756464444,8.657353802532661,72.6491124516729,3123.317844271319,-0.1311829657896264
26.892805591428555,34.25802133682275,-5.793628874284127,8.452902792071441,37.03489452003888,1909.6981982644795,-0.16030835801477825
22.690298890828007,34.318859108014614,5.307267277160815,0.04743639944191003,57.14250496102532,1028.4363109777755,0.4242898334842209
18.51364084700947,34.79982344140314,-4.939473181594936,-3.4423201196348296,81.95307092028538,606.9320907970322,-0.045715003769299836
25.748981468390554,34.11854641695843,7.311247663444071,4.742648279132782,45.567093476575,3075.064840194333,-0.1964458216216205
26.73219916734916,34.3327273106367,-7.943148156850466,-9.265741130338668,39.46225291855143,3873.16890318894,-0.1604983261907922
29.003830278252966,34.04836351823445,-7.480896072412834,-0.5046198791269756,22.68862912360531,3219.5212677056534,0.09169287710574814
20.17070316051987,34.36627565073844,9.583031102012313,-3.27353211459333,63.752435539121066,2651.5106662457915,0.1578029751969264
25.787753689213915,34.3211927418097,3.4767779654000925,8.410717702051095,36.371154870468274,209.75611715818133,-0.2292758832759946
26.13830784962413,34.19624629656403,6.937744488579057,-9.759939454546348,39.66701830536711,4842.443887971919,-0.2114937383303202
23.54839945177725,34.370113907569724,-3.5134124529696393,1.0562975143669817,43.68135514211676,3993.5709582728728,0.26789449861943593
29.74862651540665,34.17972406278649,3.5296749904120883,4.81327162133252,20.948092518747927,1464.1101835048237,-0.08870905572404157
23.15495114448914,34.36426976788652,1.8848365461719432,-0.29964024951917523,54.76636065495159,4899.851646794254,-0.30192389372395784
30.020752823285587,33.99784849615949,2.06300240245894,-8.291939396745567,25.463996306224534,3009.4079481816107,-0.04313154325206199
22.603566769547925,34.52854291331116,3.6506491907544323,9.449227800558045,63.26114253148195,2912.1132910362326,-0.30357058748846993
22.168450904371966,34.38841116693799,1.5071834625819704,0.36020862752195804,55.04108494575286,3740.3658971476607,-0.2821795486189806
29.154067559709635,34.070544454573465,-1.4187526139466815,2.2837248863802273,19.043863700233594,4058.8489404506877,0.09266231134753346
26.38549248592248,33.8819164032154,-4.481546112389063,-5.267804345849854,25.10778033811273,3282.393036657513,-0.08204347139233704
18.866068715944163,34.54251325298271,5.37162661826404,-0.3300382978639238,74.23250018379593,640.4787318310001,0.24961548022243846
25.598385718880266,34.101268738545535,-5.474551399936276,-1.4170101608335628,41.688978779622786,1691.337529972492,-0.21927228989144132
29.168655295296162,34.262036984051505,3.8470861230882836,-8.502083159960325,20.439662722174745,4640.418201630248,0.15552212039631813
26.91831675971283,34.221025880292345,-5.333343547013467,-7.876792929050655,31.22416024938159,1123.0780592192596,0.26397355769538916
18.6259505773936,34.60827242667893,2.5066033990890784,6.74945039237549,70.94601893394957,1860.8351191875665,0.012497224982425476
24.298766264450844,34.244875845755075,4.941565342580578,-5.203600955868195,36.37436496997078,2160.3844147209797,0.1517734562115931
21.314490061500226,34.286512754468625,-5.625722221869216,-6.10083457002739,58.218494126678024,2197.024948472261,-0.3464365749188672
19.643976201890105,34.71561005001615,-8.801133982773834,0.09822902500278552,68.08021199784197,3064.6979124726276,0.17540162710433577
21.79732475598078,34.620741768537954,-7.380525140116518,5.37494262725026,57.55117360399988,4715.379188723538,-0.2715837449906031
27.833214746500094,34.141742402582395,2.1199393454205087,-8.761069628420241,25.225318292349662,1203.4635591625247,-0.1806293196983002
20.50026592076755,34.65662075516299,6.988928124514711,1.5361583927651168,70.79437647755746,607.5068815045903,-0.2451441554676082
19.383656200605916,34.53933428234789,-9.100063575291513,-7.615791143188533,79.97163190669494,987.3524492996866,0.020147436593481782
29.770485781220536,33.922922655775,4.683025180832924,-9.27077898348763,16.65471347306284,4434.624501046347,-0.06616755979167749
27.766255426445404,34.118554495656944,-3.1736270809989575,-8.945120956755652,32.33030643910224,3229.05406327603,0.2670273593925656
19.763912992307304,34.56300233097068,-0.42943260160955,6.683282164168826,69.21742229045238,1429.5339461958006,-0.15640383795677962
25.914636418638924,34.2605538963547,8.577190996911312,-7.640550327438769,48.636980896271076,4079.7346948430863,0.2963459272922611
21.358249222758836,34.401890107322146,-3.360569905283091,-9.09697271175416,63.17858928002239,4306.84998181718,-0.2662832562655456
20.993275465253912,34.5083040955362,-0.6932613212102794,-1.2420022571417544,74.46881999183739,4232.57169345139,0.25332490398144464
22.831509572560922,34.25400175389249,-9.726351704786378,6.879869438840494,48.88533695752115,4594.632668197773,-0.24682257070908786
23.02992267687534,34.42305403694878,-8.368025599903232,-4.751832470213961,61.26613560975588,1261.205100866808,-0.23421087354748568
18.351293985158495,34.64249322283444,-4.8281681773043195,-1.565747649481672,79.67102263068656,3775.209643731391,-0.13747457552133874
29.290434657953224,34.050666597627036,-9.442955183578512,-9.201549348724976,17.610650143037,2302.6974863707,-0.06493778426825861
29.012941265269603,34.1930741702413,2.627506520965019,-1.0184297173024817,31.874824210288274,4209.992764450308,0.15224356842126038
22.067335507115526,34.39940925333628,-1.4720328639675486,1.552261612742674,79.80462286066049,3642.453385808066,-0.17953965686236462
24.0337661508414,34.37742818224719,0.9629040545604397,1.4181410750428967,47.4505899721792,3882.237232498623,0.2987275366222349
28.200479555528254,33.93902532766269,-6.507056282073409,-3.3514661565126964,21.01782572516537,3280.8091884053574,-0.06304548148542846
29.07562579051992,33.91786018736978,-4.081359411267678,-3.68933638673729,28.015139653527115,887.1438473485343,0.08300520497407277
28.21557463981039,34.007991620300345,3.276489497054502,-7.867527621268042,28.465946921540862,2725.1345944846917,-0.19328028148765747
26.18179892290381,34.024878308592186,9.306054472607997,-2.6640335870746323,34.66581407115849,4923.348697622541,-0.1325200817604289
28.304559895241624,34.01676881569575,-8.991664527955816,-8.010106622540707,28.85978583898863,4686.940332485595,0.09338991846309747
22.3120291677945,34.39229667381203,7.807686417105323,5.331918894241031,63.32465009295522,215.86867898505835,-0.22822308143045383
21.34688943662507,34.46540169203881,1.5376240262241687,9.325485954963717,51.536263699012046,824.0740786471856,-0.24421564386485461
22.15593121651606,34.40202684134565,1.2783913351124738,9.401489133334138,68.65086305472931,658.6438672728095,0.3280104286455729
19.683448765660284,34.376775983883405,0.005570704155207551,7.301421987507876,79.38180541817479,3629.8995499264774,0.20217267552731055
26.37203693313724,34.266035605113814,-8.612118281916333,2.015842986792382,34.055928326089514,4088.9266492847255,-0.13937918342222716
24.38464844557501,34.19139737886623,-8.202462965276787,4.017313944877598,47.29325447370424,1067.5568315533596,-0.22211540705689414
27.822668408376448,34.16692740917635,2.0182401131817223,-4.295883946391719,29.62440767590328,2529.263464759145,0.24270228824501788
28.396458357159005,34.154172645376356,-3.180828571288834,2.615408403452413,33.523173248317605,4203.515140056,-0.15458135818223193
18.616299459766793,34.58949741504786,8.345361331553612,-0.8870090112024513,79.81392452932934,3664.007723831253,-0.043268400959499756
21.557515683219776,34.52203483791272,-1.8681892528105557,-0.35965320446134896,60.9507332310606,2711.1860274592414,-0.22777206721871893
24.877953764023786,34.30706698895615,-7.134370825947178,5.155531207503159,51.53843426104022,2951.7384522938646,0.2732772651953597
25.776414547802524,34.10457777232247,4.2943766700407195,-4.361632888054967,37.40048687431846,2541.8027345814,0.26488267305794266
16.966504215508394,34.78534102639499,-4.132931571179803,-3.6392077661096023,79.57151052904997,1487.7422565941029,-0.09160483875157226
24.961074214818574,34.353066752014286,0.509406147117863,8.492835822572733,48.26501887458549,2825.1099642950803,-0.34127561066792944
23.670055117473233,34.30797622143216,3.9566557101034014,-8.875514102980555,52.15326365506024,3444.4265102504532,-0.23520280755757056
26.19309196572855,34.302663834624035,8.005282224041409,-0.28731403173319237,39.75535794233323,4366.614579304039,0.2601589218029602
18.426726706203212,34.60129244928777,5.843823896033522,8.256016008157236,78.76127507968101,3181.4567698962405,0.02535303092157734
19.910512527050102,34.51499252091244,3.527221357454483,2.207260156363141,65.65933551768435,3805.60768521579,-0.2893048035966104
22.65327436628444,34.6091177023079,3.592663647902871,0.9281414842426408,55.33256726642439,800.358174772865,0.26434963163147196
21.00555607954856,34.358234262709296,8.918492880641729,-5.005116415412896,62.7048764106875,2307.7873720989496,-0.2793546667062244
28.15576260999765,34.15151924002051,-4.083518050069279,-3.1344902187110346,36.14571175603387,46.65809913546648,0.29490770526745635
22.72877714638352,34.32583851394518,-9.977758116076252,7.04096831609386,43.38518077069942,1233.394322608115,-0.28002652965296043
19.561020399146535,34.58782192224689,-4.560908812036026,1.1843626353691619,76.81495238990568,3632.308575565024,-0.1863727354281151
23.48392522047778,34.15753996778161,-5.64217240746512,0.29484387513559795,57.726607473517944,4959.049756746817,-0.3562297299071036
25.69605421534608,34.07016472907914,3.2366917022799626,-8.00840572919942,40.21071834715101,495.89049793607956,0.23375322135007928
21.474891964859264,34.36812423466553,2.6742319953105813,-9.679436870897538,66.13211519898026,2007.4715793064413,0.2697612950066846
21.085814613567834,34.23287154157446,1.8692276540944768,9.273703773740984,57.111509895282275,4000.3548434957975,0.2068683844135355
28.535875399448788,34.080896629705286,-9.675131135810926,-2.4602766542631667,33.65541252244072,1020.1781731444942,-0.20014640417261498
26.550757223732877,34.2519521334977,4.57556108901295,2.0642612419900868,41.64133703354501,2775.4247465114313,0.2788575272333184
23.350371055752863,34.26494395914579,-3.52939175029017,-8.4056985362543,54.229845548519876,3665.356480148374,-0.34317796017399
25.60813291920099,34.10554006600865,3.3011197801326215,3.662285714460932,40.90344404074643,3079.927251300895,-0.20357573549670865
22.403429875959084,34.482536698396885,1.1315685700430667,8.651334174119217,64.10759296095307,940.1236730770806,0.26864990930496896
20.060122080286554,34.67065204024863,-3.1453814914418565,1.5133050599483937,73.85880960130547,1776.9228434286972,-0.14392400208774575
19.5028324661046,34.32789241912298,-7.308474657917845,-7.477693552491789,65.5798652563116,3918.958922426986,-0.2292815876784986
24.288378117753577,34.43255973365537,-8.11162204679038,1.6344305494695348,54.717757932229944,2771.1325706600833,-0.4093401425359893
18.943307444778792,34.64989197572525,6.6303666622444695,5.326944262093047,73.23733558958787,26.148067714563684,-0.1280108357698021
22.753727095065333,34.47768598810791,8.36795084163116,-1.8716692685196268,61.63800811778742,3804.9538001404694,-0.24444779289895013
26.653185871412724,34.221497894650796,2.9957609352859915,7.596754958829358,37.4012180930427,176.55677470119537,0.12267179649816508
27.977880601909394,34.314491931754965,-7.9313177027903325,2.97365906714729,26.52878772205003,3728.668913656161,-0.1132144333603882
19.925620061883354,34.435596848430464,-1.959455662235186,7.984978365784052,68.31762783191387,1012.4028008261871,0.13605015269521964
23.043801570192066,34.39188943209391,4.578784002103145,2.4701062249467434,60.591652960127576,4790.3674005969015,0.3233336147154767
27.060480841071268,34.14817533463774,5.5964176802013625,-7.374240559903516,41.34192915085126,1839.7037565104224,-0.2716222414379156
22.56657332153797,34.28888956435803,-7.635627554178228,-3.8061657778962177,49.24896432782534,1634.6580816903954,-0.2969625966021804
27.094989904810987,34.29765644576291,-9.999385623092351,-5.964101034950861,38.15032311172658,744.4402516622234,-0.20287503828323677
28.730410583480015,33.9738524826247,4.2427409176121,8.176529954337248,33.24663786518022,1528.0210774510745,0.09111848425718552
24.284184209898275,34.19221866379599,-2.868076480275887,5.208001345749654,41.64405098961836,4383.253809141002,-0.3528513642142733
27.603677127622674,34.28669678306942,-4.910373367634795,3.5279673782001204,39.24364926384244,4981.671688136236,0.2517577677068531
28.106812026691436,34.210709668060716,-9.742050604209492,-3.9806736073675664,35.30705592338486,1841.5476525342417,-0.13519856254026452
29.024195845114576,34.02614345234067,0.8059881352299936,-6.319104558995729,22.42923118134472,2243.053154772713,0.14467208150593203
28.249984716792962,34.16208836514969,7.023014708519636,5.129021759778237,27.854505681000006,3610.354691013685,-0.09594553502770412
24.093913585697457,34.28076267279891,9.152632925451758,-0.5168410824184058,48.080753819025226,4430.9789023253725,-0.2759170696679556
18.339896514968213,34.68817142925469,1.3148990122657835,-5.484208956987418,72.767827737562,2965.221670933921,0.04442485582797137
24.240942951729995,34.323777912374396,0.2892265547978834,2.3324395633055026,56.99758553800136,1957.6284908891466,0.2864640445731618
21.378282822809965,34.534427400467514,-8.298872290215177,-9.193322957230961,75.0057813811225,2063.1092042431187,-0.25089740175879727
21.045958782764313,34.70636276212676,0.9774560308519948,-3.47659491743493,60.28622694457463,3478.090732484034,0.33828202181604544
29.359236724130444,34.074892477605324,-2.400418420692107,-0.6288601081773066,14.603033194289488,16.09131802139341,0.01174542633670982
20.286595478157206,34.47839548885239,2.142705617671538,-7.040833317811883,68.86536020531534,3097.9466872992034,0.2865633605477775
23.641003292854947,34.43207100565888,-2.2254730424690656,9.69308955181679,59.59044323930854,1777.465052206787,0.3220902594484926
27.936928841767184,34.05321570881653,-5.1940175309926655,-5.8180527082077145,27.820047594468143,3970.986656385421,-0.16570866554161065
17.466411629041563,34.811833600568335,-8.10069449543247,-7.39293739913469,84.56998631819108,464.9531991156608,-0.07601446311815674
25.043178045670846,34.295594272507664,-3.7016311082220854,-5.929302522262072,41.06568787519023,2941.0113347419524,-0.2831870848875392
28.83687751704742,34.022667725570486,-8.067103314244955,5.381222663194485,28.460698874462086,2404.8644494306186,0.02720681020846292
26.821639416598686,34.07660496328938,-6.462060983520321,-1.4898868145631443,32.98808227534321,3211.627629526137,0.1961690752047156
25.47536709551646,34.4002567966408,9.746723171590919,1.3083187950507593,57.650367279052205,324.2679724148417,-0.30819784549550155
21.328097331867372,34.519491452395386,-1.117928861867627,-9.579816860272786,73.2398478771017,2899.9189371406565,-0.16848809433488154
22.1930212553118,34.35218084701775,0.637435330100331,-9.311373828533709,56.35834547699916,2807.4229397976187,0.1675435152701289
17.431208870076087,34.638927751356505,7.472370574744307,-1.0834890034596771,75.38047600488335,2803.3004720808544,0.13019620569887036
29.207700062854773,33.87997262194194,9.911378009813756,6.333104864032471,27.38076131122131,3017.438332982274,-0.0007803317767719406
22.607923696526164,34.412481914489355,1.654288986893631,7.704777574151304,57.462832449256005,3382.339686131811,-0.3450240292188931
23.29107684939186,34.31850684338443,6.249476420883433,-8.265868648087196,47.09606472801454,4024.944998403849,-0.23474313764336496
18.60205231163177,34.748664169098966,-3.4611795132664946,0.7672620420204552,77.92006091701604,1349.1036006410718,-0.03818909631467853
20.137461500663868,34.420076687599725,-3.885120851054178,8.26459372558541,60.1174910062716,4125.247050900311,0.2456639369500971
20.859055953833337,34.3308634376516,-1.9459255801087956,-2.2405449120422727,65.80068132271188,2491.278411317268,-0.18497225870496425
28.99333170658451,34.002276974524605,3.450145253472982,6.591316628567373,25.733338191389556,385.29139567165583,0.2359343856490504
24.84487610837176,34.13747688514386,3.6438337851019753,-7.3260869120112755,44.64775940553642,292.754646219896,-0.26514855382838654
29.882185458306115,34.198679338794854,-3.695211307010984,8.707889793355974,33.71952031923927,1671.191593480304,0.08798810309554353
25.57103906708003,34.336568395524644,-7.335801517267426,5.0284663506260525,31.887912130827424,3924.4848855573377,0.25372510820489436
22.19493636480184,34.42771182224353,2.6479251293101704,8.826687855738033,63.635042378604076,3538.4046737045787,0.337589428187274
23.021683951366438,34.47442396845579,-7.433482756224709,3.5323446710501294,53.834632737068574,3943.074823362032,-0.3335316664798914
17.40849629279947,34.60020084366785,1.569850164586601,-2.7319213600114605,77.28169971850318,2586.3452822080467,-0.09441853355776549
22.050291123324453,34.426226079147355,3.86844256112618,8.76362345049445,67.52558387200169,2200.9949897774527,-0.2617045019127531
22.259291240327727,34.44671860831235,4.012229927889033,-4.4886644738164305,69.70249349461707,737.2626335314197,0.09738506947260632
21.01303327891257,34.417628993937264,5.069442213191934,-3.3565495587653498,67.71987429359947,1640.9637680465578,0.2415756973651752
28.066102418531617,33.962115566973466,7.457188431313291,4.016168360034806,36.5304955631013,2170.0968308693764,0.07122295100304847
27.655210130244583,34.147045708881116,-0.0008201607042312986,5.306325990507725,30.405481336121788,443.00214839808615,0.17281274187518728
25.468252074964127,34.194010618434106,4.604983790591424,8.588069676983075,36.7432172730119,1103.0597635560564,0.294108496627478
20.752302464721176,34.46409053805965,2.3834547073167336,-5.90395181887581,53.52969393239706,2991.126470318694,-0.3027784382447407
19.489494511324672,34.50664668475381,-6.267201204046349,5.9599607043844784,65.6023808611004,3678.3155711959494,0.2666323475859767
26.936925892648368,34.081204999972606,-9.486207102611836,4.77092106793927,44.49300913949485,4991.737556964748,-0.2135179792084957
28.558606340435237,34.05311446309984,-4.309172286461324,-8.724108874928042,40.246774513744235,4665.566656717789,-0.1339703312760886
29.453887318073306,34.02991657002158,-1.1393258732476124,-2.255537175795861,15.514752802900398,3212.8259976759578,0.06773565060576656
18.850447739363588,34.617464562951554,2.3421188885731254,-4.344690858798028,67.75179420327554,2106.24026647036,-0.20905728232260107
22.702123909976148,34.28612605838432,6.999186610064108,-3.9101915129193916,62.45532605786293,3180.8868235411637,-0.13696167717161997
23.3897923234824,34.29438771507972,-6.075085665876687,9.658937591094016,51.300357958054285,3928.2580904011597,0.29376791602505337
19.373676799799394,34.5239458936428,-7.489004202030458,2.8555482695985575,72.80857902557163,591.6809546169366,-0.22264390301050815
27.57880718820558,34.05197605299784,9.26959894948655,4.353523155869992,31.103474168198098,2049.524448481441,0.10369059586725612
24.711393825490486,34.24679543789161,-7.839108812471858,9.532352746300184,49.93083553822699,4199.011428178086,-0.31072499819604144
27.744442773142467,34.15590634802625,-0.4301785978562158,-2.4559643508472266,34.9239239357596,1919.1647596652201,-0.19130538051432922
25.127309796509504,34.1402254140459,1.711274575866037,6.03680336905612,45.78621661898267,2859.3613561359325,-0.281205105320669
26.598639383347596,34.208185111766994,0.8274884181487643,-1.3093807339100927,26.222772160468427,2938.846804310991,-0.24340580942428944
25.063086959999527,34.17331964885518,-8.279356859341135,7.390673436299593,45.13651046923349,922.3812656681968,0.3218448268216264
25.2922434990596,34.34973931055551,-8.859461719927612,-6.386849173773936,40.08836195391743,1811.1772082614418,-0.3008287726523879
27.58231081305292,34.313468342895106,-7.8903314507792865,8.95372354128559,28.844613930170226,1672.5564437096607,0.019642736548372217
29.462073030084913,33.9426638371909,1.7117536774522506,-5.624565831782407,37.800246749125094,130.98354266032396,-0.05042914337562099
25.212941104162244,34.24982618467264,0.8868977526864228,-3.475589860381369,41.47794817088929,120.95881945677623,0.13111354051103344
19.580952290526465,34.45152149670151,-5.325184159265115,5.12384468213561,70.85192028810897,4158.485218378867,0.16691245372431046
24.0337513137634,34.38318193403208,2.755482836911831,-2.1248971686918665,52.5176591751163,1365.354049864062,0.24643393140173872
25.19007438440445,34.21554570478257,6.4013500411129876,2.1642275353289335,56.620594005155255,2590.3938311940774,-0.2889151135579664
18.716479734469463,34.610638913769236,-9.168420803068125,-1.108529978611429,78.35849624490506,1493.6278679438653,-0.03113769716974757
23.17094541018653,34.19798425015127,-0.037401129039151826,4.847398741795637,51.562567650099346,4703.396225576703,-0.34431599948183517
27.610785494652344,34.09339505793047,3.7862082420538066,-5.4333749526277835,41.69206950817829,1296.4837943288687,0.2150705077226982
19.64970652013232,34.43518649630417,-4.953761458606259,-8.83084025526246,68.17446020526039,2148.2840636946753,-0.15219899125002095
31.25148108975169,34.086595550448095,-3.8445818941370185,-4.001412050538676,22.804210719908912,4363.651252423009,0.08111950324422151
27.204209706043684,34.03251338325631,2.2727580597876766,-0.5138267026313947,26.98923622011901,4209.6678339590435,0.1464147242395285
24.755911000388146,34.25410375695283,7.958705868874738,-6.639598956146429,42.66829633367594,930.5070892313865,-0.29357662432673737
24.151576719245057,34.29068484166876,6.198488406057987,-2.9040542068722264,47.91603189206816,4013.216548978552,0.33391359978903196
19.4538791104908,34.46063485905959,1.6626043819916703,-2.000339634128629,65.12137555592196,2290.9344336894633,-0.23302529146172968
19.454382408453423,34.52461025265705,4.604434355144985,-8.85216312623453,69.50801662051342,2414.844360426776,-0.20958339292126535
24.317373462704726,34.19764404027844,-2.7035505958440265,1.66614496368409,52.26173434115594,667.3998620797189,0.2700284107222759
29.836084826308678,34.02644713190665,2.819310561975154,7.686868559425751,25.133314274968253,403.0075687856233,-0.01034496761577322
26.029674051393805,34.37911633214872,-0.676368177448861,-6.965141740938952,36.379700689096396,3639.696534868826,0.3384856796838024
27.888948700660798,34.000397715092234,-6.201277270848782,1.9561602680302812,28.095389922549696,2482.305761776499,-0.2110483035154752
23.694665396005156,34.421498574440456,4.034765477545143,3.294784098216926,46.883856737561324,2184.253513075898,-0.29848281848302083
22.33012809345969,34.53273254455782,1.1292927469764393,-1.613306391614234,51.9997535675273,3647.5411432619835,0.3136875853570248
22.933697270759527,34.277683555859966,-2.827568360928172,4.021951747285399,54.84482022415566,3827.5644949555485,0.3020638075840899
25.405546439260092,34.088130304516255,8.226783801572616,-1.7853691301797596,41.82116256025212,794.5408383467678,0.34150481950221045
24.88028791369717,34.303621925341226,-9.581317643465335,0.09274575954869846,59.476165964132086,3051.1257473882065,-0.29751669826216254
28.5095356028553,34.05353604796622,-3.6845369750100794,-9.85293910891146,32.99247915109394,676.7704113884276,0.14536919850899563
26.977480819081418,34.35369164558827,-8.862372044447069,3.8344022826937767,29.7950448634256,3756.8754301452286,-0.19260257941546033
20.56083817864659,34.49358226605802,5.330546324432543,3.226853578894488,66.18628117994919,3284.7757813356975,-0.1862464136710677
18.71869565550899,34.42055634975117,4.042149082275852,-9.231982453473108,75.18454553261613,4783.07310541729,0.1590869758706414
21.32382930138762,34.32110169179608,-3.3729556252736597,-2.6349978520973387,74.02397815407426,344.7900817821059,-0.2203804011029943
19.577909546702028,34.64927532049405,3.5132580441414607,9.580636815833348,66.09856589730649,285.2736057562716,0.0952011665639168
29.287291506647296,34.00767467504204,-2.0812554760810027,-1.585268748627664,17.079685319350087,1410.9353734660008,-0.12605729957476114
