wind,precip,evap,air_temp,ml_depth,shortwave,SSS
6.15483348927153,10.005021201918854,6.80180294236719,22.370036795590813,50.840953044635754,202.10699326390315,33.87139192852471
14.410063183918808,11.860348322385788,9.706648188227112,26.229294637814043,58.784883522020735,193.92740830177667,33.79771684153806
11.125229721123736,3.8406776739087385,9.21189178848351,30.011255794128914,103.71945399626478,328.6472228073931,34.17822794432093
9.547716505421535,9.388199646024676,1.7500953367008598,28.973944619991578,44.82079650587739,199.31753163282625,168.52579304411256
3.1519211249260666,37.9541215187395,1.705934648087952,29.25008079718576,102.94811749665001,203.2346410321993,33.34202118614905
3.195374010850791,12.48089562442113,3.132460719983443,27.92729352735622,15.041125029865805,299.40426003894413,33.26955894132934
1.6643887745081432,13.500513027757643,4.378857081877865,28.200498865561382,92.5395400350926,245.04625403818278,33.78116999805835
13.121579914254623,0.14339585562712245,4.952375811802038,30.399015602764948,102.39430625971094,308.75682125316166,34.177964131743224
9.433577070074152,10.122010023748134,8.098476867487737,23.20770646353253,25.90456073262342,167.36798519528605,34.38438075261106
10.906240653038074,0.8036106144310747,0.8109520792650537,25.658876273339864,52.94264500070851,247.2661514549782,34.28439348343026
1.2439045230401427,8.226448884226583,0.39324676940571285,22.886132315049135,25.23209911098781,155.4989042576718,33.54899879287128
14.504303960913841,4.300536943002369,4.788049919027947,31.776511203930582,86.43772965668708,166.54250566242243,33.949653667141526
12.74309696915162,4.655584627934023,8.413904820719177,31.333658669251463,66.03585291939723,331.5009165401096,34.50629885551438
3.9751700968208925,5.28692068918874,2.264415790088046,20.483414480319336,78.97545939179668,175.19274750489305,34.303355168668624
3.6667080176129048,9.286498610051044,7.673267513541171,29.053318608888883,26.476913698103278,254.0017910221362,33.85469356870917
3.5262627149497363,4.954677769625328,3.066209740251188,31.07183602512328,28.58471275630201,231.40649028034477,33.58235091626153
5.2252009218113695,10.860468122619281,10.553325067341815,21.73080150818117,8.339093195985077,219.4135080302084,33.24455970640091
8.410725044554173,6.115716383447998,10.733265173531942,26.628915412804414,43.16023944231918,330.17071365380434,33.43058443130392
6.919606135830041,1.132953832606616,3.4963782856109367,31.17837263874214,69.57776566587911,153.90483432872597,34.19168309822258
4.9817861581370195,11.695602618668062,2.7495519568905427,20.333254866398775,104.07347683198412,288.6182045103231,33.80670421151576
9.652242263739518,4.192954475902786,,28.372944397794946,81.88425070970105,339.2895738706873,33.70022271086932
2.86075794939597,6.445697898055771,2.9276875014030734,23.455516876154878,55.428168861096225,263.71865156146873,34.302709635407666
4.946982333989429,10.303028850286212,31.752627901265292,30.358064315954078,114.65747385396095,336.16856334756653,33.73484292677677
6.2759991558537696,4.949674385590283,9.87490462350146,31.44976200428283,87.88204550236443,160.35442552024134,33.847380725222834
7.275375649519259,0.8103375976591871,8.053322089542608,31.311036809037894,112.03606046665698,236.11442753424393,34.619187879233884
12.006941857312796,5.602716176136178,10.015008283589184,25.229017124069216,65.29332172201002,197.56610862204667,34.290579825294834
3.8008655277301435,14.17414386069764,4.69937453923662,30.037020036798353,34.74493345470761,293.7949663780621,33.47121705675514
7.978265801460699,9.653103210248828,1.8756987584730722,30.045905778418188,11.24558241669261,345.9246265402475,33.837713481874374
9.272783244697829,10.050476890993817,8.88300396447576,23.742784739709013,88.56865590858938,205.00374484083375,34.08500595187369
1.6855671653561386,9.461212417354917,4.397763595322872,30.049867511777073,18.028846708596117,284.5194471161695,34.46897953975666
40.98785635582975,2.8435079909334715,8.035524973284867,20.371875637729985,38.98089811120247,192.8189258217672,33.9988968525718
3.45838690954141,6.343833493798334,3.1906477216591385,27.24852447794976,66.90901818090778,257.572028012678,33.40576192428423
1.8802515667366755,11.2826603207974,0.9919208794228487,22.577505926663328,69.71657841757184,240.1570235002877,33.81016960127683
14.340425962048341,1.6317416603470754,11.988931427475615,21.501988439693278,74.4314884655122,341.87462510070225,34.34667508062172
14.464642439340187,4.205387034310259,1.8582381240873809,21.307167149711603,,271.5671006644966,33.92676646200445
12.206649474286605,4.1393731365472535,11.811280630589764,28.43083998489235,47.75168671771898,215.25979233757533,34.23730253146359
5.162544706985367,6.370978247481247,11.733893647470866,24.017197548244358,75.45157789009573,175.5691807961349,33.57329201795094
2.252435199010179,14.58535761228058,9.42955048441792,28.45129601052792,116.39045927738638,175.25380090913455,33.7487433514556
10.658652090014927,1.0896507719140953,7.900110684360768,20.80696293612631,88.2630426780502,197.64966879710954,34.06117302990757
7.043035034901688,7.82182031890516,7.0035328542345825,23.7266218921767,111.90585564149512,202.37461927063737,33.72192536114279
2.730084583482357,2.7982595647104973,10.445090521378741,26.620488403963723,92.76627176062529,317.38198348366666,34.06385675956478
7.911565548580804,14.628647323492865,3.464744167019108,29.01344596970798,74.19977313420299,265.4055159366809,33.564114822516856
1.4733674308633122,1.6722535839255346,5.710560568021046,23.775963806403382,27.334728427917533,253.84355241119638,34.22289567914426
13.837714139822697,5.884829463040964,7.545921152917307,27.620062612125885,80.16526587898275,171.46917515354946,34.04099068891671
4.588443604137579,11.112741017082636,4.97366113526693,30.665481361338415,77.34681129162628,320.97229212092503,34.0814384078124
10.323405830871122,10.493575925397991,5.042809413276657,27.3036231539457,73.34315046130412,293.72203919125434,34.05467919123699
5.366908893850661,6.327372985395273,3.8519510844765663,22.705170255108037,61.46905127567562,162.92331504163462,33.83083165982664
8.268998150372926,5.228175857904326,6.852812582689677,20.006183890701315,65.31269988883467,291.0135229384446,33.71797261638221
8.8348040930428,5.917797757281272,10.22140490021447,30.540012216247856,44.79630133576904,256.4775699744342,34.26324645712319
3.474621146802707,3.9034477626321697,2.5153168590589843,20.366060895067758,65.61816626259977,164.69641212617682,33.84264682209694
14.675556853316548,3.057399270603493,11.133822432902997,30.127822780019372,27.25660118661919,240.2283718761259,34.22909832629762
11.903476659562838,7.095086064405827,8.259494746884052,26.54669524472047,97.5156820468054,251.12913147871512,33.50176734372001
14.115277293998465,3.951972012401015,9.940301977986364,31.098062879942802,26.516791663454697,181.72427867486041,34.286307423461544
13.655705862448523,4.234827619344053,6.631017285731297,29.48732393483139,15.309232483126783,337.54816116773316,34.97090965368208
9.22527186909151,9.833992856927473,9.41436970099671,32.458783525136404,55.1864614987382,323.7931920530987,33.70837751896411
13.865209690524372,14.458390605560576,0.18712484592196654,24.626389890706808,80.06660602886244,282.9978959934621,33.56962098556117
2.1438649218542674,9.016616139003784,9.82222889660918,28.8289259838707,54.8902278097628,240.22924957481524,34.461718428115674
3.7761646352002813,1.121962074188535,0.4114855913232338,24.489554746576527,36.82393196578881,229.58038908097083,33.767574170304194
1.5456552279535254,1.2902588013999934,10.693865857932414,25.484364932219066,69.9590419087859,276.63745930817845,33.46123153529095
37.04304599738612,14.327955093343702,12.03356925325555,27.943819659590094,45.171911743128575,260.4419402031495,34.07971259673754
6.426821457045768,4.450506966241184,3.551816382833501,30.325739747748464,111.79776576045718,157.93506270115464,33.9239381615593
4.761192007763404,1.4140373007285179,2.476879254101934,31.424478427495696,111.5082791195579,255.8728518594736,34.07557020660863
12.632886760889015,9.053393232934688,9.26710570900522,29.54075488353234,62.53157712480668,311.0519556625371,33.947391155574536
5.9734232658609905,9.37589891799132,2.9911605056372697,25.168126105131602,292.55525702630035,240.75318659993928,34.02022164791468
4.847477335955214,9.651523281826524,10.48879735060284,25.64342345006893,91.34514682687825,159.81932794238065,33.87506054493945
8.818033699416587,4.0009525078292,1.158515414923848,29.005388235807416,8.998355647750754,308.41550948913647,34.62439308808276
2.934630311250429,0.15487727509289995,1.5276319576182933,22.85700934900273,60.09802341545124,189.0958982347624,34.2592993410095
12.056374005960489,14.451024709513321,11.840317756568705,21.39160441351555,43.2126357520129,201.24381499745198,34.03903354986499
1.9774898084546286,3.7517101197141405,8.034670785823655,24.1373058240655,110.79166017186172,185.5790370636329,34.17398102412771
14.716763647335275,10.217818139265079,10.167577473927306,23.787396152655106,6.398772363460788,216.91194619271192,34.00976407136661
11.876391488630087,10.541035540666575,3.9605712611450823,23.909992908865057,68.45300043393951,298.21938235749,33.191840420979
3.807312993470397,9.085806009931769,7.984069204137812,22.390400679670638,91.7113460963764,252.10439576744696,33.66902842720961
1.1086627867041856,4.640875946367971,7.185859311048588,20.750969008834495,60.58598928711876,186.51414200398668,34.34732265840968
12.387362942283971,4.021647598931554,7.232588047816604,19.93510742304427,15.187094396038653,327.1070922836452,34.04527636968224
10.874035850895295,8.941620946008703,8.27588678111248,32.48227262282324,115.63016377952466,327.72484446249024,33.495179736853515
42.63129883085288,13.01565829592572,6.855245579965923,25.528986273695093,64.84043462465469,321.77527560456474,33.3967540013695
11.791400153076857,14.143256323069728,5.066522831437268,24.315074422328845,76.34318553415659,203.53246281274292,33.42534590936328
2.1023123353562174,1.5970381070016761,3.2788742658677625,28.218108322180846,31.881308323388588,246.35431375097664,33.99148694254457
6.044947798019542,2.331789356185407,9.189539875464433,22.8780853687173,59.037823593354325,347.0550648083121,33.809125786111984
2.6614936645449796,14.211770202877762,2.703026061637486,31.236848931012528,54.32810247243019,302.40523988838424,34.06319945676696
13.122731235336209,11.032524630640262,8.280468346428982,29.079740437964986,13.623731392832829,156.1193046000283,33.85265748400169
9.795722718094144,13.3061124031051,2.68094026709661,21.099482184967172,17.659708965844917,160.9843880462896,33.05097119400148
5.655231290821132,3.066634066331776,7.498331825743531,24.96940045013274,102.56260322543812,245.16592713787236,34.535759235103875
1.9180352514299197,8.837633528821847,8.978683044099757,30.310936844598853,32.34243208509552,332.2607397419916,33.98793107101874
5.447235373483397,10.476587372542621,2.613108812554814,31.659209074598245,26.886533210677147,258.33719020037057,33.76502444279306
5.500270012456052,10.22187413766536,0.736326413837675,25.272604555465335,62.33755385504392,253.96888026273115,33.720367845265855
11.1471943938447,6.148188341080769,1.57672171164957,27.332800940326816,93.52936946769707,169.54420327461543,33.98932532434415
9.83254856597958,0.18696693475943865,7.190021562926535,22.051835299541715,12.422599586651218,279.9057579282151,34.113616928397484
13.435362050596527,8.831737800070368,10.175518521360459,31.974616515951894,70.99283967564376,316.5706882770251,34.06513448493252
7.46523901674491,3.989498362344702,0.5467152815654218,23.07498756485119,19.194502615603614,225.0269776394692,33.728688915568824
2.7106613544900005,6.705477603291896,8.795752635956397,31.25016971849132,9.483064100334474,309.13966549795373,34.07634733760919
10.976840521955056,14.329130140014813,4.0073122861122075,27.116677484902148,11.092497964547185,345.40138621313866,33.49478634409417
11.740214114423999,5.952795388549871,5.814862032984558,27.1919537645431,100.36645676119977,189.82310227165667,33.79521572445464
8.80504393180404,12.500697577146319,11.088672924222685,26.341545645600508,18.2665213140951,250.12829289218215,
11.777552399452674,2.7636524327672416,3.910004942941659,22.730437200844154,8.678100399219995,203.78999535160474,34.03870913438982
8.001383837797071,10.149961951877767,5.586463447783316,22.082666479495575,55.50543757493447,307.36415065928304,33.888275811905416
8.42702375191061,14.649071707550464,0.14546692105954254,22.783093084387882,102.07566606436629,266.53239508989634,33.98386505628207
6.9320898517229335,1.6695521722279498,1.014845699171621,22.40890454245097,35.294429842442824,279.6774798344406,34.24049518466047
1.3701623084197097,0.10357785579588834,3.1548410481392875,28.889048837156114,53.811259854812306,309.0385674554056,33.88093146617263
2.5336318843355015,6.534367097948636,0.37695108127521754,24.196629502503544,9.831548375828278,226.9675970215154,33.40598900968881
1.4693911779791526,1.322865775524726,7.576398193196304,20.643192035926855,56.57523455635933,332.66548200727794,34.31681242113692
9.889097879818713,11.21766072130737,5.149586745902237,31.648825855736195,71.45583586039469,256.65679483316313,33.570333163589886
5.5017464942042125,13.724689750237362,6.485245139897932,30.09163532812488,69.77909321555812,184.8596065425546,33.38405051684663
7.971391109134794,6.3555460190925945,2.1606537736822315,31.478143703233027,42.86527495226275,292.30939565803806,33.53771029359744
13.672814672579545,3.8199934783944616,3.5271809355928867,31.94064773009361,41.31777106113687,306.1426940411046,33.721052164562394
4.525314652216538,6.56282644798809,8.08269651512879,22.197598875159795,16.803107090553183,214.48974975016634,34.237387141298406
6.781315215074133,10.894576103311477,11.650325042217846,25.215547216494503,47.71788223526771,319.2971279715621,33.257494843122956
11.684091387083892,0.04398660361105959,0.5933037004309516,29.212237446732388,16.031404906977258,329.1606739506659,34.44942464119823
4.297397870006741,8.815258841315803,10.685881342917668,27.95057490227221,93.29334256372397,207.98258379589296,33.864971984408704
2.055264909922673,9.025075336850291,6.992780553244932,21.824202729436497,116.19419194055074,346.2050669039995,33.522380877494285
5.158736908613916,9.565070886201857,6.633026391852231,29.966036711530442,117.02366820776749,179.74503861034307,34.13987388228193
3.200948693925943,3.7230341423632125,5.993841916539298,22.70805801335868,105.04458026116345,191.74254317083293,34.037775188137836
14.088968316198283,10.80668040108547,0.9336109339803358,23.13102223462091,74.5236420071469,186.64587196549022,33.212293866252296
12.45605741008315,1.4641466892305284,1.1286158195079383,26.220422127729517,84.28702017176656,329.6320134874131,33.48388211082813
9.963190835656944,3.027816843041855,7.161273801786062,27.440059562383905,38.54290122925535,281.3691248177396,34.25399589207511
13.208765613777071,13.247243893571428,4.110148886726535,27.179898600299616,78.49046898193878,177.53919684370936,33.876544951323666
12.22531934847395,11.066925801141007,10.949306082165018,21.120996135446145,57.099221860993666,239.2853423864081,33.72736060728772
3.4917786453944166,29.590299324506944,4.858839976390534,30.615954961717556,60.57948051479094,271.2912143785473,34.54770781666818
13.520245548196264,3.809543291940226,1.739171617766588,22.93217820250979,91.58910770698883,164.014936289175,33.876677957283015
8.463095256925046,3.237315250625942,8.606854882321414,21.47403362273075,36.20631484667746,328.62399431330556,34.558941151677054
12.241793300350443,3.9300439638539086,3.56349021817321,30.815513487053003,41.11416275497412,309.239563717733,33.637860986534434
13.451642810420596,3.802883470790189,6.378798191525279,31.428921953460943,110.99717287786343,253.82341906218036,33.60915881807251
5.4158452761338705,0.9217230670275592,8.303214247144648,30.361244197206673,11.244638809471521,346.1765071286058,34.019808873220995
2.538527542818337,6.835036479399395,10.804593604544596,29.973063867127973,60.250316297675695,232.3580243849329,33.91127310340949
4.212608209208901,11.063006676796402,33.17293049732665,27.365414338497747,109.51499642725729,349.4980564337412,34.18061863051676
6.9322876505481,9.163062149615556,8.092683566222654,26.706639544057733,75.18488638344503,282.6088135902974,34.06867741586359
12.53629082819747,10.022690477917845,8.110865592116351,21.507237114239818,67.35678176559014,276.7629511927412,33.541016575705555
13.033855754105769,1.2056828881394048,11.38070667888628,24.803135877393913,34.059323543607384,184.42781988864925,34.2621524842092
1.0353865511892164,14.205540010893232,3.6123254575253605,24.147701879822826,44.901515447640016,,33.34165040551155
8.168256936135801,12.512504954773439,0.0789829247807977,23.01555348693814,104.46910678110494,237.85470753123602,33.31489253456755
6.998159822639268,11.856218818127422,3.19792608457637,28.2853223690749,70.01164734318797,182.30192922189983,33.615475872860415
4.135865005237741,12.270171622412834,2.6073858890012773,26.00937698398122,,152.78025691992448,33.47315338902142
2.649581657505763,13.978068667956123,7.8748422787507,20.95333208656197,16.065097157599524,257.9857135279558,33.47451144580769
5.606499074520341,7.95540328929525,7.53539044821344,22.72533710158569,7.026311377065937,,33.64856392629277
14.183482165612544,2.9033219363447014,7.0823007931606154,28.16487339504651,116.02734245858683,296.1183838309598,34.382348669060555
5.543314836945167,9.296406572504608,0.2152763444704972,125.30149865182372,48.03349498482574,328.7617053791704,
8.232590925431412,11.039338671741522,8.776104495563054,30.331988131002014,74.85795032217563,167.6791607273109,34.098902930080776
10.711306375572594,11.057195449753092,3.921155943586334,25.629361458464135,13.295890971171122,291.226584973191,33.59446543304313
6.023929443542692,7.700120028549882,8.01579436113882,25.857312462888874,83.40582453131765,184.7727699143464,33.5307397500617
14.719328124453224,1.0569974840436391,6.6286698205650705,27.486646756003633,112.5916014825839,326.14776237211237,34.05567597893744
14.587026113763374,5.54273283152339,4.182900008339396,29.645313955003505,71.02227182931121,313.1671443985079,34.18533480340546
4.45523045702445,13.7439984506167,1.662543798203038,24.254135014861507,19.374405665693963,260.05597776823095,33.03053157868738
8.014381929685506,8.572214159045108,1.1085572833897113,28.473905766726116,71.81210280363611,290.1783683999523,34.16726575622623
5.119618185205306,8.009229744173942,9.955990020687489,130.8243298056882,92.60915426755516,211.76247600480494,33.61514721049324
5.098196620530002,4.081698625641171,10.981783129411596,23.412453301749093,52.469516870038255,248.87921045645365,170.00682831993518
1.5357016088578852,5.640750341122636,7.720859765044481,30.485646598275913,105.54686515734647,313.93299242272633,33.63558072053191
9.608576606224933,13.41406356881742,1.280699749455779,29.832911751757127,79.79682739807805,243.16445870526408,33.341580729528616
7.902638386310554,9.989584061612248,4.873068815030912,27.686368887222084,108.67142510474184,221.8864202256386,32.91234146827669
1.7739891327179154,11.760973715250998,8.692362307215575,30.204618770033075,325.40556224399637,249.45971800731803,34.38210751314867
4.900447042274045,6.905602829075949,9.284810454626655,30.01144457513771,20.143677849313843,316.18143959747397,34.15669457044456
13.78271462762974,9.43600631497225,1.3630937301437167,28.614419068253756,40.047632931672325,212.0880861548075,33.81645063629939
4.425807938000057,3.79149347029147,0.00690532128626241,30.161209360410897,29.073364241068976,185.947278673662,33.673235138799754
3.0337012486891086,10.600169780716454,8.463703465388985,28.510721566410137,108.80531880736736,291.05614379929983,33.537013579627576
7.805091853975519,6.423060458982165,4.34602494150668,28.289919134763444,92.03847673013193,1321.5777036575419,34.17005807185293
14.860418482177911,6.563136507507412,3.117098012104207,27.39958025502605,82.0228335767748,168.19217757387025,33.43047605866197
4.384043496910646,9.870955858001379,0.17993016891799407,28.647171685965198,38.7649625285791,196.79355008002256,33.52513755983975
10.341265418112163,14.152037917227927,6.53160425039905,22.16203689408172,276.45051354179634,184.52145230168264,33.22740634363138
11.590317599674071,1.1273765187462146,10.217292587100966,30.56042383826346,92.33015083808326,221.40027513285278,34.31622209522585
4.210767436770487,12.290281550194374,11.519159963029633,30.564759519020146,59.61559943177428,237.60691658863647,33.2471982294059
11.154901667059606,,6.711848171353123,20.30265534659187,30.556597303410136,300.207144084954,33.56542182147489
6.235675058793762,6.6004386059868985,6.255981130150689,30.420728130064017,76.47718217600016,277.17265977938666,33.62904628328504
9.866265437762534,0.3613340198101026,24.70883566708593,21.3983717589242,9.124709414153985,274.8309195970851,34.180905946958525
41.28212416698152,4.537186014462652,6.578836677504582,23.863327086325288,43.00420234573113,218.46017298682247,33.804293096021055
8.564136162172417,7.50901734588312,4.707221644078514,28.51475664798224,58.340275543175025,322.96060440964277,34.14099609334394
2.1985942178444846,0.8258247438865296,7.27257854841015,21.95857137041451,21.613529204735293,245.31166972999327,34.677580143318
12.701732894552013,7.520225021210115,4.708557259196332,30.30035504735109,118.70785241084796,347.14240635394157,33.754109262530825
5.476795510440484,13.896706371804147,2.9140974690344366,30.01822522191205,29.584563639242916,279.207375659455,33.065058861662784
3.672526797166037,1.4188849765978908,1.0605569692293046,26.14885405359776,20.362975498589055,177.91211412993502,34.29559620604106
1.4468251817678985,11.427173654715267,3.7197439315053096,20.33048564904336,27.75231772849129,283.50952215240915,33.13318480117168
9.205645124866729,6.064501907105941,1.2804512212406296,23.486739200190666,93.1636148693134,215.2586818665187,33.490102699895985
10.357076115356298,9.759951088116576,2.1571035089908563,27.715948211043447,54.03093547184057,286.1495981780487,33.06841315228805
1.211815978599655,3.955725924953293,11.847033339336951,32.12578207576074,69.49353216246185,169.17348790473596,34.47937778419448
8.264564529380184,2.4579161437135593,5.297482695240718,27.42708506105279,8.270483881151021,179.25212943699123,34.17024936546616
4.1311945477099945,2.3449277868944978,6.401439441312711,22.744526596193094,7.4626250937881204,319.70690962490715,34.60876126613908
9.992260965717737,1.0168728770864217,10.508037549385392,27.787942442902168,55.78460116038804,195.23562313640716,34.146354487974435
3.50967885594209,2.73334662159124,11.960257865733247,26.563980400851907,98.5977737154985,317.7512236719075,33.93268436095376
,10.07495684001348,7.055954885656961,29.08534039216067,105.03002820306864,206.14707531845966,33.62153404856275
6.407329981072004,13.293089694866048,9.698287519807156,21.1069068273332,14.101077580764413,278.4607802986567,33.33521610988894
14.168063023064285,12.261678510559381,3.8639580632951507,28.954664020117452,67.30145852732862,288.42328827261923,34.1393267801748
2.8406059096540655,10.201100374961499,3.7307738911942487,26.533662273190497,110.04028771898268,253.1353540392464,34.78911278109921
5.883287190694816,1.5307512322707595,4.95771146188234,31.816064033196195,50.597298867058605,212.21811333774812,33.883318612836405
2.7575947881544174,4.428320998055583,8.120046681365729,24.377230029524537,101.36310852423958,197.0142633782904,34.325781071183116
13.986696937837156,4.788251463166085,8.263247513025382,27.797742662795677,20.644889553057006,161.10109500705312,33.950528133210085
13.11884761798851,3.6201475110761923,3.7784357169949234,31.10814856802707,112.76558708959672,211.54322063040962,34.071994743522545
4.567285839171903,7.889960274051299,1.614297751663308,21.809215486826876,91.45477203534207,279.39181080743913,34.15756357493496
10.287966725893646,,7.603735739008763,31.255407142129076,111.59871735253424,336.59544880700935,33.511674946876525
12.407967100639024,5.365659909115759,1.536623954065106,28.153210831715157,81.94184472810082,320.9493445993874,33.55891637148343
8.872851862903344,5.209898623608653,7.025589613934201,20.45771708664163,46.854196592798964,305.6006278364112,34.33366397510234
8.461358383086605,12.297789364872735,8.38722706600117,23.520909819222897,113.27476310705408,307.5774167141407,33.91243824921024
,11.672875857997187,8.383666306409003,28.61251563071892,36.87071139834433,284.0922385389313,33.83139778561027
2.305975922279415,4.692760910732424,8.944094721894666,20.39444927733045,42.643625380324714,202.89334561542134,34.23859704317782
13.490733215981086,13.700740868490183,10.470543572138558,26.7371731598325,86.17719168963994,329.69159854689616,33.9735475332987
13.591495070857462,14.326118684317978,5.931045528745256,24.028694427464274,93.93528420823256,282.0898064174457,34.07369301658151
9.81980945354455,4.984485972383981,8.764394030916222,27.248731911884345,112.4659878056867,260.9536657968398,34.307722010298406
5.838795546645756,5.309327575705638,7.366281894772414,20.3251352918497,29.16902915091814,173.41454670869572,34.04668662593294
6.055328594032776,7.708783139319581,2.314181464500723,30.7517883539996,96.42124542833635,239.20884105212846,33.95486693177639
11.050836696534414,14.056097819016754,0.3488569674955911,31.25130095661951,,237.6498847233419,169.02512660537462
13.408309762186693,13.114073468111714,3.4536375713629335,31.67227810628201,12.427215732682013,320.3474291968906,33.338065690274576
13.399930581382288,1.4721112499430224,5.3799772035373845,29.131219510372958,49.84948012059866,258.6599279803793,33.982294010782425
11.798855630436357,5.952417862158613,7.428461113672501,21.43476418191227,37.745777170449465,226.0039375549707,33.97099859826738
9.992076938012213,8.382477157192389,10.231933286918988,29.039960484561348,39.94068388629167,346.6512443213775,33.4510194903811
2.236852788362349,7.513671807773514,2.440015674101441,20.28446664432196,117.50290822640233,172.24245999011555,34.02728621592458
3.3802952162387943,2.805471314189825,1.4986217219070186,20.430936382071604,78.86821217546556,233.6011597184834,34.336121076130546
13.595595485276109,12.972770731297809,11.59763825459906,24.28259129244072,88.14774169657748,157.41030865499073,34.05881273625272
9.47481789691509,10.089327135605366,1.2340913513405534,25.52866760814586,117.03588548740832,298.48544984039614,33.96090941054475
0.9731866096195317,12.538997092272671,5.7465933787911,29.005889955752135,48.934969515721434,334.6624442835154,33.66422764322644
2.4226606933546275,12.802519450608996,7.160723638883308,27.97367907786535,97.67098699422768,205.18137238478536,33.538029544553915
10.294630506649643,11.246482180857793,6.544806197742661,25.34755458257602,54.784752781725395,318.968914863485,33.94275760722357
1.1211071291530785,6.531523490163132,1.0272870545068702,23.17924040254498,105.86191992827479,208.1966581366033,33.383741515989485
3.1956001079683336,9.209794225201998,0.7000082791957118,32.13932554499846,25.55402841892689,330.52625160285794,33.34357048654848
8.648062290767205,2.364307258957631,1.2645560875061144,24.94293494951691,114.92471153716797,301.512715146614,34.05321771222683
10.57030870433679,10.14424309769115,7.04079034760815,25.18495124807057,30.429309233039533,314.6903491318253,33.93801755047804
9.947279720986538,2.6207824741703853,6.508480482599466,21.764427486226893,42.50547012040639,150.21589749095813,34.35130610296996
4.0526026467059495,10.499443165220717,2.8342317237211865,29.567891095983843,91.40879877247932,345.4443496787076,33.17742523782363
10.847025087743027,3.407201446972668,7.6847331775999965,28.57561841652518,50.226834489405604,296.5090541592705,34.14279649167873
4.347964905227285,1.7698945822111842,9.841203609819056,22.637644785031352,74.81731843838364,213.71262711943237,33.79749881779557
5.514851827313981,2.3918898463887346,0.5072520039942859,20.842980523130418,55.34173932906152,314.78747539974256,34.21296129031461
11.408554901115275,0.02869923538391439,5.997764337256578,27.89705377543445,90.23691739958583,202.68221290488907,34.596019926809014
10.01745036361068,10.696446648176225,8.240463314877756,28.235390172035167,30.757136420573858,325.0008719326213,34.018593079027234
12.634931998367819,10.982786990074167,3.0565160834461755,22.81978057564522,12.087878621651422,176.02202574253317,33.48786067251629
10.325187891754618,7.653273487318395,3.7395084731818837,31.36182703216747,40.30599932777052,288.0807888013813,33.58878028191427
8.877663256425036,2.409014895380211,7.450510612680321,22.00564607424282,58.78084069581346,255.8595349425529,34.001148330342595
2.2790157190197426,1.2875864691229184,10.794100663980561,25.135885928977167,25.389474675303564,170.77771604207925,34.134896903820064
6.033614462602167,,9.686147925664303,31.175670456595697,45.72157091422258,197.09578396961774,34.17474367117339
4.789261781812507,2.4830208572620944,6.99145920751847,25.176449899963956,50.39038046743344,156.65403615149117,33.77053267215878
4.427133673362104,13.392866749931644,8.694891258382444,27.377007041932657,12.072320690025544,245.38691978180762,33.24056891704212
14.55716577416628,3.652774628702984,4.420996296366951,24.317061390403946,71.802087858304,208.45153335341797,34.036988697780956
6.472524809989739,5.4551789381920655,7.569459793471253,23.38270253624943,106.64855312786058,268.2571642167718,34.09868582972195
13.620616990326912,1.5254190129703145,5.654933603527888,31.54814627993006,22.198474976625512,208.1322694838282,34.630365475458234
9.83020274573881,,2.347142935379641,24.94636587298537,73.2389025601717,209.87631490143698,33.74207208703501
12.113067466118524,7.916924435213133,8.247094781059284,30.69703751204634,81.89622824893722,299.401232972137,33.2529035887466
7.962892906625735,9.015278659026286,6.753190423367169,22.827546893421037,53.04505543314368,160.2082578382742,34.13783454049645
8.927672257790086,3.5112857906043264,4.364369491154587,22.498024445683683,84.73085207029203,327.7618270555329,34.270933842794165
7.88266292553733,0.9053770352711219,10.918872345350858,20.517468266296824,52.57756699650609,322.7118032720355,34.671410592005046
3.7589966496014084,5.9422286574921905,0.18054351674933,27.636486910979162,62.28192801045933,282.83433826562793,34.31615585589442
11.20079644684354,3.357845185644977,3.7396048673619813,24.626095969308594,5.126848985820122,266.3210122076056,34.43818138250159
4.754000486265135,3.2697854957830503,0.6376022516776954,30.054691570722994,85.2910860549203,327.3006588069663,33.54455726643298
1.2519505481286002,14.323066432233556,9.276360225226965,25.984388554996016,80.3088081834137,189.60668570486922,34.24285403966769
9.990945034234924,9.267285843317309,8.39866467145272,32.153476787930856,7.9724133219901026,166.2705564879202,33.67475206014534
3.4792757919775754,8.350686945273853,4.029905620084867,22.254506193397646,47.73695090641544,198.5972732882327,169.46813042407015
14.155015323544154,6.3329077312350694,8.100598941530205,30.832784520632778,117.39928362103439,305.9850561289339,34.09900316165314
14.345430976592116,6.335242473585695,4.754512294275572,29.796088093787176,53.24905458824003,157.26527248022182,33.58017570910124
13.840192471065704,8.141970232812952,8.981873305819123,29.16734894800823,62.527714200885235,269.0599960177927,34.44408266646244
6.111190521070457,10.492170576447991,5.38219113711995,30.149883916544507,109.78635280880388,344.5713785846943,33.59901246390171
1.2898497007560996,10.535894458485993,5.024027898120378,28.919931790191583,87.01599537818657,320.16497324943157,34.39792709324506
14.03054480665856,2.427789003022441,11.207525786655642,27.31911458463893,72.85803029698819,255.8500887487335,33.96510370607127
6.969427772917839,7.53225683731598,3.0283760907651662,21.635680837617734,95.82750108707204,163.12455379053958,33.46477280346815
14.65905633533032,6.125627141917454,1.5524717623859994,19.963621368465972,104.6793818885792,313.7227884823343,33.654949105372104
14.613069882163682,12.929675599393907,7.006950066213167,31.26792078163372,57.942319995903304,270.7932750165087,34.08853756017171
13.015491458697374,9.498440989140187,11.620937317152661,27.443438680314497,59.16402103815564,170.06245483534124,33.45977220305257
4.884917507900961,8.04399347993614,4.605582579497935,29.736167508477006,48.75783132026755,166.59841521763997,34.23267260011915
6.515529996419405,1.6856531359117464,0.7451734092518498,25.730786818898245,116.80514382167591,,34.588055416368704
12.978409966813562,9.1459026104187,4.090637268746281,21.583121596219534,84.55658097114032,287.70594890019794,33.78390433599195
5.5946838562237815,1.8201313268927062,6.130283719947984,21.566825811934898,14.19255892085512,311.6750510510674,33.94716329750742
3.470207617106489,5.0568147576038385,1.9430828771182205,28.359089064507113,104.7933579391538,1323.7229438032266,33.88143704461519
8.91933209893578,2.1864939138912747,7.943924815479024,25.39887522604097,60.286045119762065,265.0641378980642,33.77258285005021
14.17526066852978,10.45292207557745,11.966123836950462,22.076344824102463,11.786657909878892,253.75178182160502,
10.850472880503672,3.132402160999459,5.479048041131742,25.715743107299296,69.30631128669135,234.908386956238,34.2074173874645
9.137666131142138,5.7096685538539855,4.28172427447299,21.374310115908784,52.64357127080608,213.4239470556855,33.424196452040434
2.3774998933244835,13.249734263750067,4.7950852044496335,27.037722229471772,105.69016945690935,234.2527199293498,33.37445321448113
9.48646738248858,3.1431613183429854,1.38615659439699,22.780107862028693,28.61879289937596,305.0066909396633,
14.836576431502436,7.566438536602967,10.454352294465114,29.12434517308931,100.43299930572185,270.90966841357596,33.5909087920259
2.9918399432802216,6.252594099411341,5.048689856474065,23.704782620346393,70.35642667701639,331.547252758298,33.42927146315298
8.262503986996096,0.4108814997287509,4.572902347870094,25.326211766358334,10.24557368665016,243.4533800913558,34.219874098366056
13.185198463105682,11.837404957343505,7.852892467974169,19.929110772564325,117.27697128568094,270.74758845978766,34.16279183186743
11.242500149404492,1.0255036797487307,5.278429774841946,21.337090354050336,64.41382209631836,273.07210238468156,34.42824784040522
10.699938367494978,7.114742446270604,7.672492854895005,24.61364247025553,38.3653523782698,269.3037206856585,33.93146340523021
10.89829451687697,8.39451013651221,0.7650816847098857,25.973410264573275,59.472442690664394,290.19159387190757,33.579422251298816
6.157147584861378,9.525262448054914,9.786085597614608,27.2654896490806,104.23591658950092,197.04062125256172,33.96761442271278
5.182360954930856,10.301920028594228,11.257199251359832,23.423031403291013,39.20257288528236,248.43732027040917,34.24050412104369
12.414207941573745,3.8519984938291345,7.744981861277625,28.04197284288334,28.248299858950723,171.09197390281372,33.70458396976773
12.335232518767368,0.15484975567166845,11.413677835960314,30.522116722221902,18.87171950957598,227.9614475747571,34.01763720921204
13.002022207760376,10.922778859402513,1.853640792462926,28.7467034819741,38.54626292308792,250.02170539222843,33.43750547834663
13.749571047764018,7.933933536719906,5.634498062388446,20.702535224820117,94.54237498806356,279.17870444624646,33.80276944129282
8.1384454071183,12.376001913636319,7.197430166779858,25.805545000941837,60.436720686182255,338.03878238461994,33.69209625399691
7.982141947290301,12.323013667634427,6.8901559638212495,21.420512988278468,30.968268362257064,268.8440731220513,33.68545984708527
12.1804334864542,12.58755724336374,4.863122236274128,22.906565111770007,24.09137266389784,301.0574737676167,33.9114126837661
10.134206478694994,7.384170983413584,4.037077398264079,31.51798223317742,44.15641010812798,254.72515168215068,33.202996900454615
10.894613913546799,4.9983159438603115,1.5543064825131283,21.814686796412378,112.90413435577109,279.6286756659639,33.292854887061715
12.119227161405778,11.889538816017634,4.774997790548783,26.208086658228098,43.71362992993141,,33.51066647869719
13.310370917950786,6.746803079060312,2.027019582057124,27.29288664008345,118.3742337316496,200.7977097110031,34.15734783836473
5.693960663441724,2.70372276942129,8.751785035161234,132.93788580206365,61.6558267136114,222.68055138344386,34.012026610530754
6.261598544129432,12.82884027393519,2.524319925672508,26.79313734570776,25.648016090462313,245.17382158242066,33.53416857369581
2.4119037806123753,13.313037557051988,0.7692740738891516,20.23477312751747,108.68436273953931,158.49824227293087,33.59650044682603
9.05127188333257,6.971653622189998,6.669689581164937,23.693332883303917,58.400774166302924,180.23205016362223,33.97872112709546
1.5434961716143232,30.529839555711767,7.189914023091041,26.546981700794493,86.21033754553149,201.22298563754228,34.65364146606638
7.541183581987717,5.876590663575032,10.357218780260348,21.131615324033294,118.15866456689275,340.6301667939657,34.1990359906188
8.600477044605425,11.929147361466384,6.964166349888811,24.424468075024954,10.23841060744998,212.12511734906752,34.14720383906403
5.084750871092655,13.614030004758241,4.098755255805956,20.29719147619101,15.703284075481804,244.39887355057084,33.49714738303928
9.219699794160963,2.9927787716235508,9.675553568147894,21.199164742773103,90.64404359047143,192.59149815860613,34.65994014355072
1.3817731849656423,1.0740825629093396,6.521460500089753,24.653019012406013,38.044716972460286,269.17790276150737,34.13306278455865
1.5219388103464007,13.181870962640948,24.703396647891182,21.359981497680888,26.731326333327978,203.25074981013168,32.87436930430613
12.466069341495274,5.687787198176868,6.783646043777768,27.272661236345805,9.138228917329718,189.33112606200606,34.784254755377894
6.082616992348163,,10.974257074588762,27.65468862793221,8.490590289540188,256.0886385456207,33.95223726768351
2.722764645943708,14.617660814584042,4.786009014223521,30.38692933459005,94.75103772067231,154.69628531484895,33.76341858204316
,0.9761427583587584,3.574973151635941,22.584846301741575,21.63253481603912,154.0753302867188,33.63297585543017
11.772032565802014,9.709194150800116,1.6662297992213477,21.92767558031558,59.930330197848924,196.5115503199039,34.36523615139607
4.038395285383032,1.0551335194283908,1.840831544070692,21.339868385039015,73.75631477181147,161.4819758604092,33.6359350848493
9.684314475068666,5.719971253585177,5.310580789808837,27.820360590304,53.568767180738554,167.1052607828708,33.728785601039384
2.168199990771054,12.023167739949997,7.065730302094685,28.390991722971673,7.491670160101506,214.70401659532334,33.222980570633624
1.7310938732345815,6.633861733915693,1.0106747791219797,20.909910720853787,94.5143767412494,308.76192646136377,33.7942409754367
8.454855156142317,15.042717430375658,11.325591756926043,31.619436259680587,6.4106073856602475,264.66954842165853,33.5704923611464
8.568561281069599,8.483862064963072,9.163914007979812,21.33492656752446,92.26408657860371,252.7852488007821,33.4132792928264
10.058121354489263,4.823329543938431,7.082518063482439,26.176952742023996,109.02173100152353,208.9885448674831,33.968411970409825
11.087371165545774,3.2658975535857286,9.94189722924749,28.564886859416415,55.963652492841916,338.4403057798537,34.29789225867757
14.656880388154654,5.292999171942486,0.9872988370754426,30.08983829445429,66.5833573200721,224.59916429914807,33.826397639965776
8.1044611143133,5.702157801917574,5.706172798966712,28.284341274291872,61.07171624789733,167.0670482113389,33.28777588233192
5.55064958962412,1.1611381083122525,7.633410545778587,29.535632713141307,50.68644747989026,274.0786041968278,34.311992312319134
12.0449082921744,5.407004537793368,9.851991781974998,23.99301639043227,106.7729258426192,171.95234786987515,33.6845210996577
4.769766335358316,7.1625325685475305,9.37270755128708,29.874387814272033,106.55014208469865,219.51837963221857,34.27492468204992
7.116342270300548,10.859612949196704,3.3512847475390286,20.93251386355925,43.48303658990942,254.0428339203434,33.40313573820173
2.120477470239733,9.90825224734899,11.359989610317092,30.946466898855864,75.33127117765551,1326.9249398223403,34.25836861957412
1.311441186849021,10.565631155008642,1.4913328423033596,26.654292367180812,111.72307100712747,254.064064269324,33.6156345102365
14.430265395780749,0.05453401320244132,10.455216570434619,30.237319207410074,115.69233749490309,292.83354643941925,34.31039934378902
,3.159176842553296,11.638779793287327,25.64400625595437,63.56956440640645,349.2299646036084,34.673500724155886
10.766016055960755,10.05057860409014,2.1040841574276543,27.415409816418517,57.401230828940065,177.55957287650847,33.352992411093716
38.13558945923407,7.2092284235398605,8.645761305692188,26.278882540578238,36.29416123149583,206.80817739437526,33.54067007352485
3.406395945077896,0.07294281600346258,0.45762332759322005,28.758725725090553,115.52663919500158,233.1368792805342,34.20505682884994
3.3195025936222975,12.045252462455618,4.839296838293445,21.094305451247934,21.149661209403327,237.30700843430907,33.23731581053864
4.484908168347557,11.517055335534243,6.093657034899326,21.004703040192183,71.80503698434869,233.49220351756574,33.39269443645888
8.634971406237046,8.211653073965515,6.985539618268644,23.038953868960245,38.08997128777003,329.6970603628628,33.391319239049324
10.950477617075816,1.003415482410786,11.271253711901402,22.065345113617358,36.322865622686145,293.84584426212683,34.59880648079422
10.199582209411396,11.589581172584703,8.155852038381571,30.165548675643716,51.396075734204786,273.03116566938945,33.41345994537633
4.872325683409429,8.677800432823396,5.8263508577032574,22.51078873257045,119.78731303471979,213.82291852989243,33.588442521774894
14.267487646697894,11.686479519659528,9.764089529524592,31.211621193232652,11.000615294748588,312.91979730545034,33.35338837989549
11.242154327703297,11.316668726840184,11.423945187172665,24.15802848266146,72.0931135758815,342.86083216187103,33.73229860143025
8.695742366649437,12.048369867366619,0.1602874142175736,22.404913049595187,14.046827538536947,316.24478823521616,33.57126256898087
9.610609177062587,7.774814748009489,11.806865573390223,29.132335638380837,22.423750946073934,147.28253481551832,169.81190601415682
6.844421930132557,2.0334392607303293,1.040248778747064,27.945823177762538,55.10729244756777,274.2709150169234,33.62095653483802
4.4519435035307335,10.12462285125929,9.833705259118538,130.28850087475078,64.38352134466543,163.02749398791627,33.70873119432065
6.0834920382446604,9.411087662993634,3.397664336245024,27.104778774107793,34.454218967910045,199.37941069087634,34.21530434152807
11.711679621860075,11.230977875205806,1.5784554013401257,28.397131979756587,41.67928605448792,165.756677014108,33.9787862488598
32.63369067300072,2.5339735189565973,5.394371689090458,22.98095098289693,16.232534243676504,270.06040390520286,33.95325559097833
2.5754084361391607,2.7346353844153777,7.777786175503808,32.25416836958537,39.82364574653703,288.28200910081915,34.04839665532284
1.5760617175044187,13.373335123671522,4.591573611192476,31.64666644645918,116.84729473540656,173.73988625722933,34.213703874709495
1.6246802907139852,11.257045426973443,0.6817816553127124,27.880203743127737,114.68299385528789,224.97816498606028,33.127357493991475
12.96035083503439,13.548538336422979,7.197161330408125,22.67555552200011,44.151184237470815,244.7301327303619,33.0214967333483
10.820817651024335,11.320291784645526,10.829817906033922,27.875942245838324,70.63773151796417,223.11432738774866,33.60170301027852
7.574450346847989,8.884100124864116,4.469906380266159,20.75496212233561,110.00365346921578,174.352255008363,33.75253044601621
2.3091548248995575,9.832184030263013,2.541735601357936,20.41640891853633,4.908801284303904,228.82460693207278,33.498270265489744
7.907790321165855,13.276425779762977,5.2788551484617106,23.63057927024379,97.74246104438747,296.88820335558677,33.964427076411056
7.525164096021545,8.694244533284515,0.6070718316918012,25.447198423214125,113.68564434027634,167.02477799434428,33.72686855043568
3.503058591233253,9.66067933553185,9.747918341421212,30.349193661768325,16.898885466713043,166.02214536158868,33.680234932903765
7.031943725981558,2.3334810513194664,9.885188343004137,29.12957459357354,23.060053464529236,219.48752492181268,34.065897714453406
6.5672995218012735,7.023490572804775,7.017505783271959,29.085411083453007,114.97011303858966,336.9186683375003,33.633151332262536
9.51676688436241,10.639054100164056,4.244157368492121,25.67521954897252,66.16650930072836,285.08863628376525,34.070736640649145
9.890338705248011,4.088419103030137,9.624267238124148,24.43638429887688,6.981506778890224,288.8909832699261,34.06191606473181
1.6084383182572368,3.1811380584665025,6.617952373026282,24.41438052839707,34.71656638202996,220.97696701779748,33.68697945046893
6.240638470932331,4.641083802851716,9.877157557534609,31.77660540076834,57.420827861878024,271.47708542258596,34.434384072389975
9.877767999463135,3.463998176517081,7.537168975833923,20.266221381464693,85.10287672370092,151.6252774520517,34.040304545117586
8.057881068983649,3.349284357311854,9.389733948676604,30.06397263051135,88.45313737559307,1280.3978229075378,33.74740452628066
12.928369022619362,6.557848900152943,7.179723359144058,27.033003958231664,118.9703509014762,328.2112518546272,34.500626608006364
10.165775548888409,13.673239621410607,5.047670069944453,25.42691844783507,38.91470744819243,268.49778494887136,33.784931053106874
3.3278806659562705,7.637564666076492,11.43531687994494,28.898045604732896,66.76860930366452,326.7938788675503,33.99017788275663
2.0900864020486907,2.823713791676522,6.59717788564157,25.807819226216623,67.07235579602829,295.483291318707,34.03072236467062
10.016038777100045,1.2046683794729118,7.187917909335106,30.984533984008237,51.555918556206095,175.12281855018043,34.1099933388745
1.425315906120483,10.489036066618608,2.7024549234179185,30.454082748499584,23.850541248141486,327.788548387784,33.49228654010267
9.248805423115979,5.762796917091294,7.479598276079261,24.676777834724913,117.21850228933341,,33.88010037386295
14.27481281203545,12.257415896730464,6.8052786798212095,23.10814176805637,102.52815476300496,252.60482859615092,33.44550811349068
8.9033306783496,9.913087727122207,2.296142055847679,27.109757002029617,61.955826451574026,176.30472684000324,33.590877448693405
6.486846340333422,11.936382847392471,0.7198925042971818,30.662186103758607,74.49844737313276,152.28405730675206,33.36474832591908
10.083392044548512,4.0201948506574565,7.254890291323453,22.87928459794184,31.453870929422248,235.2279968683277,34.09344046637862
7.310268700017359,10.405638286362143,9.14787867167881,27.282845735042155,315.83811656412655,207.22238676866894,33.836517846273566
8.568989720204344,3.9251669136296767,6.2463400016159865,27.33938965136357,84.91074097335434,248.5831392558205,33.71128051834145
14.113605240869738,14.091009541307868,2.710785845897403,29.072565247111132,63.878609297757585,265.3440924989433,33.49812917597117
6.348127843479339,9.57919179161872,7.806932326719239,21.632920207611726,118.47868035681084,158.18190287740742,34.03987335554571
14.418787631276038,4.9116749438687295,0.8513584748348199,28.79458267957651,75.38698405597943,174.8101394187564,33.033144090230394
13.693986282169014,4.008727446272873,5.325266040041225,30.895976314448703,47.31891653619062,266.98762957251944,34.183812774791214
3.809149007470733,2.8970279154195286,2.0305310920797397,22.227081992351582,94.65887879159149,218.2301788477852,33.53773737273053
2.056088563296712,10.469866599174706,2.2943574782554608,22.476589883016704,25.343629580411783,298.2198881666486,33.45339415198364
2.345009034195862,3.3523695344033144,2.3707844244636282,31.61817816777848,49.955874343293445,281.82667133817216,32.90900431949019
1.1886815638334036,8.951973410708852,4.651917583048347,21.898346284940533,44.59183435219017,318.49928014600664,34.063974010657724
2.425672308192919,4.014052587286813,0.4837455405074886,30.762408652587048,54.05795378204186,284.61539083202524,33.57715584322058
10.612952130555449,9.898537557553512,4.752686482382519,26.244556497202986,94.95580383615115,234.41512949718899,33.571835925547525
2.0031572313091512,12.413644500017291,6.18932825170021,22.796202079449266,60.586196460636145,284.7846507281735,33.776511131473036
5.50288008786467,11.665662830738967,5.798493955801636,30.394859584379454,95.93222238680147,204.81378878161885,33.21585868111498
12.825910705842555,11.495240120683698,4.5737390028575255,25.301819006245545,70.56346598781509,214.51052137712085,169.17177655816607
1.3670582981410024,2.7800318946153793,10.068971360064015,26.73965075079497,44.312109568810605,305.95974850524374,34.43159555751565
12.376131843236001,1.353339697039813,1.8199837255254876,24.414197789022683,97.89572563815238,238.91616848362156,34.02293352926654
4.967104569466298,10.509052094122936,6.053851918452977,27.003804343754396,32.83231350278931,311.0195599378001,33.60229395114992
2.535524412159524,5.564032220748075,0.7488042705568122,22.000548137080894,31.218559490014623,313.7877953425588,33.779259861905636
10.700235766056618,6.422817479736711,0.9439570614253455,24.29206653198879,63.703892311192504,323.95133608238433,33.68434653991599
9.75196245989753,0.4958823207512758,6.872852388712085,31.613730768865388,34.2128272769401,330.60289520967746,34.4428517443775
13.25516768562783,3.8581282863873367,6.695187321219282,22.815658534850193,6.294962257925801,232.39031387032156,34.399529743874986
11.21813739342148,0.5654222843702075,10.617538676382202,27.398890931884463,79.10083415914151,213.05593407776746,34.20402423705472
12.206777332863776,13.12318735675184,6.754701404048568,24.420462890842547,63.015185640666225,266.2618154254244,169.28620384784085
4.829396676779992,3.6734510912944263,11.386060297282047,29.27463659834193,55.96742911049452,224.78078627060322,33.99441192335947
3.527301178290816,8.357975335921079,0.5766191574534283,21.36922168629494,116.8674326344315,270.5616362355766,33.8010111925901
11.502117996709169,0.7211297417804673,1.1747781333162894,31.19515677575295,70.45586463843931,290.09421672550366,
12.16159578503624,10.084931122245267,0.6099412554688409,25.387798149256184,354.56394129656036,283.9038287351001,33.57361880825226
14.801424372066517,4.946365953410335,2.2224694761567263,22.79369401247985,21.37885700556468,224.61323431090395,33.990538838304396
6.803116438836289,13.412035098273817,6.505079057473929,21.081518640431945,70.21313261024115,180.7689285091763,33.639288036328445
6.165552172141386,13.29357408664292,7.758545999821558,21.788294765689013,105.54063888518031,236.28259763485482,33.640268623425094
11.814976819250726,4.879060025519623,0.5193861654407241,26.098060800570575,72.3347485714669,175.7435164505259,33.478414568823446
5.765383899949564,13.598602893218006,11.428566888818247,23.802865741434623,86.99042761510273,328.96925686574394,33.75274709756524
14.057621665867297,14.970027867078567,10.059008860353382,29.889723782638907,48.94347960236695,223.35329702848364,33.5766366023845
12.904829632540043,12.326128263522044,3.5305662850658464,24.650793600158305,15.793410526272794,179.0735270332479,33.87187773883078
7.049176241094353,12.621072723264788,0.9258983763277876,22.774801844893698,57.67024836858474,151.9207030946369,33.29333262925371
11.449263152640837,3.822844785129214,1.959308191425873,27.569996323919437,,282.03125933729814,34.05628447073724
11.56219045495395,8.680571948868295,1.628008735724864,28.161679073684695,105.44704951800702,281.8064675251972,33.547071835819885
2.440948868443047,1.01269757042696,1.4793546208311776,,33.38184348832225,215.00088857026097,34.03984557818407
13.594294365741527,1.4215338828284698,6.271633406224233,22.239240083179485,116.56659889688883,164.11310594805948,34.238002694478205
7.993036790961209,15.049251133984125,2.8933973875678167,20.689689100452064,114.86957290565834,233.14501233920657,33.299552756497576
12.547939301691791,4.822032847652527,4.3398772070871905,28.835644355424616,33.99747892464636,211.59160508101132,34.301977214595354
5.608503754466069,11.22657338703495,11.9212961787996,27.94103078790075,,281.0366718846484,33.61958151177898
13.430248633637364,12.10818623499581,8.267557606919988,25.77893806126301,107.57210475490709,267.7169649664177,33.94853471359987
6.581900089173253,12.778704577798589,11.500720471839129,30.47442653709591,115.27843873998278,219.74316269989535,33.27297601454726
1.1313037081515367,14.949168789655806,1.6775793195812516,29.98868902947982,56.357828377921095,190.97324618426438,33.318989070329906
13.678129133704486,3.790635456369878,4.574606849252837,26.590671472583967,40.93409668013859,347.82473922487765,34.4091875510411
2.192558973333694,0.5438423590438858,6.606664595596618,30.191199908941222,65.59555294992501,243.5499305169758,34.016085179029716
5.409741448072819,6.177143797610576,0.9153911170799486,22.195182720494827,83.81472030371526,284.25466295759327,33.81466043822516
14.26132077697862,1.798424245261846,0.08962656420406376,21.532608405661296,37.20908306021808,176.14203565960887,34.40991705079762
14.226270873702454,0.32617045316933735,8.081394508593297,23.05980916376731,89.44958134791156,244.33769782006016,34.17614433353876
9.01170197847327,5.3273754369561335,7.799118732475352,20.631989427595776,11.630686411623431,156.2297665352212,34.048824728985245
9.813714902302204,11.730195145135704,4.958530802022236,26.819539182441286,10.348393775466329,249.03225852841254,33.843392637772354
7.423775180858496,8.524057601652565,5.875762226277733,31.53164123060738,50.046314648350425,340.2718169310667,33.41174155404953
,4.608862710678288,4.920583302639059,20.831093078016384,46.93349232365773,222.84100442482108,33.80976111917097
5.609378798178285,9.832859687043502,0.33942695853503024,21.27830718768801,40.63217630336089,161.2050342453542,33.65955736680648
10.434748004846131,3.4229154750428274,4.015180190664369,24.703485610892542,61.649279345397225,161.6755985958324,33.484747777062005
11.449077773802834,0.1174907402670737,2.1777006973347164,31.10333072581075,,227.8081904030778,34.54328095987812
12.136115922406878,11.537584828228276,1.1559044381815813,23.41827401314622,27.151161055601722,185.72612347094608,33.90544418121804
12.023331189014787,9.2854286758101,11.551838337556314,25.579727813981368,40.62750670604213,153.2504136677468,34.15301371423757
2.0808940957496107,11.403363386029785,7.21522245291369,20.793279672618677,117.60541085431419,301.2404756492476,34.18415952546975
7.973772145472788,0.5420889283733048,8.802708657638297,21.547486741284956,52.3036459523392,243.3359183418109,34.41895485001022
1.717990969057665,12.572747597495157,3.8072407724134876,31.62917606422134,55.077967775670054,205.96591870116478,33.51191655249843
8.611011608345999,9.29526903762609,4.662899918773656,31.48601776461414,72.00835401822388,329.61724101587026,33.26500394252764
7.235520830641482,8.438776422094353,2.8214237344645943,20.488754810271246,116.83588249025615,172.5192197065831,33.58144030848192
13.400559196937776,9.317078728117615,1.0876688199578632,31.379585625704102,32.52438799445068,342.28021837939946,33.48715741363837
5.9849800308113785,12.94698403198229,2.159327789386526,27.917653857549528,84.0999516868672,212.94879924972446,33.66574539960477
2.734100751180351,8.825661490077009,9.483445117027403,30.33276405292434,87.11603033536353,325.8587207482819,34.016509806760574
2.951169007563085,8.722927458381502,8.147974358259242,25.044627308450316,74.40997257864596,269.8349009228002,33.272992302753366
11.723527768204466,14.942700491115627,6.348534602118757,25.87679303470143,15.734496361825821,318.1336944528203,33.94052478653103
9.595646533201418,11.407076714351458,5.7491015400437355,25.865171267248254,82.30986790875029,348.1774121845161,34.149032372793805
2.591320584668042,6.715794509853446,11.00377194053757,28.030446973934023,11.609158946342609,208.8379246208893,34.601782416253904
2.1230039757949792,10.71050666507538,0.8162591681794936,21.817376642544914,73.72749119334641,347.87795487364764,33.152271465075046
10.894255167746698,5.8522183900536895,3.448551704478677,124.83818353186575,89.93783133180027,,34.03499377786867
2.0850342919315703,3.495921133885944,4.218215052783549,23.92995961578324,28.486437849465894,228.8801942612566,33.5744159757071
12.530896685955978,8.977470391460125,9.43929119485944,28.255541946734457,102.18350145027756,218.2146938562117,34.547191832426535
10.834662403493187,14.020323163860068,11.850566482590569,22.89885695233397,8.780172180180106,259.1427169194351,33.76085183930493
2.1269776483059113,13.808012105145348,2.9450795230810134,28.581681896918393,101.81426770420177,181.28559204327885,33.31601344895162
2.0183786200899645,5.105367664182665,10.483537420010475,31.503166947781907,57.75627276505178,258.9851574768772,33.92654963964035
14.830601574632135,7.945325487092238,9.97444736157257,20.9197210352036,30.315777918782725,255.74835396750976,34.1859030273099
6.267283462900868,3.216462664125493,2.784252406865718,27.60567196268495,21.1263605768974,302.37994225294364,34.26194556906984
6.199487908235384,14.933169208686083,4.723039830549855,25.36957770645448,114.45407788249076,314.770791215051,32.992829007238164
12.145385282921639,14.594481318118342,4.970210744274722,30.53572166924269,13.764566806515113,237.16247907230846,34.08794383522897
14.161955600337473,9.729573472368806,11.76150000869369,21.974684664713457,28.24799537660878,212.46589081836427,34.13361791398593
14.745188072736731,12.126247860555754,2.158068124332911,28.385268323447225,45.5475842990107,198.79386488320387,34.07799108142756
11.570229461423313,10.703284295601343,9.525021478335415,29.69538331765825,76.3515064660889,188.44456460348886,34.421166716510484
6.290386627736323,8.904177358365683,3.9970121363831645,,67.08353237900378,164.17088030082596,33.74048382727298
2.1556243297253688,0.9411941462082297,8.721921872444197,28.060474970778163,19.160756354983643,217.21921792999214,34.54832359933661
11.930009938570398,6.807719140134449,5.110503744546875,26.041417835778155,38.532396122524254,207.73024669426462,33.654330127593916
8.736959985578054,10.110218097903056,6.945757750715192,27.468984682986328,33.589782798911095,339.39903018980095,33.64098665480099
6.987094518999564,10.177256838415625,9.951201925030029,29.91549409691989,29.255770701860598,266.09898048314545,34.42306756729569
13.726293172299568,5.61431174607368,9.564747532028097,27.0648677201383,52.78316972360964,219.50045283867468,33.856516261752354
2.5864541150960125,14.135281796858392,10.369622967875921,20.160028888373308,85.75916106072836,262.7655283916002,33.76016489633974
7.882436543757917,2.539277861371944,0.7887075466962905,31.22420608645424,30.075935107546634,179.92629316638812,33.610896430032675
1.3029132470525246,7.417854933315273,8.311213753521484,27.906564885076094,48.1125181898267,239.88791057282634,33.82238457949452
7.600031883371862,10.354344275797608,1.669164509554155,27.99311888819151,50.43183733367129,278.7088838805923,33.52291840286311
1.712099880524692,10.36668219079745,5.090542519199774,22.682852417553285,116.5188807723306,243.9320734447035,34.28920742467875
2.682976556649044,9.733701080910222,6.558481447674237,27.625098062441943,114.42984504903725,227.6101948720323,33.98360976398863
2.704539675612725,4.173793538796099,4.784946418599769,24.459133341006698,97.79874207409026,350.69851229913144,34.281109520769924
10.042697770379528,2.3328965105958694,6.259299649137268,27.847418751140747,32.879199137290485,332.44905923629983,33.53124373711248
11.530284232222318,9.469458995528335,11.983192840278484,21.23542154544502,12.108294710670007,276.122081120709,34.06693795385151
9.197204282311697,8.957834987459075,,27.98525699639507,,265.7042019727182,33.46191645578334
14.286212745419808,2.8228156435679534,8.058176859500765,31.897025083681456,36.11981438138866,272.2252718589918,34.23659193745203
6.271753094208321,10.683721467965766,4.837812213212357,20.745874287699884,63.80121747569785,189.806922010039,34.600350313997595
4.968040732871342,6.787696503569851,1.5704447098312864,31.57820438043275,94.44983769166284,227.47498010573503,32.95094506269912
13.202629422212514,9.976159765287257,25.53581122564025,25.038635095099693,105.24983809488529,159.1501803973187,33.7582478759284
4.204590939519436,12.552504663532103,11.40271302699362,30.21251456039564,102.67300973027425,247.43749398658704,34.52365577755149
14.500462298799867,2.6371125327680343,10.608260650107844,29.229253659143343,46.21094382011925,259.0701023177116,34.01433763539978
1.3011112828840088,0.15837905849927067,10.873201841934943,26.994784848304462,83.52357362219061,197.54237284588154,34.29569956835595
14.564250794082017,11.645702412182837,11.930240999456217,28.72721840674922,40.36835151208401,342.73376835751014,34.22328661248393
1.6533718900722778,9.175716474702238,2.4376853713140183,30.236680582318307,12.213183497822666,335.20893410574627,32.97757453612318
13.53930098955746,10.516357341528657,4.302523210012697,25.30097087701836,85.37538299206986,292.2706248235331,33.795467918059146
8.380160637632816,12.540868343391553,7.97399111331854,23.915233686798427,7.17330283239098,260.22397925080355,33.49837737774009
14.962746777876067,12.02360640323173,5.823725001618222,28.13409516560425,52.969853166279606,322.2000290285786,34.43444348453942
1.9863892503585425,14.438146460317215,5.066191550184008,29.104105581172888,43.27316466931724,176.17151490576677,33.55109913037066
8.7207309262971,8.008838966975334,4.299587410765355,29.49481333286926,84.00362623714571,305.11048497660533,33.620248081529894
14.46702674634059,7.249211529885638,30.769170104332126,30.264012155547974,92.69927960134673,176.23151828753063,34.175984889976974
8.342353245732212,6.014670375824617,6.836439677828538,25.551013228519423,40.75346426790693,309.1714778153227,34.11654093482332
9.837157397831453,2.3192940136537468,2.0319543599916923,30.175199322654915,97.98618456965916,207.0036835997167,34.30793058795882
10.833214086191978,8.432842272018384,5.615332920100673,21.335884279799355,39.499784521888046,321.0753064786219,34.44719994093898
7.425786926834471,4.184038333681651,,26.599555213615727,56.623320776978055,339.14370060351916,33.834501658000406
9.763417961290013,13.89126939922992,6.850462083377368,20.19641498399226,88.63936295925669,180.76983705893772,34.25491652479084
9.08775312627146,8.721583647071967,2.461754082928276,23.71306390751896,84.24779694125635,240.05891636658995,34.401117587626615
13.65024973540102,8.867658632520023,8.87566810672152,24.36517849950437,118.48863833300676,347.53258005315314,33.562238977257806
1.7235944195701935,5.269554703976928,0.4031767226008537,24.492971184220465,31.01171286917114,240.92748323002138,33.604281628905845
4.992869317561943,0.7686314631711432,4.464892681438856,28.2424418138947,81.81007357265239,322.3895766060507,34.10086002336952
,0.4350994476105636,9.343737496916388,129.21886776727922,74.56139876639777,271.2843405162666,34.22954667822262
13.447030846785864,6.4565076100346666,6.743805667250182,24.923738323144317,110.07252583159321,224.7244037033249,34.5669247598429
7.342501528331002,1.2776462549795118,3.0368103023937003,23.09913909474919,23.00958159625407,205.3555899509416,33.830952080783376
9.6239094553077,8.944741419635328,8.241609594879282,24.067579483190862,91.86979260380102,190.48269211775298,34.036645188925135
4.878941091800656,13.256561476964578,6.757862602658205,22.740918328826965,69.78470486029049,302.607752066586,33.48363635247025
3.62751617678736,13.370175738690039,9.528537882762999,20.915765004218294,35.76604375327823,229.55329798340043,33.86583450080286
7.508029954099377,9.923126292406028,8.818793721904632,27.390797693421742,59.980053233850285,252.58043486651778,34.60942060132813
5.936763768204885,3.2560106369214386,7.3622149171177975,27.971461093419272,42.43827091755382,250.37383701324805,34.71220862616799
9.160677626786404,12.994763386551472,5.871228438002172,27.16138387423164,72.4218845771182,265.6863798128702,33.829841997291624
2.027208868064855,13.364294593636364,1.6400881180054503,25.610056352736528,107.1378917728995,321.2385272931424,33.766277912241904
14.715572382359271,3.0191153373600166,3.099593566719362,25.124110231502872,69.50559896929573,342.63648392251037,34.12038906625454
14.812967490741604,11.131545718771013,5.0249962053153245,30.356245279992578,77.34866381443705,232.44783808650124,33.625655471145414
,4.321086741943,7.1700029996501655,25.999081328330657,64.89228521815679,309.3138087038439,34.69146374108442
8.446574343748388,11.913453289209704,,25.62833186547356,10.552035725028947,298.484061133822,34.1077562852482
5.228650418589565,14.878444421146504,3.341169933859711,20.34689317370658,31.791217264485805,261.20397733654744,33.64933906369449
12.49598324018953,0.37161452650767596,0.03789705411752821,24.024906197800103,62.0414410051737,342.99942259504724,33.9135977906257
10.629850939429756,13.274714581475644,5.80776713414849,24.45603303946352,40.55104570628664,186.36325302629922,33.69117424025416
3.1489388813905,9.307478340524726,,25.132123520821416,25.318807386268116,173.03044829912824,33.76275922668133
13.812990977886312,14.70485620136295,8.847624144424982,27.096997267855116,62.788939779397474,318.2074846859357,33.640715323472556
12.588061554089666,6.869488312934545,0.2980374723109192,26.37231572374109,43.00490295411496,237.4630505961867,34.117345844959694
14.306979216574787,12.764373442976458,7.019202838000318,27.265944531662463,35.7325686310777,319.23696081744475,33.92128260289499
11.285742033935003,0.9748299360476448,11.367687368943383,29.223771464549888,57.099436008179985,328.2136331314898,33.998311165606005
9.604854690992038,5.046101392232711,2.049718058706406,29.901982421937774,21.007655544771936,160.8717831850087,33.48863690040325
6.743989290062639,1.0922342647680139,5.700228734106761,28.951958610851207,111.84665990599315,322.7694827078781,34.40893247311044
14.08691416638333,14.627108091407171,1.0492080220484903,31.358840295123283,105.36159883196022,239.7310220216046,32.99805825400217
13.144152177010557,12.36652626132421,7.524633882900617,19.95940411019054,86.03328427027078,253.4833162803024,33.633067100977776
1.5856205802793475,12.77353749183689,6.6154844661065,22.204279544132532,16.112547945130764,277.01978901879295,33.469499942157626
1.4142399683194387,14.094735034934438,4.900690677457782,19.86236320923108,94.59015764473712,335.48138687005326,33.13764061770621
6.139348748061565,1.266136575968014,6.233595525032536,27.371649616574885,97.3286435571072,154.46846634332425,34.266787078895746
12.42564076223184,5.716012776840682,10.777829338850413,31.144310268352914,92.42769976621446,243.4372128587566,34.00033985375098
14.752813904600439,0.9664735461047049,26.09615628708174,23.144699578447092,17.284404237179885,288.6702453259668,33.89220220404525
3.0283843332473985,3.2042091633468734,0.18594697785225045,30.528777236125237,79.42392506075146,295.5750487055017,34.64936642458038
9.30887929952927,3.53958802668348,10.390288187247158,20.78005839710659,101.03426305206442,287.7605465949399,33.270337914632734
6.366519216268441,7.054567254067213,6.852124245545406,31.114964081202512,71.88330069614187,177.00746835873596,33.58714606447615
14.591691888539675,4.0662368795683825,10.635881009453664,24.090118488341684,79.75383870716048,209.8119999594764,33.849791873718985
12.731265239035753,1.4003415162039887,7.1776896714179115,124.90529116550988,57.44945995640556,222.88665748947957,33.65492595738256
12.696805070223936,2.5407044594641257,9.757384949088912,25.823876564124355,65.75742024786744,307.02044424251966,34.99452783472035
7.472606412617066,2.056166915201886,5.16912657909049,23.101385547813145,8.634593370492347,201.83517917859078,34.807092481747254
6.789805122526742,14.508209539756955,9.017622511055395,23.111490945184975,78.34966407354135,188.35419863740242,33.47722849361546
4.912234286527096,11.487525833547807,10.889100394513147,24.11076005575186,13.763603285868847,340.3755482545071,34.226887673933646
1.788921733100258,14.517426024989446,6.834425510587386,29.842727924600727,55.27004150101397,152.9131164011073,33.867331888712776
13.173694095976098,6.6038921974813585,2.0478498336374384,26.191789953079912,39.32538821140181,343.93839198559874,34.33462299448192
12.49506094729271,4.216262773466638,3.1710941749934154,24.0025469737764,67.21527313656533,285.59972856693577,33.89403044908781
14.949808050275053,12.033105429206177,2.3041867935569966,27.20256933054247,21.141409599642863,318.68397933275423,33.73413397723574
14.93824436010627,4.8738877156197535,2.9630741695466023,28.86902473611423,84.60974170172236,209.60806998898124,34.30476230762856
8.946777621059498,4.5122965118465235,3.8166864955445243,22.895119616985664,96.57657540074685,147.80611239278213,34.296424579539625
11.879401081862456,3.4824768303682028,6.706675009543567,25.006948471156466,22.726619186969,298.8790766230444,34.160112583208814
14.095209154094423,1.8324976002690412,6.922795864830504,21.145378717642878,15.869657433425592,317.43578830725744,33.8344471226831
12.92550723251217,3.820869744850557,5.0280122405714875,21.95537022243482,21.82409876121548,297.2369859322701,33.79351690786983
4.462917459916173,5.360178444576628,7.3080383699957245,27.66955484710452,106.36185765767488,179.02537512224768,33.39803485321792
7.372606792955342,10.081595247618838,0.8748306909425779,21.855262162379542,65.32333787342213,297.189205116257,33.89886925796926
2.7496497232479324,0.9108222843905479,1.0367099958495545,25.978439138655922,59.77587411440073,303.91227349641065,33.97965167045993
14.290691006975553,3.2151397126316743,2.075517046262022,28.152414220532307,17.72989640322539,282.90688678444525,34.020047117182166
9.43328144134411,12.147205906792223,6.140265700310642,21.33172171574494,79.13283147771745,301.48753715855446,33.69119745981192
4.156025151093844,2.229711472957372,2.554711270354143,26.347050034093993,104.83917901111275,318.0049590952257,33.69914000872961
10.46792334557026,5.020168624096018,3.412469862736326,23.15669571848944,101.78508182659067,271.2990297111247,34.036666940558526
9.56091052844946,42.42536343711893,4.845198154738259,31.817501208432567,76.22188319707153,166.53044895410238,33.90719706241364
5.965318237210117,2.2423468064976753,9.751649386389577,25.570644726028636,13.98628828793147,245.4462061548375,33.93503045112761
2.4491256601117968,1.2392488526548306,0.18593598465771316,29.64975271987724,17.72451269420194,1165.5241563654945,33.910177832883036
10.481220372338399,7.189864669412874,7.790327666793487,26.515168432008107,11.111095435522058,232.8013157493099,33.729230321167236
8.384256430647273,4.604915173309308,7.96638389273529,20.41361016400407,35.39991812634026,227.05617879089084,33.99812314325946
11.78673776498461,8.585704577725751,9.536701317545234,26.931236650970853,20.36035257490815,163.6603267420227,33.517806845880955
8.25885949390776,12.0462182805081,11.114603158809908,31.12292091384835,35.602868981673105,221.05194464021804,33.74341556481783
12.966180524560727,,0.3305156094963888,27.60054326535456,50.666006245000354,168.81135988917356,34.466078059734706
8.842642988278353,8.786304355800224,1.7582893152304953,29.91473838243701,113.48432484860867,311.45527144881663,33.61716072131883
8.885263082516081,7.6246972755469695,10.690507324884784,30.547516758959684,75.68241631875323,337.24184569910364,33.68096454360515
13.218298586600108,2.155938498632059,5.41568544267879,22.209864737898624,100.6540024945777,167.30958226272224,33.929474063815036
6.521462528812647,9.387061423984623,6.820591158088772,22.699261376113363,86.70242564125388,340.5079761926065,33.717563236836405
2.788524221555312,4.253911749125586,8.013966486779827,27.093974368717276,17.82775005711221,258.2052030355802,34.61319239606773
1.4087151470383361,7.26809450590129,8.21710351789959,24.60955780470645,90.1275244272514,213.22519115572916,34.48705237257179
11.520389298403824,1.190989283395543,11.119133546152288,29.78169985845504,37.38716657728523,166.14221667053155,34.2740631614328
9.699665183385099,6.9522129468263225,11.973133530361007,30.933475811118676,78.42906175633011,255.49193222815245,33.92807129391957
10.81363706608406,4.752334787481487,8.606275802796002,24.222546761101718,45.166433118897444,304.95933518058393,33.51874217347381
3.898289945687791,12.348753510058826,3.39408493435328,23.067970041144978,120.68588811136505,295.03779310825513,33.40418225355942
2.816643695990352,0.7289319798520518,10.559629111995513,29.659941648376986,35.83620832557679,159.37372644293427,33.64142739632215
1.3264824996002076,6.307824167275514,0.6389088270288616,23.104788116145926,36.77839877568114,164.2630373675155,34.00950465965304
5.978132190564398,6.83785811192961,2.7376822337144087,29.86023511007081,111.64599676944064,229.41936327390107,34.27780201038407
9.394928482796193,10.910115830178796,10.788146028060684,25.00581965349269,7.3278027199019276,205.42599310211136,33.823089396007596
6.533876165863085,8.514326754485904,3.02047528341727,27.655384608779315,85.7107863263394,197.90359648265124,33.83876237007348
7.090836139413788,9.89963148511299,2.5859560609169217,20.828739208764258,87.65731959060619,203.09313914884922,33.27753174255316
13.762283850471213,11.633902595907895,1.6382688125548557,27.443488956918156,101.60536475074952,309.21620892656154,32.910757508205016
5.872976205700394,13.054577922781942,10.29365974323496,25.406327021933368,116.3867364443903,334.4761491255237,33.7055933896638
8.213218943458688,4.607241431499207,6.040293641100939,27.024985716194216,117.70748277934992,233.51427045254027,34.12848710837558
11.967774644037538,8.046777163460703,8.024512231564792,22.00226365074059,12.51755895236618,331.03765446995476,34.403197574167706
6.319866435533439,12.493949239501603,2.9967877690661577,28.629639293514266,100.34269122885138,208.17802902500682,34.28371881587829
9.835403613169952,14.863088878315368,8.990216859527562,30.906925242655017,80.03703585882702,243.03547840813977,33.62810135322233
13.111702468223667,13.359082696972164,9.133589225930072,22.661341656564336,80.33872724318329,1193.21749511883,34.025097711894674
14.31922467019944,5.467271267432246,3.7342734058712455,20.998452964448777,20.670673691244815,279.3538313096379,34.080272498408824
3.054170915672522,3.0222183769226567,4.889749736532812,20.388604087288595,79.86103978378955,342.8333008484536,33.95849036531529
13.985078048856261,7.199497761379414,2.505899305249093,27.481622854254987,117.26329734280208,269.18111541748107,33.82871756434521
7.842660526010855,11.24057975311627,11.75858686948017,27.292102332132657,109.2031671722728,225.947080257816,33.89122084297231
4.663906719243963,7.489636847223138,7.79629642606024,26.664887271390146,54.1994306969857,281.1584931139084,33.816538867190005
7.325115709807087,7.270206226479828,11.201626643541166,22.927072613212104,8.91863935970197,171.66706496853985,34.74337610300539
14.73508771589524,12.639370910754709,3.6602991114411974,24.362911080149743,46.7066446046979,329.7984067666445,33.67579869191513
7.940813160982436,5.407955600783005,9.303814411904483,27.92383092840994,99.68609022935023,248.81875745571907,34.6109578496174
5.5869000144150105,12.783616195224663,9.179377903326777,26.269465969391185,85.56013000593124,241.93028100425903,33.38510447583412
9.896775489553272,6.119467005141487,8.323251288329004,32.38358906205008,58.13159747513679,266.1401438333568,33.034099762087294
4.284084173446934,4.807945777906198,11.452301994024156,21.570471201228486,11.147172686789286,272.552084718556,33.98747766567481
1.9861379192798077,6.809048369039521,4.727461710508894,28.406108411708587,53.393731666711275,161.71642118178224,33.59114029626671
2.82293057474063,11.345726868560977,1.5586345475509633,24.8613353620822,58.90469102733234,287.2438983073412,33.06863221471401
2.846000120045377,1.9617782012709903,8.135796929731741,24.99569930110646,111.22391631672747,200.673282187076,34.6385735136594
2.979205928228465,2.9742520344994667,8.761626389866331,28.808789471603937,78.55613851626917,293.7233193955997,33.67250995930197
2.9846299886692442,14.32156598065211,6.929177171779844,28.07874037041745,41.67694989222086,313.42327557210916,33.73687157315728
9.929531278894645,2.6574050467337136,2.4657161031159562,32.07720514881161,65.24301226516468,306.2896942563554,34.64415925253722
3.5311596980198074,8.654255385924191,6.0909471220317695,21.410808303204632,13.70008164725055,258.89874028207515,33.33296927797006
5.7340077456539795,8.7649209010188,3.7796164324878005,21.353399026086326,117.7375915551396,250.8978709177882,33.704239842114895
13.488070035673227,7.469678976714388,5.052126100343727,29.073320959756092,46.0458458631707,182.00320043200756,34.26948529428433
7.711435115039286,9.604974394260632,7.761061518207446,26.90594746995543,59.26225552494034,304.0711031509389,33.7128501638245
10.348392580858304,3.4074903425631384,9.012675064591196,23.493443190898024,45.824903488152366,205.03427162853382,34.30870828750157
3.3823780660186697,8.111684325779226,2.8450278997280054,20.820288829798105,84.20764222614878,248.47829012882056,33.92117760119953
3.682886094838284,5.553736233015042,4.865527314253122,20.719757386439465,80.85119448896188,207.93109973963152,34.03449498336718
1.6106302483978194,9.92239404912334,3.2490126634957344,31.16373937310089,87.82801860742309,178.56456311727234,33.526326700590346
3.399729571854311,2.1502995206815485,2.4378266879063633,22.497441904292934,36.589612490012435,281.74387943430446,33.80984790575366
4.894364929436585,8.524107117937133,9.333120923833391,23.84539620325786,40.81947610585858,159.72439958434603,33.55029181631532
3.5640926223113474,2.833222240925358,10.939159755383173,22.90152950722736,18.982553442201958,302.34182976492144,
2.3181486924172616,4.22865964263659,4.3259257091106,23.994837093346057,80.82780208708881,214.21348885004093,33.77754873131597
2.721408084173374,3.245812812947411,9.066478464982227,20.948440793846693,9.671306224038737,148.5788478287607,34.52267671980863
7.455197200111684,2.6720680196202036,10.741130273684055,26.285321525273595,73.30589160423301,1252.8811105088603,34.70959943517844
3.9403611050647993,12.390512205909245,10.14836423776117,20.98104004971974,104.79553587128166,160.54990350503058,33.39332442889023
6.124490761715696,33.715422150272936,2.16083141306935,30.032510583132446,107.4017468589192,204.49097889432832,34.14227913642358
8.131258778861204,13.862153740044082,11.473068742719661,23.182308481033104,55.664071705469425,291.6581408167117,34.5527443024904
10.736265434986846,14.529831470004929,4.535259638769224,26.11787526735035,58.29709908479732,164.20273620835346,33.16713127866283
1.470298628025271,8.464614633760132,4.115613199709247,30.04050478864078,13.55311872042118,324.1179604222155,34.18733694691025
12.10634987446232,2.1949284790323005,0.8262267568114833,27.874619918896606,80.40307087638652,150.8453519082219,34.158318314375585
9.73546205157671,5.669325599231351,5.836962420578138,26.43966392620035,99.42995613993322,196.53891210761805,34.2854061686337
2.2213860087505255,11.96958726556327,1.209643318009398,23.595646890719657,32.67315873702185,299.1776993930827,33.36980703859963
13.106146233325726,5.567168393230914,3.0598930695134627,23.745413710654375,54.502133072581024,212.04162771956712,34.510854921530076
13.923255716913909,1.314905656835386,3.7160339257496813,27.832902888120067,101.1016543906641,175.1216087038312,33.82575753084111
1.8836003465567188,8.470660146633755,9.680879166657409,32.277903984053225,105.18476493866613,220.80160953191952,34.203791964413625
4.967712970844332,12.581453829829965,10.476789268235226,27.81882334621027,33.282258722590115,204.12473846136342,33.79164303493493
12.300999015497618,11.953738756032282,3.63028110927673,26.30112585041638,67.90400960993719,320.1026623268647,33.793645384665794
11.370011162595292,2.693294054824036,10.229462118734629,28.75099963833988,26.65092859027513,213.90019924242878,33.89665329451303
3.5078545134842924,10.201222509407462,10.208976408402702,25.581755653694934,17.03359654370023,311.26866447557916,33.456451248023086
3.8379432244102016,3.3658628088818365,9.174535368062068,20.452489318541854,109.13040288876437,330.0463495512134,34.20966736443038
6.144307721742078,3.19676306462268,1.7130382610806483,26.901560029304086,98.45014025869386,242.6321237477315,33.77105013070975
7.768939160114165,12.989337409193393,8.363687601480136,31.788143207106923,93.47971462679234,333.1145227318368,33.65575769926385
9.563921237758152,3.7325387704633473,11.307625643593951,22.01093853120292,10.96929007394824,228.71762027748528,34.213956839985094
6.280437808892393,3.9753168428031462,8.12951383330842,27.887775609200887,101.86414690920375,341.6402980920035,33.60110578701722
7.371271309281556,0.07929203595907278,4.078529748844625,22.339800007271133,55.372901613242476,172.80446565665994,34.52963079314883
11.570445211610553,12.979456842148764,6.034815568453472,,44.6907111286268,286.5329402462099,33.61425806686235
1.6067612227909889,11.933845803868255,,20.597243818665152,68.45139866822308,252.4850414982623,34.030859260065206
4.604756065972074,9.212977713175647,6.012865824142095,25.530051117380555,15.03447328560497,229.76384934777138,34.00987656932818
10.932339228696772,11.199592066411116,1.4517542879704315,28.976144781380704,92.24254819901286,276.7093701730605,33.81987277077805
13.5598246666915,2.344007298849046,3.773561787090825,24.18226164169723,71.6642384892245,294.5177926182547,33.4824501797006
8.063036938589496,6.787232923760292,9.630402058948915,27.90339482199237,26.340081572749597,150.84262526653106,34.476818226866065
8.521218804139455,5.187115367148999,10.31555258597596,29.348870729796896,26.746852258125198,186.81816616834803,34.15496330181957
2.494590297582326,1.3679997428421689,1.7214563891405268,,26.184432615973915,293.55615249109906,33.86654874966395
7.231585864917444,7.30497616280721,35.173350464987394,22.682957164356043,12.013704988347918,282.33222659909023,34.04578276120035
8.360411431610666,13.729060777013004,3.845711862447133,24.69851882564587,72.90039066151174,344.0117119922602,33.64479978928259
4.199766084223121,0.5985121178192265,7.896217727203988,21.599342097426373,100.70009784846624,302.29298121285996,34.3084872614529
4.6877386201736275,4.34012426881991,8.952884828897698,32.04981552789694,6.166052799180407,339.04612085833753,34.27886890557859
6.369484190529933,3.1982871870314513,9.736171035217442,31.446620714980458,10.405114103283504,291.0916858573774,
1.2493195926545546,3.5366147031980937,11.405257150891456,26.25169804097678,72.00824355308531,210.62160081011294,33.904726291534516
5.495792988131985,13.628602824628981,3.7325480857551274,30.07392925295899,98.7112626968181,164.92483730572792,33.783052973726484
4.011822216363698,7.033270949257264,10.28706920844689,25.96582306771654,42.44520090933996,307.6205939195058,33.949140181568325
5.726953359359148,6.963616889951156,1.522194035818991,27.58424376909981,44.87138669593174,280.68617207722235,34.13460186605792
2.7808628021563226,11.465250984648668,8.505632873537117,21.127985204850418,,163.2733013587628,34.36189817607597
13.390921475250286,2.389292655775526,8.97681967729873,28.912227233472308,36.645567346805706,218.91414466571965,34.23800517238712
9.157538530631543,7.273013835033488,8.130755283385481,21.5109773868471,,338.8113075104371,34.18937226717711
10.692982900150259,6.471339044402739,3.1214603152472282,30.138511848521762,89.83545466554007,250.60441896062065,34.1779059907294
12.226821577605556,8.88543480089561,10.444257747580822,28.965066913736564,76.44895204242555,234.7600821233556,34.2572623633296
7.993010006461564,15.034836691556913,1.9434707761977426,28.167974515000676,73.5028465799206,238.55979970250982,33.881085154443454
2.116978024404337,11.558859004263416,0.6913106308831878,20.585691511813916,90.34264434962554,190.7410416311299,33.551533953194074
8.595235787678876,,8.603895424618315,23.651750385765478,82.29180250026745,222.84015265646968,33.838742414902704
9.207284256071473,12.437564376856397,5.6712453770809494,23.139048411335583,29.556495342042826,221.41864038582,33.34393152528737
11.427268264308925,2.604233693453146,10.193722277597887,24.567607286550643,45.24297956472645,157.91028402097044,34.13899079298053
7.113570238977603,0.5474580170314555,4.506823418607758,21.235458981720893,20.53905089222898,303.2096450170153,34.06704338720823
2.812418104135341,3.095962888114023,1.9156955290442004,31.69086517952976,19.390942212333332,229.67234739712453,33.876918626265976
4.87961503771102,34.59402435029092,10.042794646980836,26.87906400982965,83.6537546228866,310.76713524566907,34.25523264642974
6.057615769576421,7.798825392787998,6.612670077858967,23.803423062424212,103.86431207567192,320.2487164145148,34.09704244907891
10.094831745772256,9.150882458245617,2.3529950555312875,24.74970298502949,116.51887500110938,196.17016320387233,33.74559455162573
9.031020417012048,13.745243854548065,8.697179132392344,25.32882662808697,78.4451638770471,283.30682676457167,33.848454961111024
6.005958076285515,7.5831432624322055,6.171036097317769,27.206286846325078,25.465772630284913,247.51879000506653,34.21756750354065
14.884614053509647,7.466655920282891,7.327083132843107,26.24631566086292,17.944894308963747,321.51001196026255,33.59789565037357
9.452403523796798,0.752777207594184,5.559827232027856,30.717937463459805,97.59978468171539,189.61985650754914,34.43124843638816
4.335224946001507,0.4761536797657082,9.924099184843213,26.032318222218517,70.90435371670367,285.58931676320634,34.034024639226665
2.1595128571681195,8.207581123701932,10.008850395669057,31.842426390051124,75.60206519470574,273.64500298196066,34.47127128563263
3.1046692930495854,6.568236052313724,8.564582788706284,30.31023336904506,95.18202376397787,210.6584751132069,34.03085314164194
4.503478403453004,12.563193376859857,1.2643531024093284,22.35144414582794,85.89745781164484,173.95330050497475,33.592644458228676
3.218840198538834,2.361256592532006,9.99510666885203,30.995136773864452,100.85853416100318,283.1726840579685,33.55262649338925
3.575276118023376,0.30450406064248614,7.946314287886121,,11.555737949545257,,34.45164527717372
4.909436753354603,6.840410166812177,8.414237974591307,29.933888714130635,91.33338509786587,215.07353008339078,34.04805644877877
3.506130931654231,3.4738961097685466,4.384175951182264,24.4099480990205,103.26454215195244,277.4509156088885,33.943927896248724
13.597844857480574,0.7318817187716177,10.588062677195447,30.879796586636093,38.58745203420918,225.15940968389737,34.361315694780664
2.1881796734516636,10.95120451098192,8.756621230185743,30.75899622908567,79.78574438160173,294.7600592868765,34.02405175857413
8.207417035344427,1.7334422687160491,1.2977801456786437,29.25836754344455,41.11532358095278,191.01943187685671,34.152018639133715
6.732938441495798,9.141983696883818,4.78206220784402,29.27768391249025,114.84191220254571,324.922946391243,33.953714377555606
14.731273850634073,4.16987348557568,10.667150767111597,23.686461481178235,9.226087505760177,205.80827261904213,34.598400328348006
2.5464816167896855,2.601061276407081,0.6373777002816922,21.067744164720473,70.96303834861205,225.27571644193333,33.66507928269603
6.521536495556522,5.613590434899172,11.557862109730564,25.391966131696524,23.724916309286986,162.13447076681734,33.966943908225296
14.54536983890525,12.000713208251232,8.061821010513246,22.119045336432656,87.52817194258364,173.5590867604356,33.938806393590134
13.183912359523058,5.859317077256068,7.590782866394339,28.30904906819402,25.15002154941584,251.85897416817525,34.23116289189653
12.288590172145593,11.246561101830844,3.1800218881639464,23.856349225292316,280.6097533300519,207.083199940485,33.84451886188507
4.750398783318655,1.824331395485826,2.8940475381565043,31.293785104780234,60.92414710442977,316.81763422794916,33.57280285612747
3.430473514234587,11.46682862897106,11.30424398964663,27.65679758188898,110.23638114852601,147.00864253875818,33.55680645008056
10.357676271488767,3.646081513545255,3.588904416268164,30.406419389497348,30.058821728971907,226.08667161570665,33.82864715392699
14.082573582874662,10.23664294565999,9.300215995827143,21.535057878556096,22.290950711159926,218.98437682476225,33.27347101961999
8.680514145001396,8.551059619620306,4.743439851961435,30.142612862202842,92.35144018057893,154.60964732014935,33.893705698428356
8.950308287062352,13.965005862470042,1.6241721354355543,31.191005006582323,63.823267197885116,173.8050367994915,33.50795211242319
4.910186433535498,5.822369002463003,0.13366383154086273,25.321607221763283,109.78996029091687,227.8348380808099,33.41942487236821
11.880283157269648,0.9414529316350839,6.502310284266435,27.29571748317937,21.774313996654897,246.94485757138156,33.882103375534825
3.614956178489463,0.2441675367725667,11.694422488544571,29.39275012833051,77.68159392849924,229.46639859726048,34.38480704408345
5.566899771637383,12.509928915837833,4.445549215832195,21.850900217694885,31.502289934474796,254.53638651468702,33.14478594689112
6.909748055366411,7.994822930363092,4.349136754093763,26.38785175074839,23.558454171714093,270.559188551031,33.68377827431124
8.144828574336099,11.615071008849258,4.146430416064843,24.956029299365753,84.56909687715083,151.149602368027,33.50596433031702
4.525627528012989,3.5166608788215656,6.28352519567879,22.11590774245969,72.75630070285669,246.27986751835982,34.00289370811333
2.6859997011093593,5.230123015345697,5.288584896442002,24.051412825539124,92.09324915500962,342.1348635458501,33.978116442874466
9.54227522785094,0.4584331336438364,10.587887522524362,20.770933525378712,41.240647068329785,256.8520166649044,34.74030593808348
5.093945587877389,14.434818417799626,6.127546064055059,20.55027229243661,305.81739081466793,286.0456478784699,33.86194287914664
9.182748675493597,10.013619990615991,6.204516066595802,21.231290897880452,50.206224394145856,213.03357064002748,33.54381016988588
3.2009140001791136,13.929092617412909,1.7322492122245308,31.804417484989497,118.32440793194495,303.08782782834544,33.13915911428818
7.823400898676792,3.955008716850482,11.789608370470836,26.547442794148026,39.08317960236896,301.2012134692973,34.08262263132388
8.543103673282898,9.16212217973551,3.067544967329898,31.834960673524737,38.313516095304685,254.0755398371292,34.109340045182854
1.7155302825851813,9.99213035058491,0.9129229472707331,25.24669988237802,45.61464622907778,349.42799755118006,32.976276408059675
5.762934643615649,4.769682651766814,7.921751878286593,24.10979648960419,69.20817474022154,173.9610932499242,34.020797843332105
2.8516804565441265,12.892477778351559,7.177766989384288,25.73671786698241,32.41531183521795,151.84313652381243,33.514128513301635
1.8146629418480242,14.175839161175807,4.914824463994022,25.35997564163529,110.89840737814946,303.60101559348317,34.042533498755006
14.83825136472841,13.275263403601768,5.099765722703495,20.873696384981837,35.551503745295456,315.8600848848696,33.83978662055905
5.50695562720156,11.024181636828326,9.524635672744942,27.799349015961976,109.01453476804784,176.01257454803485,33.331528262378306
12.207582296438776,4.081507058376662,2.397326717122796,22.6779674182484,17.433944797679867,206.15806627527718,34.46532262688561
4.632622206827284,4.201431445540985,9.913990450430486,27.36069419194703,80.28395515177544,148.5500963790559,33.3349720210944
10.323426937604953,14.49673003834545,7.762541265207729,27.597965812991198,109.25149359135611,206.5961781126647,33.80695171194045
11.85667215924115,0.1370734123590408,5.056150086814649,21.739429093138458,24.759046507797336,302.649738609989,34.37966375556576
9.45704401211716,10.713233875612765,5.537739409823665,20.761667450542777,116.96019518795588,256.4377905726608,34.30370411929333
7.581541979210606,10.630146604185366,3.0616726082355092,29.443266902222113,57.28268580811926,221.27199368403987,33.75370887398495
6.766514048573046,9.355061509348362,9.065910911999461,26.021634397242305,114.44628088876196,226.9926665312591,33.70513189030217
5.907980202847505,14.87217502976489,6.181456615415649,20.925789315127872,82.64941092579433,145.57273084280556,33.196951152148635
13.967078851826123,4.765745140473132,3.891451995528536,31.785308420545,39.0610361121185,212.74129286169511,34.507525330867715
12.643818492419998,5.177888466049697,7.09152547199024,20.844492279533185,26.614399024597486,280.9432366190922,34.5978815724047
14.499053178969692,1.2941120823197556,12.024476691427916,28.570307844899737,40.05740854943577,342.524207912306,34.19548395703157
2.732747907186268,6.552760694278739,5.2498671647118655,31.63304333783322,14.948164159672839,318.9189048342663,33.867126668033336
11.246414010061962,3.9787843945850163,11.041292191056582,23.053313089275207,20.711725260785173,152.48072803763836,34.70106671694689
14.033475931955419,5.271861107593667,4.134627845071245,,17.31477706367184,329.47013432023004,34.16590425476846
3.540374527880321,12.398484788749766,0.6544903699941953,21.27601359188163,53.38525205831199,307.76523344210216,33.4695522122005
1.9438006066477074,14.030789634302682,2.4017560292917524,23.267802485029126,96.38815555166286,309.59252996991387,33.20818645075207
11.385821298251145,2.746035367673314,5.09485015493911,21.15749717678034,21.034935977589626,239.24608344597067,33.7043889369018
9.02565153504792,5.585843962198625,2.6927244178217684,28.182389428994366,20.93454024442744,228.42576035884184,34.21299795156862
12.875079364773638,14.013825861242841,0.06381536789023506,20.64395880126799,79.7807018546512,207.82051602220056,33.29637178822065
2.929003479651165,0.8244618305152661,11.069739580803777,26.32577597925549,26.904881835517042,165.05906857732597,34.11184994865152
12.151618347285027,1.4034283010509372,10.137805350268438,31.983989954394914,15.893099450558536,191.7005380942558,34.423551937203264
3.9247966624735056,31.82283670569585,8.809333909717026,29.97640117255114,24.71733819176772,199.76411334537156,34.23180850693002
3.28494138452455,9.014815421622234,2.051062583836069,27.80685384047326,111.60425775247894,243.74504614783325,33.803787312738436
3.3165856868337147,2.28804642569465,1.4794419054879193,24.22142045904924,99.44335605082762,299.60363157852726,33.83737279505882
12.396466788933214,14.509542471693686,0.9033878607863297,27.450283239145527,45.00843335975904,247.65730660847498,33.32036347567121
10.41006279870693,6.647895912422378,8.752509892627844,130.80081229589683,79.99400596856732,160.2882730627655,33.64790462549336
8.302649539414114,7.718276191560397,11.153639806437388,25.072632945062146,66.46463526962296,342.11119800528456,169.7318051653945
6.124544542346768,3.72046679200415,5.157873215686489,21.833070402459228,83.04192263048563,336.30765086562894,34.052630135755415
13.272661842249695,6.959957250210735,1.4891963427751471,30.85306025380531,84.56900349971747,306.75629062307587,33.82279268656443
6.426647100039501,9.86906933586785,5.991295009401636,25.225119435801666,76.87632450398729,344.3633355704845,33.494632957161436
12.485815285171157,11.29800749067493,4.200296130487465,22.20156150274864,34.962197163516315,260.66916146830715,33.95893955081647
7.123930885353663,11.254323240236571,4.553969808220399,24.77465142065603,9.418063585772135,341.5130109387674,33.824316223758764
6.326015669437114,8.623717446525825,7.448792653485613,24.82631035771296,58.03319490837078,164.5979307312474,34.21538118478493
7.2628877814335135,13.637917637858257,8.601958211102566,29.90129381672609,106.56024984530958,223.30949263211664,33.82891146751144
5.219699558842743,12.327127803536031,1.3447252393431464,28.979451639253387,71.39813919233538,190.14993009195265,33.67872731023535
11.43038983812803,11.313705866751542,0.5070950242803516,29.18846963474936,100.61775397381602,187.4327050164849,32.91264385278601
7.954475138976883,0.9202065512195854,11.958707199445548,20.53249783590917,118.57914612884336,178.49934233603156,34.832718051120445
4.2074731182966145,0.050899215401049504,2.752597689947829,25.263325494030557,22.81857084581809,274.082159541722,33.731427453598876
13.548930352740054,3.311279706450727,0.7181243752655087,25.545501236800835,84.99475638388685,311.71821105768765,34.24389604215433
6.370703692221605,9.992393765994278,2.3622041952905155,20.077582561452253,82.43708123898091,268.81253019638336,33.66490119225922
8.502219084838773,6.1893070143061655,0.4196254655762858,23.271019277493142,117.8012659347921,179.7422011343695,33.29086811447465
13.715480032384447,6.007789196498476,4.8676650929269725,29.109907853899138,117.78266775353242,309.66358645167054,33.863066959443586
9.846765495884547,13.224033182166174,9.628782690940168,21.13913702813914,83.76916879859004,275.95122404066404,33.216958196710905
2.6586636400166017,13.262314209677394,4.151168063656634,26.170474472904846,32.712447022359704,229.28164504170945,34.00462661465222
14.221265292093962,13.615992703932287,5.373334035614087,22.643484367648288,96.7712283252285,285.01798060368554,33.443575912140076
9.87398466584095,4.707399138315317,8.065654922843773,20.377741891889706,16.89106255084586,205.1773962178143,33.71125030138667
5.785911092425435,10.231515998052771,6.07995667185023,23.1304396713992,93.82426599347738,219.21053076879085,33.95076945866989
34.55123607511136,4.13506275915185,10.341362806972837,32.222475526359446,111.37304853046392,333.7873113092177,34.04690746105826
12.077097442649444,2.847351169822193,10.281547243463951,29.438083203112495,48.17612029404056,212.16924636201372,34.38546186513289
9.624519935642267,2.858836535254085,0.167606271854016,31.347032855812614,77.63615037528629,241.25096740416518,33.899444895879256
8.530063827726686,5.081326811363937,9.224151886636069,25.847641879701165,53.36202591144199,332.3712137104529,34.455449648538924
13.570191326705505,6.540310781691874,5.52967287012952,20.87966995458075,54.09835313686787,293.47205513762043,33.843666624327014
12.101356895983509,12.4312085332589,11.826258820471894,26.57471171913948,40.75362105916021,170.54488805090367,33.288260217678676
3.2720137753986696,,5.833104029932233,25.401532123391032,92.7535781893289,177.70365302078997,33.67851155390793
5.365003032347536,11.039747561084063,11.712060088469824,30.338798323191458,113.44651414625977,155.64966737802504,34.05841994627
4.512359169453949,7.968759229107705,8.956276140309273,21.427795999053956,113.4353600528297,276.5196818531288,33.72576163584705
11.338154366390347,4.341567484468853,,25.952085622106452,25.006480602776318,239.06983165106587,34.39007764026381
1.6373670219667686,7.2507311879508745,6.491503376711914,21.80133373318825,105.00369639762195,1179.54327367787,33.46272196894762
8.95199106955103,4.488878205743643,11.918766804970652,23.991061666354472,90.73885129514221,341.90046354140077,34.59061111937685
11.65018475808147,8.935313794736665,10.352641283798514,28.641482060846506,34.65519290786456,253.98090719402586,33.902677938463285
13.247451918854233,6.361540745317771,1.1748003833206624,25.69065194106135,11.96097537762724,198.0489307853911,34.215819192700806
5.738432504508945,2.513340652391467,8.475412001536085,24.515032704928544,35.84334598406274,250.88995857175868,34.3894586898496
43.8946092997667,1.6817103731658956,4.083418287483175,24.714129960481472,109.99372550175674,284.8591318921422,34.066860247538
2.5076623506076285,8.269749441793492,0.07054292582782898,25.468750451744963,77.60012444580101,166.60154762135613,
12.742931468411255,13.542517781744737,4.840614506426194,29.258145381023105,88.40232959440388,204.19973354077624,34.0717953039904
2.7230870774862908,5.117123272926304,2.6952212330888843,30.43749595289864,35.09088488350356,312.5411667295564,33.90409510118241
6.715280570218913,11.068902995771321,9.773647792426322,31.410520069598782,87.6109206967518,242.77888931613913,33.218233137741095
12.219984038071702,10.002161044471016,4.075440915360124,29.597872034968834,8.058925912765742,260.4459308848449,33.98514024065475
3.1716533073043247,13.976156125891595,9.940926962556164,23.331694431266964,49.0961568860997,233.1849265641804,33.61498358511195
4.302090426303157,12.415846734384164,-0.007826207234088115,28.127904493886714,77.65801214825926,161.52797411190735,34.34369947938767
11.2557648117255,8.486123669845378,3.6578130267732987,25.790944800092053,21.84620250425939,180.9806925736902,33.51772944622254
10.941214074094384,9.926242267542742,2.7906421447541248,23.00571100371479,98.63003233028007,238.64280003579944,33.569688571776744
9.879353873249116,13.448766751171956,2.6738242275226325,30.129937336836893,32.242991981546574,190.21938460033937,33.77634406608593
10.652076675076763,6.127087534073281,0.8000551179658357,20.940734029649597,80.44739743778106,160.17452019671705,34.00165182468013
8.561204573358824,4.981163279911409,2.333774726430676,30.90446606556016,49.880959415815745,318.45158971179654,33.96154516492287
4.501551274906826,0.19676305330307509,6.668783053532637,25.627007608297163,73.70198712462809,347.86962178370095,33.96801631896916
5.80459541910379,12.211884031238807,3.556894361525073,27.409013173208344,17.09711687088547,308.73849353301057,33.27192673532201
3.5596135928123105,,4.938968485791962,27.993844568152834,6.807328058658994,319.77588682101674,33.40720613249579
13.721083344104326,1.4759807246972756,4.53919124490422,30.737553186180424,109.03439834051007,193.89325742004166,33.53336442954906
9.11064434943135,8.678844686059092,10.469135654849234,27.881292542561518,35.91509437991993,344.34045864723043,34.64553207599138
6.440843560623077,7.053693531354896,10.819576266913469,27.700382539575386,100.1303920240343,190.68147143425705,33.7172959439113
7.390006109448297,1.8313164707304044,5.959632342192645,20.807731108291435,119.64707375972263,342.6032237259734,34.02941738814509
14.218776869155038,14.77168707646646,3.9547297836079105,26.320562964978798,29.916373098185957,348.49948291428905,33.612904524462486
3.127490325425057,3.193000103168422,1.1994564694220944,21.309069259472274,34.99210207413594,293.2386108204392,33.962481649666884
9.118385211142126,0.8963687793651978,11.446646985199612,28.266053158786296,81.70175835830896,344.5921223987835,34.17434101740401
8.04384648759191,8.865965926939916,0.6802598177026942,26.43181357068323,116.02762496486332,262.0423640817332,33.56191747997159
9.471423065150367,11.05874597787502,3.486165180114848,27.511959258433244,110.53804394130879,201.1979880733011,168.9406935466488
1.2436486533479354,0.48561744411237817,3.517777510747846,20.58545787895902,312.12880798786097,239.7081296686225,33.97910767977413
13.125351204088785,9.97411688376626,3.9661218456879315,20.972207616193938,96.8375652549956,268.023929828865,33.814642263019195
13.982901558276724,8.03811671291784,2.04332759260858,28.9170692415404,19.010566345694038,164.4808373577848,33.399704542686806
8.808954992936945,1.7122498123701728,9.278489921509914,20.855836842996823,116.52050754323746,275.07593148982215,34.48873770827988
10.741040866248873,2.5142072060265703,1.4588056355034367,21.325184321191163,116.16056072903783,346.29904603311604,33.90931690980266
,8.605231576300659,7.6120326241853205,20.092116414526146,22.555227241440875,190.5622534834398,33.767038916111076
10.972646693140266,4.50975211943825,1.4703782698550318,31.777032807706984,39.102983548731046,306.64525333281466,33.71341303504832
3.167461008874396,14.066162053905835,0.8070638905175185,28.459297211966284,16.48395764472154,331.8295957491663,33.92014110394513
9.06254417659413,12.210418377216186,10.957449636864544,23.638548620132607,35.731398648137485,339.9281697222303,34.13121819477202
9.431299645611466,14.708235753564976,2.33744010944854,23.551068056981414,98.40391109107735,337.9135206303018,33.46915202963698
6.967751961555945,3.846253873486393,9.917199874288539,23.831104291224026,48.67555412908563,254.95833141937305,33.96815730113756
11.364533196873817,14.671684808294163,6.555143428263808,29.280211022094495,15.794678318425602,348.8230993201434,33.80088713405747
14.092358640971282,6.529431050585835,0.9703670756888418,27.828668538608323,43.75859695208496,300.5841280354665,33.751312317569074
14.084067747439542,5.276456365831197,11.444952767962903,22.38019364420672,117.50068752441916,1181.5410433520815,34.739181576659846
7.3478952018657315,0.7616918500351241,2.870062764357069,21.811678507978414,76.95786663447903,246.54985164585545,34.06970664994515
2.657174983526516,0.7746494891168931,10.220712814920832,21.291515419536644,51.34942225479055,294.1158168606132,34.88371939587896
14.798279824464926,10.404981997972433,1.9752209544866703,28.148986975575546,24.240248681150437,203.28150515663177,33.77049190932296
12.797704704423305,6.87647188485147,10.235422093187063,29.11881542710155,118.99287971918271,279.2193124114643,33.701755436264634
2.6826219135960456,3.3907608054828713,0.08266446210588242,127.64213057549966,100.0312428432006,280.9566882363565,34.91709187697159
13.855739780787603,9.236526856116857,6.074372444864526,19.996087587083352,36.82719842844331,180.06332093866544,33.301904701257655
13.206021592426652,3.7144693845979098,9.210875051841265,20.886247378080117,12.27779902288076,265.1707471931442,33.60266502576097
8.290634106361512,8.684116536503627,11.268781832363091,31.264251980660585,11.525404413779276,305.2193790233072,33.32319079621551
9.31777262184214,5.379981174960637,10.930248838824285,24.155387613472893,19.36031888472238,249.6333041982901,35.15853620749888
6.672568258837926,12.300718901860934,9.784297695701202,29.551198921172418,71.8848952051343,152.8524233040048,34.590375314830894
1.654609028051816,12.35756455553767,10.661046399477158,27.928991786049405,111.98809797109712,152.91465988921428,33.88821666516749
5.616134412935347,7.29230289138223,2.311857446627344,24.90005245100921,62.837122262728855,222.33971241386794,33.947479198641055
12.258000935627857,5.356296664414764,3.3590110426920545,22.295267312889372,101.47807532794798,331.4678772982273,33.97500541062556
1.0078873232994268,5.417608851444067,3.3693639398468864,21.05636928720376,56.139868411120474,198.78295253818783,33.199652536161594
5.934602308313335,12.134588476952727,4.550074126276053,27.269539506071805,87.50584976054958,280.08794063849507,34.147506441170016
6.614915795681257,4.984728619287345,4.703079655628141,29.41958539970785,89.04270537246,198.9492045003173,34.45513920370788
8.517378822959499,3.144656434444324,6.525312115904527,27.65114091091516,24.21597848620974,218.32317456628616,33.62349200958737
13.837444230564774,1.2685601602033894,1.9663432991403815,25.780697394045543,,323.17162684967946,34.13769230361079
5.81108591945257,7.0256824701446625,8.235830308286692,20.69828326417769,77.70504226795978,295.05469468599773,33.98653759437791
5.859714965102703,7.416797378671299,2.038473265359731,31.20498493953368,13.352705866201857,169.83472918119733,33.65401384335237
11.333823275547633,12.63255795290117,3.8413929886236793,29.474406269390055,46.01873681225406,238.66351613528943,33.35450266385752
7.295138216208928,3.225353709600749,5.981909444059728,23.96871677306648,66.67085642794605,151.32340790720977,33.95950710205183
4.122987943647078,5.637907703556449,9.46461122327431,31.772442622136133,119.10707571006168,245.63028007792133,33.8385048022245
7.439862276765084,12.113493871198813,8.79905011322598,27.503417054286636,58.247997656389614,278.2151696616743,34.07738124908548
3.0808701032898567,12.262638050410567,7.7694525240758905,27.079537132742693,99.03762299431332,174.40257736641232,33.68383009988001
3.489236734331615,5.759418631897035,1.9728213994933426,28.71371395921062,54.78026542090151,210.9475980058451,33.66163005489546
7.871677629142844,7.050538517183099,6.6656576056117816,29.93147394760282,96.90761745995228,1231.538992216894,33.86714514230951
6.907301982843682,4.5116692970363985,1.0994547232103824,27.861251407035226,73.0532735603578,332.4804081168558,33.80795597446974
13.930065040748943,13.90834668256817,4.580493932773598,21.149581851396928,106.47263702449159,349.360278053022,
6.181228581311646,1.7643877975594566,,23.6278652536495,52.50860138160673,160.01539724926337,34.36604043511595
9.185989154638179,13.998595262853224,0.5207303495896586,31.23697643216894,324.7353781974242,303.41127544827987,33.42590655968606
9.963553564985345,10.185262334838546,3.305867803970206,23.253940228568688,77.45910855621736,221.30161889935715,33.53802099730824
1.1875203134812506,7.882492778892123,11.420373481717801,24.185272038810396,53.26365424382774,229.10152224892158,33.579550317519704
10.338914661529198,0.589646662542931,11.545185554774447,24.935304198370353,21.395460592865504,301.31430105205715,34.30924711715048
3.438970124930908,7.170777205491062,4.307105922054673,25.376621904124637,14.797288519305994,336.0605866077842,34.20384836267611
14.47796700686045,6.080713018123169,0.47113152985834117,27.012547374181988,256.81382840959196,339.99633377960146,33.82609333732947
3.185827333619098,2.3332949365293807,2.1875893223652607,31.930945017229252,106.02259517576036,270.3695763547033,33.759735074574806
6.758387881440817,9.808082980739945,4.793254428646596,22.6625091364037,32.637593561804216,221.63046613554533,169.05564359027795
2.12715495868105,14.477080997044855,11.39818102524548,21.327871361630038,29.209881554505127,306.3123171547248,33.22740296781463
14.963905658006063,8.390207616333239,1.6822125907648164,22.1597876068722,90.01617680732352,197.68766223823593,34.08437071614712
8.01290635429296,10.873333163572683,9.246962631415549,30.886923763243484,42.35887589037931,261.52769136711845,34.06214547321419
9.386436569097182,1.0443260349373884,1.3193302607985096,28.313735414488537,64.20487786860564,219.71438362515144,34.297039322705615
1.9034282047654703,6.219545982165753,11.737862412621682,23.24744577140682,24.304855748212905,280.9354116489236,34.27412042204253
11.634577661369299,1.7953613724624014,4.511201443817093,,115.4105335358643,202.30471439962918,33.77122085054116
3.8372634401425856,9.12352703411231,9.129022005361415,29.99580449372881,102.11651287991252,184.66329548646925,33.739757995578096
13.671348637341941,14.047396130986318,4.228084761666735,30.408391065479037,104.43281820977141,330.1684244345335,33.36537160303342
3.8118103459578343,9.790280075367706,7.4824073885001186,31.485772863293757,51.93888888421633,169.77301887971453,33.69809243292137
3.5283993392063433,1.245761475287878,2.361347850550787,23.405727901763612,93.11343115458035,247.77771753439197,33.88678765435315
1.5304008810349088,5.305154615301425,1.697679854456137,29.095149294066566,22.389549528976247,191.71099078650457,34.19442644832525
7.588915898965919,8.199725440119888,11.266669150912675,25.257072764052534,5.9318842483552165,158.63552423073995,34.596861272392694
8.820520715004017,6.095890451077076,11.038432922867818,30.104183804894124,8.606294238280116,157.07200107712228,33.81640057742893
1.7877043375127581,12.427593673974814,10.57615611232113,28.66079511345633,71.36275202887471,186.14273832812185,33.86058643492453
11.856729175552328,12.147469854402967,7.5619466409980705,29.200853435379692,57.631762284226035,324.8345597992703,33.83301809829288
7.422779515741242,9.149583950773364,9.687464484061419,27.927818944552293,64.0740999365644,209.85869343985922,33.62212864403351
8.387462125189224,5.513784245014378,0.8612110063249077,22.11178712182981,4.669615242175082,341.04124124629436,33.84729511213474
7.175137636493025,3.7819803677487727,,26.72495848866852,53.4832085761637,269.34270876259626,34.10631964192459
6.648337470500342,1.5735390433825274,3.808291694432732,32.002368033115154,86.6696787316833,237.5910393958554,34.0695593295085
8.832824630047508,5.3155303919897126,7.622121321030084,31.232276290099936,55.80916834540971,266.99572062434106,34.248118014648654
3.0609357654575886,6.100152601115273,4.386761057404861,20.630835717314138,89.2268781091248,254.28529491698976,33.86471881082148
3.435260524785508,10.119371887721075,1.7794338862585346,22.322450661225158,32.49429412417985,302.468014891243,32.63714236075462
13.049022350512555,9.915109079207966,7.16312700375694,21.4420814889336,97.57175195643558,207.01439148966116,33.481936920052846
14.232983351303725,1.1066007143003962,9.762905263411538,28.715904389552243,73.23576671419617,225.1712993187063,34.75216121571747
6.293248231587589,5.89229352357004,4.512812700549925,,29.298883521733526,330.5674598944526,34.06089147839232
4.849976736446262,2.7127926971321346,1.5080223067236693,22.687305152337363,32.86406866384829,338.1706814888161,32.9882074280248
10.063578795228679,2.333961882773923,2.3273982418216157,26.12201150253801,76.95442134348897,334.3814831971091,33.48699126102386
6.700238107080997,12.307164325602672,2.789692748412549,30.208650518614824,99.61275288006524,232.94515193787535,33.87534544713417
1.2468401291484243,0.5889962078358125,3.582307317258782,28.53568244932258,52.03840776035298,306.0600038470926,33.95173576293655
3.218539955050623,6.3463107119185835,7.762526161094885,26.706538207636857,33.899450813089246,243.18657326210868,33.06819827295433
11.064908374636305,,30.904146541519815,27.110784143038597,105.00412489817715,251.30420211096373,34.40898181704522
10.037110823796601,13.220250474734431,8.366000472118133,26.368862914569434,82.88632181103755,195.16974313940625,33.95100400943712
1.313734946270908,8.159858630403974,4.320027292811677,23.456401988092995,56.17773394594796,264.4909724424524,33.51748425972592
4.053268572076845,3.4132243977277246,10.038873694346425,26.958265300869765,61.500621067870654,186.53241769512877,34.48787338217841
4.244353728880487,7.570803803934382,2.538479162753256,28.382706549717916,27.540032677364298,219.1098465196867,33.5732953615978
10.343325425696735,11.098252587354766,,30.877568088154927,77.19468482018107,318.3526501841117,33.52602340261551
1.2729487817544474,14.370699148536426,9.627404070862168,27.6051577324934,46.672059774748575,,33.56796698741517
2.440964539590975,3.3137421158737723,2.0824288575753935,28.98872334931146,118.59667448593815,160.97179352571635,33.35862436633775
12.18631033051624,13.284403563872175,1.3056446267941344,21.79205933382655,60.09403711206622,164.82330830576012,33.616171961086096
3.443290946208952,13.918458558020548,10.568609415381578,25.24959319641459,61.323028731323305,338.3518224012721,33.96247264834968
10.088198333953406,13.772194557495947,4.159203881019062,19.98075713678889,68.24452945973796,259.6940074613671,33.41274658888146
4.249611143301294,9.41931071414239,8.151280871035123,22.349621385900004,111.25924032921291,233.7471667689472,34.09503955704538
,9.44103977407334,0.4024750626706276,29.074572420134704,97.31450655352191,306.7342045913133,33.05350353633356
4.449319853158209,6.0547096664158335,8.276683256549505,32.40620047352482,57.3266471820654,316.9779604399539,34.32223475060804
11.051138796456264,11.289594431199166,3.7416658034939534,21.15164073886647,87.39319483252739,218.50291287851724,33.75383714117148
13.09932748257209,37.29640717162342,0.6707970124605082,,71.34342285665409,287.68872958858185,33.50223829109457
12.598339130482517,10.10941772160886,7.361438496706001,29.643632100928073,61.955056879981804,303.08093995307604,33.8596337968668
6.6808969650770855,6.477529400542178,2.9205017865786442,22.10592649542678,27.064840757903227,279.90881399872296,33.58990649511992
10.302697652545708,10.977806109202891,4.650970575352888,26.928711058963493,58.372685746284276,181.6895459740119,34.12740713617564
3.7104183330447844,12.315401408955973,1.0190068331818478,29.10346249883015,33.946971336218425,322.0324020912392,33.71777839257216
5.135695418618523,31.540258177185592,1.814370880029785,27.120293065878062,110.6817914731895,256.4123946437472,34.07698265505422
13.568246031668098,12.5529974508213,3.624434687420408,22.342345856851846,44.76916434481187,209.08190577806448,33.47084878088602
1.1847315167994135,8.106975589877653,1.0607687605107807,24.1960756268565,114.60624888282716,233.8256448246103,34.08522927754809
2.1466168917944057,42.0093171511618,10.913157577645963,29.715883140951206,65.87057115606923,156.1443217726699,34.14078835939976
3.907688953374505,6.455649132105116,0.06027055561273104,26.629100737538074,77.5101757319618,172.12584640910953,34.3269594583515
1.33124749770134,5.626313017414075,5.777028251171986,20.04820220509513,67.69720673016651,304.7272426922406,33.71642533751461
3.516320555713575,13.748079348631494,1.4852352308971986,29.60685093287941,20.511887438073277,151.06797245061077,33.77168098485473
9.228764378175763,3.8597505180272313,3.691815695868394,20.08844577421366,47.30513450973115,235.74875523281423,34.42048489865371
6.914429799151898,12.583682369571845,11.21084808704717,29.013507382248005,16.40712384537326,254.2191595359259,33.723087706794885
13.545368042029436,7.27186973296067,1.9104028042310977,22.452890588986055,77.64283642782968,161.7178586298932,34.243474722949664
12.425976671588456,7.721654818521533,11.531483334301116,31.339433802359345,56.24082607349009,345.38553523040343,34.036361803299236
5.758548075994023,4.469281135211645,2.5078198527912745,24.94736024890136,95.0485101243669,191.6557397082847,33.59531437710184
4.541222910942025,8.656877156560412,8.903034032332933,24.01096545518486,30.66143300404904,216.73468046449585,33.59287433329357
6.286595545816863,5.032558671554344,6.519432014950571,21.961883293006572,24.520821704011762,213.2383545085385,33.539594356411634
9.002970305122792,0.5991946512663477,10.660118429154398,23.879733580513474,51.223536127809574,196.2812122094629,34.265341716492806
4.7064783256919345,4.179987638976359,6.631376900091464,30.436116831837282,111.05536523474056,149.7331467383435,33.92341729358233
9.731646458847797,0.0034048367609665064,6.505089501411174,32.27991641706968,86.71114286213783,299.1852147076494,34.262565202129736
6.776088125631646,14.622452199384666,2.2891594057388756,24.69112953158354,52.22128388874823,343.6093707817294,33.866888901159584
8.707532800526048,14.491448532967686,1.9603139558537435,,64.31818796067381,197.14714848708795,33.47681185043043
7.133111035867112,5.864535952060136,11.005439191679338,28.909590721489142,14.842097657245793,281.16160121363833,33.93118785840308
4.951110952319016,10.928365154469354,4.014565015088086,30.95777682208423,119.33847396123736,296.1864299631632,33.63646465294452
14.273876879451088,5.260895964012191,4.422681656592749,27.323926259341054,81.88782777335571,319.27995701257225,33.25227914313641
11.55841187523118,10.001442416547896,9.140207916454143,24.48044796567041,38.21113161575114,234.55233412306148,34.07990891921125
2.8665684052004985,12.158502251565416,3.996867063201188,24.927372091619578,73.09370646411864,211.6470229815812,33.602323002736505
13.1438337279967,14.05987338282361,11.479104395842008,28.471414369092518,16.98926453335553,218.73333239258284,33.76328037532471
7.924396965106936,5.961347899494602,8.816484882105613,20.104382798461298,115.96833175803502,295.30969673803656,33.954603406707626
13.552921360931894,11.734984150464223,7.205839579371234,27.24069962767084,26.611873592119107,316.6572517363336,33.712566004673576
12.19940719444859,3.9207432009756484,10.610492036987294,24.19116832452317,79.47417490434138,184.48774505285047,33.74464686199849
38.40582025840256,14.814174555978708,0.4875995004365701,29.622149595172772,33.92306097475818,223.44945881688838,33.51153831065082
1.258453453735107,0.4892391695560568,3.097163847647771,20.72222101132917,88.12019337339555,332.8126857434309,34.01202747218071
4.71870639659304,9.144136847579615,5.550452411459811,27.063469331483677,93.41324626966731,314.3819182739634,33.82168921439552
8.616486112690218,9.945552750078745,2.753300494663492,25.953388935274393,82.63677011701391,348.8298800044823,33.381519984043926
9.759755982178643,10.397271040718653,8.875036895234476,27.78170845558755,75.75889596729577,299.440156074457,33.92809889260373
4.657062945415064,1.7601815556635627,10.99602175270317,20.554576606569743,107.83958739330265,,34.341071808314055
2.920434427355081,13.987999187288429,5.15630160170002,26.78203838174474,13.572083103998374,268.71113187187353,33.189304587918485
12.753941753192128,2.658345090088583,4.172062777420598,27.125685979929187,42.359095668061286,279.9692483575112,34.310907223384085
14.85720699562861,9.292826166143351,11.479665633514085,26.483343393655943,33.256394463810835,166.84498237094394,33.86009142090006
8.228098055918492,3.2953075471911433,5.4447407572627995,27.551124060654764,118.56065645441248,262.0321225332282,
3.3577768649799875,4.647094168096416,5.715483703858174,27.955550077492603,50.518347451545395,292.33779779611876,34.23928553109408
4.7450273666133995,8.220649881138607,4.232521418850763,29.954664956932362,90.38307059950124,180.19340479987045,34.186178107025135
1.1149239450168738,6.244980244224562,10.83842319523092,23.378991325078005,84.61380133544911,304.85065343401936,33.86610065408847
13.718989090359305,2.3949928901717694,6.849485846040719,29.809808672055485,29.92543911939246,268.92042465878916,34.197544163650264
2.840485553620767,2.644584421252086,9.130581509527474,25.518282772420953,31.858794062021932,341.63144095109493,34.35009248659946
9.119160027092102,6.177150160646721,9.681342103717181,21.028662576412408,37.092886743402545,159.87185566882232,34.41689067044436
4.987540788076456,11.417330069328656,4.0584657942707025,20.749970456525613,52.41047008730519,207.4961459379083,33.65325784348756
8.8236889517206,13.314170803568981,5.157690609144777,24.118825693140813,31.553224935540584,271.18512838579517,33.8151642476242
10.061549919345197,1.2202897669959174,10.186190325957227,29.559462330166866,7.6196547973696145,210.107319597216,33.914463773304625
12.586364323588718,6.007671722673521,4.416858273003085,28.149391585075012,106.5792330891464,295.03064316232013,33.31509729068649
3.936170023551135,1.5258122594412993,9.643364619089006,29.565961410860375,116.37936489683759,298.86250713193675,34.38340093362394
1.1883453029253785,0.2145627922199847,11.281775102944145,26.40091452883801,44.91949341542007,169.38827558518855,34.053789425381325
2.870999001867089,9.993107779213386,7.496241960694197,25.47299641563645,43.36451898638557,250.9211243026367,33.45507670783223
13.481521287539366,9.080515258010283,8.969861310391632,21.44258042858801,6.396929185265897,,34.06526385360915
13.492997203250749,2.4860820986891246,9.634549117759457,24.239402725532102,82.79527914844391,221.55397600240204,34.2476283844571
9.352683996399781,3.492381269349905,10.094044627092783,25.320055259047347,99.33916458061786,337.996303288594,34.19800576170665
9.381621269351758,0.426226269612438,4.8561673336666225,21.208115443031495,22.19158749467833,314.9582967950445,33.6770423713511
10.319425603197153,12.476845090390698,0.6045026127184682,22.413707168824118,24.119404118546605,288.54977297865287,33.190427179413504
3.4361107154128803,14.569518027474418,4.835401730028322,27.376185026327367,96.16372042321822,295.14928236933275,34.091294593339654
13.811418143206312,2.169758048128352,7.989977253523528,28.37828805071731,75.88640183906054,239.0064066589919,33.96939225784458
6.963987629061647,3.4353562305451133,5.373146397859974,31.758924703394374,10.352262587264738,332.9748433244735,34.00176672013916
6.354145411523975,12.876687975546929,9.099451258870275,31.527738450594683,76.67792981919564,296.2569812588281,33.81370881695393
8.173417071817264,13.975110144188134,4.31123016979969,27.89561363910667,39.823807063188745,300.4311618167937,33.14827749398707
1.6448125267694504,6.394543036160925,7.615229082025243,25.13101421468415,46.62894955372383,317.79341340401527,34.49882156959434
3.2914485024316473,0.7419961741176325,2.319674731669628,27.880288663970934,93.46998612315899,203.54298396444992,34.034512818709615
11.444440229276774,0.43682127863560405,8.894891082611228,29.692102698052853,98.30731666551614,311.5715213572377,34.252549806343595
2.2512733730679497,8.605186368270973,6.523760044366549,21.61773046005162,51.048074811922426,185.51331334720922,34.10170931131541
9.452584859588715,6.045857347615135,2.5836627286265608,24.862144319463646,114.34395726372401,224.12317767587632,34.15644072713754
4.334332968399622,0.4446859041636675,3.4999713005135122,29.848595944642007,51.608920113736964,217.1961862393436,34.850300840754365
6.353739433739048,8.80537698264679,8.979931573069706,24.432949418374683,94.11201191043969,345.239395009416,33.753805188486965
5.04290154633956,0.23035524790185044,5.861129488874396,27.23040788513602,60.55577401203684,322.26194132602984,34.89882672579818
6.005865095766359,11.88202408519576,2.666413379202169,26.720528622344602,109.35259714580324,291.148554905909,33.839054919454476
11.037183863478475,4.733493072674038,11.530082164984432,22.34174243359554,109.44284657165456,293.27135536954296,34.70917619975166
,0.6833197034671092,8.606875511144791,24.475253276429747,16.511751201770167,265.709099172926,34.55170576457122
8.883049652583118,8.81934607417716,11.589723444821136,24.397066536116423,112.9161187498633,339.82400289782254,33.75714454912121
7.662866025260477,5.88318668429526,5.087130389200037,20.442058125401065,99.8033358623766,252.52991394540746,33.60129111991169
10.10402561142118,14.638614374365748,5.679121680288008,20.17990660936586,95.44016543970004,224.66167639697605,33.03690923417242
14.02901252066487,8.148750328282675,10.777171331789479,29.874077745725064,27.20554661170494,178.10860211064724,33.33855599185662
11.206700642414662,4.181311838420412,30.05881710686964,23.275341891408996,96.97080830493745,310.8412731833868,33.82895214257863
4.104118421847339,10.578113459117924,8.402696917207145,26.512392995029725,102.21706378729888,298.7433399639535,34.29868393705789
1.3725689084795185,4.050268134514878,2.841524564974071,23.795081197857925,38.49835378701358,229.79716885852162,33.745889212715994
4.685887898103619,13.564470236194882,5.3734948007727965,31.004951751048434,114.18198477726285,158.1189298654096,33.35037183966703
9.348905426868031,5.5517449511579,1.5505263615759797,23.18424809641902,10.850416160963784,317.8477703592211,34.026534758103516
1.8220242439948704,8.250960423604537,2.4532635396795315,25.371145180745234,23.038536834525733,151.36450158463973,33.45240822830904
8.048411393584287,0.8164747251250777,-0.024871233585616152,30.41089768571464,66.76710571142662,290.51031977561263,34.540672398654635
9.35127808612831,6.532321200947249,0.46128074002733227,29.53979058657065,72.51193566287986,345.4326415346365,33.64478903781233
5.642024292573497,12.43136645719804,11.822128605995625,22.181968558331384,78.45945400793526,238.2261947239995,34.14194271096742
11.740569727357292,12.151361249391785,2.8688407422094517,29.2443301856381,6.857601059610848,192.41292762980225,33.64229717841021
2.473419316207183,3.2192828945760463,7.993542056685246,25.069560440428752,115.1060608432368,290.6773830200677,33.97383742670561
2.0177983332737535,3.3906314846838512,10.000798117240839,26.073466550073647,10.711293574790833,316.9671736337201,34.53933705783583
11.238177586119003,12.26477638922663,6.542365315567916,22.259350532711043,20.056209902115775,259.28277571156093,33.87184989075134
7.969929875004198,14.01586503290625,1.8878388342897139,21.323081215945408,5.712270766758383,348.97910980499984,34.00912634339254
10.684170379610766,1.3921880954479746,8.834303316129157,28.05431918361535,70.12181762182645,157.92652622305218,33.97717681779735
7.186607670449733,6.768883059262393,7.255728202446757,25.91240483877905,113.17756324569005,251.83212502683952,33.51089751190733
4.596116887825679,5.143345198857824,8.653230105206246,25.088392882769526,81.72467644556218,291.22269526046676,33.43468814093322
12.477235467753676,12.977412137201018,9.212059872211043,28.37042030862268,98.7632783294214,320.38503878266556,34.06781895514807
12.278279647948736,1.1088122210532652,11.719090423698985,29.30740950777636,5.7812232788883895,183.731357912746,34.61679006596217
10.698097470770325,3.2462944377334697,6.886291666559202,21.858696027841713,68.37442366160406,315.5355280592331,33.95102099647156
4.903216032575746,11.213651860652435,3.985870726410204,27.019058247812538,57.46262998696611,259.90984173848756,33.73272005274607
9.346702082639048,0.803019334563537,7.704660534215833,21.087867623691412,61.793626597631246,227.55075976691683,34.54008018381549
6.132932272143018,7.5314718729694725,0.7737500181593627,28.857670084640148,14.22526536417065,176.33622237136308,33.75190430344937
2.2895462948407435,6.69312663174297,10.764759392938771,27.88552436518445,84.34021671852123,322.5020456759401,33.58168340554101
13.789833099050872,4.944569713125724,1.3178975685619243,31.448487372384662,63.66438520357458,183.48717422695088,33.26115876352455
2.8058008097231273,5.811027654780132,3.969702981173169,21.104714547589417,92.40001917839443,206.8495849125867,33.48713667735606
14.300174590945083,7.891847397229407,9.783431395228542,20.77281711088243,59.857924980093685,205.6179780228772,33.951472536733064
7.3646306691562184,2.433223067040409,7.1058942576035005,23.296351228065703,22.261882071519622,326.4031434938331,33.82258906529661
