wind,air_temp,shortwave,precip,evap,ml_depth,SST
6.15483348927153,22.370036795590813,202.10699326390315,10.005021201918854,6.80180294236719,50.840953044635754,19.936371608725256
14.410063183918808,26.229294637814043,193.92740830177667,11.860348322385788,9.706648188227112,58.784883522020735,20.195691374345525
11.125229721123736,30.011255794128914,328.6472228073931,3.8406776739087385,9.21189178848351,103.71945399626478,24.188244801270343
9.547716505421535,28.973944619991578,199.31753163282625,9.388199646024676,1.7500953367008598,44.82079650587739,
3.1519211249260666,29.25008079718576,203.2346410321993,37.9541215187395,1.705934648087952,102.94811749665001,22.407734164030096
3.195374010850791,27.92729352735622,299.40426003894413,12.48089562442113,3.132460719983443,15.041125029865805,23.67624623971558
1.6643887745081432,28.200498865561382,245.04625403818278,13.500513027757643,4.378857081877865,92.5395400350926,22.782771300669012
13.121579914254623,30.399015602764948,308.75682125316166,0.14339585562712245,4.952375811802038,102.39430625971094,23.475598661368963
9.433577070074152,23.20770646353253,167.36798519528605,10.122010023748134,8.098476867487737,25.90456073262342,19.917391411557848
10.906240653038074,25.658876273339864,247.2661514549782,0.8036106144310747,0.8109520792650537,52.94264500070851,20.05555755929499
1.2439045230401427,22.886132315049135,155.4989042576718,8.226448884226583,0.39324676940571285,25.23209911098781,20.050519464986422
14.504303960913841,31.776511203930582,166.54250566242243,4.300536943002369,4.788049919027947,86.43772965668708,21.857708044698267
12.74309696915162,31.333658669251463,331.5009165401096,4.655584627934023,8.413904820719177,66.03585291939723,25.0054914710632
3.9751700968208925,20.483414480319336,175.19274750489305,5.28692068918874,2.264415790088046,78.97545939179668,19.79660640142479
3.6667080176129048,29.053318608888883,254.0017910221362,9.286498610051044,7.673267513541171,26.476913698103278,23.68306135791156
3.5262627149497363,31.07183602512328,231.40649028034477,4.954677769625328,3.066209740251188,28.58471275630201,23.72162056526446
5.2252009218113695,21.73080150818117,219.4135080302084,10.860468122619281,10.553325067341815,8.339093195985077,20.168234786320532
8.410725044554173,26.628915412804414,330.17071365380434,6.115716383447998,10.733265173531942,43.16023944231918,23.08683381982326
6.919606135830041,31.17837263874214,153.90483432872597,1.132953832606616,3.4963782856109367,69.57776566587911,22.626083534617248
4.9817861581370195,20.333254866398775,288.6182045103231,11.695602618668062,2.7495519568905427,104.07347683198412,19.83759336693166
9.652242263739518,28.372944397794946,339.2895738706873,4.192954475902786,,81.88425070970105,23.421242142084136
2.86075794939597,23.455516876154878,263.71865156146873,6.445697898055771,2.9276875014030734,55.428168861096225,20.022435722656343
4.946982333989429,30.358064315954078,336.16856334756653,10.303028850286212,31.752627901265292,114.65747385396095,25.81976806838755
6.2759991558537696,31.44976200428283,160.35442552024134,4.949674385590283,9.87490462350146,87.88204550236443,23.329391090875806
7.275375649519259,31.311036809037894,236.11442753424393,0.8103375976591871,8.053322089542608,112.03606046665698,24.551968267167435
12.006941857312796,25.229017124069216,197.56610862204667,5.602716176136178,10.015008283589184,65.29332172201002,19.92422620481607
3.8008655277301435,30.037020036798353,293.7949663780621,14.17414386069764,4.69937453923662,34.74493345470761,25.423964651117345
7.978265801460699,30.045905778418188,345.9246265402475,9.653103210248828,1.8756987584730722,11.24558241669261,25.424475148791558
9.272783244697829,23.742784739709013,205.00374484083375,10.050476890993817,8.88300396447576,88.56865590858938,19.727339215808012
1.6855671653561386,30.049867511777073,284.5194471161695,9.461212417354917,4.397763595322872,18.028846708596117,24.28301794347583
40.98785635582975,20.371875637729985,192.8189258217672,2.8435079909334715,8.035524973284867,38.98089811120247,20.11945330854426
3.45838690954141,27.24852447794976,257.572028012678,6.343833493798334,3.1906477216591385,66.90901818090778,22.315123940785494
1.8802515667366755,22.577505926663328,240.1570235002877,11.2826603207974,0.9919208794228487,69.71657841757184,19.23749458092633
14.340425962048341,21.501988439693278,341.87462510070225,1.6317416603470754,11.988931427475615,74.4314884655122,20.31150366787773
14.464642439340187,21.307167149711603,271.5671006644966,4.205387034310259,1.8582381240873809,,19.99559133048848
12.206649474286605,28.43083998489235,215.25979233757533,4.1393731365472535,11.811280630589764,47.75168671771898,20.83262748724223
5.162544706985367,24.017197548244358,175.5691807961349,6.370978247481247,11.733893647470866,75.45157789009573,20.19820175302423
2.252435199010179,28.45129601052792,175.25380090913455,14.58535761228058,9.42955048441792,116.39045927738638,22.049803060103763
10.658652090014927,20.80696293612631,197.64966879710954,1.0896507719140953,7.900110684360768,88.2630426780502,19.777164468158496
7.043035034901688,23.7266218921767,202.37461927063737,7.82182031890516,7.0035328542345825,111.90585564149512,20.079616848921525
2.730084583482357,26.620488403963723,317.38198348366666,2.7982595647104973,10.445090521378741,92.76627176062529,23.23799031773632
7.911565548580804,29.01344596970798,265.4055159366809,14.628647323492865,3.464744167019108,74.19977313420299,23.40527638346306
1.4733674308633122,23.775963806403382,253.84355241119638,1.6722535839255346,5.710560568021046,27.334728427917533,20.183125060118275
13.837714139822697,27.620062612125885,171.46917515354946,5.884829463040964,7.545921152917307,80.16526587898275,19.779032596997947
4.588443604137579,30.665481361338415,320.97229212092503,11.112741017082636,4.97366113526693,77.34681129162628,25.502481128771187
10.323405830871122,27.3036231539457,293.72203919125434,10.493575925397991,5.042809413276657,73.34315046130412,21.87699577871388
5.366908893850661,22.705170255108037,162.92331504163462,6.327372985395273,3.8519510844765663,61.46905127567562,19.828266093800668
8.268998150372926,20.006183890701315,291.0135229384446,5.228175857904326,6.852812582689677,65.31269988883467,20.021782418581626
8.8348040930428,30.540012216247856,256.4775699744342,5.917797757281272,10.22140490021447,44.79630133576904,23.986433771413203
3.474621146802707,20.366060895067758,164.69641212617682,3.9034477626321697,2.5153168590589843,65.61816626259977,20.028618489650757
14.675556853316548,30.127822780019372,240.2283718761259,3.057399270603493,11.133822432902997,27.25660118661919,22.922717393452434
11.903476659562838,26.54669524472047,251.12913147871512,7.095086064405827,8.259494746884052,97.5156820468054,20.516210974640618
14.115277293998465,31.098062879942802,181.72427867486041,3.951972012401015,9.940301977986364,26.516791663454697,22.142004757798837
13.655705862448523,29.48732393483139,337.54816116773316,4.234827619344053,6.631017285731297,15.309232483126783,24.101932649500146
9.22527186909151,32.458783525136404,323.7931920530987,9.833992856927473,9.41436970099671,55.1864614987382,25.68310257112363
13.865209690524372,24.626389890706808,282.9978959934621,14.458390605560576,0.18712484592196654,80.06660602886244,20.003023529312163
2.1438649218542674,28.8289259838707,240.22924957481524,9.016616139003784,9.82222889660918,54.8902278097628,23.43156472890741
3.7761646352002813,24.489554746576527,229.58038908097083,1.121962074188535,0.4114855913232338,36.82393196578881,20.22228756454398
1.5456552279535254,25.484364932219066,276.63745930817845,1.2902588013999934,10.693865857932414,69.9590419087859,21.836482776136908
37.04304599738612,27.943819659590094,260.4419402031495,14.327955093343702,12.03356925325555,45.171911743128575,21.5387864001447
6.426821457045768,30.325739747748464,157.93506270115464,4.450506966241184,3.551816382833501,111.79776576045718,21.89558067926303
4.761192007763404,31.424478427495696,255.8728518594736,1.4140373007285179,2.476879254101934,111.5082791195579,25.587675306415502
12.632886760889015,29.54075488353234,311.0519556625371,9.053393232934688,9.26710570900522,62.53157712480668,22.99093648883102
5.9734232658609905,25.168126105131602,240.75318659993928,9.37589891799132,2.9911605056372697,292.55525702630035,19.78960057185489
4.847477335955214,25.64342345006893,159.81932794238065,9.651523281826524,10.48879735060284,91.34514682687825,19.91496410528029
8.818033699416587,29.005388235807416,308.41550948913647,4.0009525078292,1.158515414923848,8.998355647750754,23.918394429609098
2.934630311250429,22.85700934900273,189.0958982347624,0.15487727509289995,1.5276319576182933,60.09802341545124,19.969728904444036
12.056374005960489,21.39160441351555,201.24381499745198,14.451024709513321,11.840317756568705,43.2126357520129,19.985262581275332
1.9774898084546286,24.1373058240655,185.5790370636329,3.7517101197141405,8.034670785823655,110.79166017186172,20.061644322361797
14.716763647335275,23.787396152655106,216.91194619271192,10.217818139265079,10.167577473927306,6.398772363460788,20.109523675042148
11.876391488630087,23.909992908865057,298.21938235749,10.541035540666575,3.9605712611450823,68.45300043393951,106.19115521971841
3.807312993470397,22.390400679670638,252.10439576744696,9.085806009931769,7.984069204137812,91.7113460963764,20.20470610583925
1.1086627867041856,20.750969008834495,186.51414200398668,4.640875946367971,7.185859311048588,60.58598928711876,19.677993588107718
12.387362942283971,19.93510742304427,327.1070922836452,4.021647598931554,7.232588047816604,15.187094396038653,19.945593162933875
10.874035850895295,32.48227262282324,327.72484446249024,8.941620946008703,8.27588678111248,115.63016377952466,25.515722945686175
42.63129883085288,25.528986273695093,321.77527560456474,13.01565829592572,6.855245579965923,64.84043462465469,21.117005350302723
11.791400153076857,24.315074422328845,203.53246281274292,14.143256323069728,5.066522831437268,76.34318553415659,19.859534795715334
2.1023123353562174,28.218108322180846,246.35431375097664,1.5970381070016761,3.2788742658677625,31.881308323388588,22.80097103882299
6.044947798019542,22.8780853687173,347.0550648083121,2.331789356185407,9.189539875464433,59.037823593354325,20.895785435569465
2.6614936645449796,31.236848931012528,302.40523988838424,14.211770202877762,2.703026061637486,54.32810247243019,25.79190446434269
13.122731235336209,29.079740437964986,156.1193046000283,11.032524630640262,8.280468346428982,13.623731392832829,20.00364594326746
9.795722718094144,21.099482184967172,160.9843880462896,13.3061124031051,2.68094026709661,17.659708965844917,19.724036452805777
5.655231290821132,24.96940045013274,245.16592713787236,3.066634066331776,7.498331825743531,102.56260322543812,20.39213785103592
1.9180352514299197,30.310936844598853,332.2607397419916,8.837633528821847,8.978683044099757,32.34243208509552,26.465195842057692
5.447235373483397,31.659209074598245,258.33719020037057,10.476587372542621,2.613108812554814,26.886533210677147,24.32300641897186
5.500270012456052,25.272604555465335,253.96888026273115,10.22187413766536,0.736326413837675,62.33755385504392,20.907917411632802
11.1471943938447,27.332800940326816,169.54420327461543,6.148188341080769,1.57672171164957,93.52936946769707,20.038869605121295
9.83254856597958,22.051835299541715,279.9057579282151,0.18696693475943865,7.190021562926535,12.422599586651218,20.111042077822656
13.435362050596527,31.974616515951894,316.5706882770251,8.831737800070368,10.175518521360459,70.99283967564376,25.147611106408863
7.46523901674491,23.07498756485119,225.0269776394692,3.989498362344702,0.5467152815654218,19.194502615603614,20.0916203901518
2.7106613544900005,31.25016971849132,309.13966549795373,6.705477603291896,8.795752635956397,9.483064100334474,25.772383587394817
10.976840521955056,27.116677484902148,345.40138621313866,14.329130140014813,4.0073122861122075,11.092497964547185,23.265383003507942
11.740214114423999,27.1919537645431,189.82310227165667,5.952795388549871,5.814862032984558,100.36645676119977,20.129921737410594
8.80504393180404,26.341545645600508,250.12829289218215,12.500697577146319,11.088672924222685,18.2665213140951,20.75649100529279
11.777552399452674,22.730437200844154,203.78999535160474,2.7636524327672416,3.910004942941659,8.678100399219995,19.982850012339075
8.001383837797071,22.082666479495575,307.36415065928304,10.149961951877767,5.586463447783316,55.50543757493447,20.04956365525162
8.42702375191061,22.783093084387882,266.53239508989634,14.649071707550464,0.14546692105954254,102.07566606436629,106.3131612395556
6.9320898517229335,22.40890454245097,279.6774798344406,1.6695521722279498,1.014845699171621,35.294429842442824,20.423084467441704
1.3701623084197097,28.889048837156114,309.0385674554056,0.10357785579588834,3.1548410481392875,53.811259854812306,25.029538210622945
2.5336318843355015,24.196629502503544,226.9675970215154,6.534367097948636,0.37695108127521754,9.831548375828278,20.081270399764904
1.4693911779791526,20.643192035926855,332.66548200727794,1.322865775524726,7.576398193196304,56.57523455635933,20.26172888691409
9.889097879818713,31.648825855736195,256.65679483316313,11.21766072130737,5.149586745902237,71.45583586039469,24.192223429208124
5.5017464942042125,30.09163532812488,184.8596065425546,13.724689750237362,6.485245139897932,69.77909321555812,22.60398592664482
7.971391109134794,31.478143703233027,292.30939565803806,6.3555460190925945,2.1606537736822315,42.86527495226275,24.597979897964194
13.672814672579545,31.94064773009361,306.1426940411046,3.8199934783944616,3.5271809355928867,41.31777106113687,25.175158206024797
4.525314652216538,22.197598875159795,214.48974975016634,6.56282644798809,8.08269651512879,16.803107090553183,19.84637028986975
6.781315215074133,25.215547216494503,319.2971279715621,10.894576103311477,11.650325042217846,47.71788223526771,21.348384983305777
11.684091387083892,29.212237446732388,329.1606739506659,0.04398660361105959,0.5933037004309516,16.031404906977258,23.7322645150758
4.297397870006741,27.95057490227221,207.98258379589296,8.815258841315803,10.685881342917668,93.29334256372397,22.69743285736625
2.055264909922673,21.824202729436497,346.2050669039995,9.025075336850291,6.992780553244932,116.19419194055074,20.694466203339463
5.158736908613916,29.966036711530442,179.74503861034307,9.565070886201857,6.633026391852231,117.02366820776749,22.284035383006987
3.200948693925943,22.70805801335868,191.74254317083293,3.7230341423632125,5.993841916539298,105.04458026116345,19.95085092654307
14.088968316198283,23.13102223462091,186.64587196549022,10.80668040108547,0.9336109339803358,74.5236420071469,20.108717245720648
12.45605741008315,26.220422127729517,329.6320134874131,1.4641466892305284,1.1286158195079383,84.28702017176656,22.064291015989852
9.963190835656944,27.440059562383905,281.3691248177396,3.027816843041855,7.161273801786062,38.54290122925535,21.73575713331085
13.208765613777071,27.179898600299616,177.53919684370936,13.247243893571428,4.110148886726535,78.49046898193878,20.141104218046948
12.22531934847395,21.120996135446145,239.2853423864081,11.066925801141007,10.949306082165018,57.099221860993666,20.060689185316775
3.4917786453944166,30.615954961717556,271.2912143785473,29.590299324506944,4.858839976390534,60.57948051479094,24.99339391578156
13.520245548196264,22.93217820250979,164.014936289175,3.809543291940226,1.739171617766588,91.58910770698883,20.15081654214453
8.463095256925046,21.47403362273075,328.62399431330556,3.237315250625942,8.606854882321414,36.20631484667746,19.91441172091538
12.241793300350443,30.815513487053003,309.239563717733,3.9300439638539086,3.56349021817321,41.11416275497412,24.82443087898837
13.451642810420596,31.428921953460943,253.82341906218036,3.802883470790189,6.378798191525279,110.99717287786343,23.474969421772045
5.4158452761338705,30.361244197206673,346.1765071286058,0.9217230670275592,8.303214247144648,11.244638809471521,25.825456859959324
2.538527542818337,29.973063867127973,232.3580243849329,6.835036479399395,10.804593604544596,60.250316297675695,23.760725304894326
4.212608209208901,27.365414338497747,349.4980564337412,11.063006676796402,33.17293049732665,109.51499642725729,24.481954350549383
6.9322876505481,26.706639544057733,282.6088135902974,9.163062149615556,8.092683566222654,75.18488638344503,21.368498633605114
12.53629082819747,21.507237114239818,276.7629511927412,10.022690477917845,8.110865592116351,67.35678176559014,19.93697716700838
13.033855754105769,24.803135877393913,184.42781988864925,1.2056828881394048,11.38070667888628,34.059323543607384,19.902525044717006
1.0353865511892164,24.147701879822826,,14.205540010893232,3.6123254575253605,44.901515447640016,22.431408795399236
8.168256936135801,23.01555348693814,237.85470753123602,12.512504954773439,0.0789829247807977,104.46910678110494,20.183652864253165
6.998159822639268,28.2853223690749,182.30192922189983,11.856218818127422,3.19792608457637,70.01164734318797,21.411686841491356
4.135865005237741,26.00937698398122,152.78025691992448,12.270171622412834,2.6073858890012773,,20.238910832696437
2.649581657505763,20.95333208656197,257.9857135279558,13.978068667956123,7.8748422787507,16.065097157599524,19.869565800843176
5.606499074520341,22.72533710158569,,7.95540328929525,7.53539044821344,7.026311377065937,20.11588959428569
14.183482165612544,28.16487339504651,296.1183838309598,2.9033219363447014,7.0823007931606154,116.02734245858683,21.918949842709498
5.543314836945167,125.30149865182372,328.7617053791704,9.296406572504608,0.2152763444704972,48.03349498482574,19.60353767944083
8.232590925431412,30.331988131002014,167.6791607273109,11.039338671741522,8.776104495563054,74.85795032217563,21.66183753256944
10.711306375572594,25.629361458464135,291.226584973191,11.057195449753092,3.921155943586334,13.295890971171122,21.77174375494009
6.023929443542692,25.857312462888874,184.7727699143464,7.700120028549882,8.01579436113882,83.40582453131765,19.927927272659414
14.719328124453224,27.486646756003633,326.14776237211237,1.0569974840436391,6.6286698205650705,112.5916014825839,21.800432019852718
14.587026113763374,29.645313955003505,313.1671443985079,5.54273283152339,4.182900008339396,71.02227182931121,23.697378110035714
4.45523045702445,24.254135014861507,260.05597776823095,13.7439984506167,1.662543798203038,19.374405665693963,20.332295841100247
8.014381929685506,28.473905766726116,290.1783683999523,8.572214159045108,1.1085572833897113,71.81210280363611,23.29635916529705
5.119618185205306,130.8243298056882,211.76247600480494,8.009229744173942,9.955990020687489,92.60915426755516,21.01485162602675
5.098196620530002,23.412453301749093,248.87921045645365,4.081698625641171,10.981783129411596,52.469516870038255,
1.5357016088578852,30.485646598275913,313.93299242272633,5.640750341122636,7.720859765044481,105.54686515734647,25.51887833098401
9.608576606224933,29.832911751757127,243.16445870526408,13.41406356881742,1.280699749455779,79.79682739807805,22.94597547223485
7.902638386310554,27.686368887222084,221.8864202256386,9.989584061612248,4.873068815030912,108.67142510474184,20.79371183400428
1.7739891327179154,30.204618770033075,249.45971800731803,11.760973715250998,8.692362307215575,325.40556224399637,24.2528229358466
4.900447042274045,30.01144457513771,316.18143959747397,6.905602829075949,9.284810454626655,20.143677849313843,24.789194144095852
13.78271462762974,28.614419068253756,212.0880861548075,9.43600631497225,1.3630937301437167,40.047632931672325,21.21587565845673
4.425807938000057,30.161209360410897,185.947278673662,3.79149347029147,0.00690532128626241,29.073364241068976,23.064915346015248
3.0337012486891086,28.510721566410137,291.05614379929983,10.600169780716454,8.463703465388985,108.80531880736736,23.169723537343387
7.805091853975519,28.289919134763444,1321.5777036575419,6.423060458982165,4.34602494150668,92.03847673013193,23.948973611541053
14.860418482177911,27.39958025502605,168.19217757387025,6.563136507507412,3.117098012104207,82.0228335767748,20.137635128779625
4.384043496910646,28.647171685965198,196.79355008002256,9.870955858001379,0.17993016891799407,38.7649625285791,22.213347918595204
10.341265418112163,22.16203689408172,184.52145230168264,14.152037917227927,6.53160425039905,276.45051354179634,20.32851857820939
11.590317599674071,30.56042383826346,221.40027513285278,1.1273765187462146,10.217292587100966,92.33015083808326,23.68734512519683
4.210767436770487,30.564759519020146,237.60691658863647,12.290281550194374,11.519159963029633,59.61559943177428,23.37344672641844
11.154901667059606,20.30265534659187,300.207144084954,,6.711848171353123,30.556597303410136,20.260270677749528
6.235675058793762,30.420728130064017,277.17265977938666,6.6004386059868985,6.255981130150689,76.47718217600016,24.286596975795145
9.866265437762534,21.3983717589242,274.8309195970851,0.3613340198101026,24.70883566708593,9.124709414153985,20.052544247794145
41.28212416698152,23.863327086325288,218.46017298682247,4.537186014462652,6.578836677504582,43.00420234573113,19.950000113794477
8.564136162172417,28.51475664798224,322.96060440964277,7.50901734588312,4.707221644078514,58.340275543175025,23.421243042491657
2.1985942178444846,21.95857137041451,245.31166972999327,0.8258247438865296,7.27257854841015,21.613529204735293,20.06094546356914
12.701732894552013,30.30035504735109,347.14240635394157,7.520225021210115,4.708557259196332,118.70785241084796,
5.476795510440484,30.01822522191205,279.207375659455,13.896706371804147,2.9140974690344366,29.584563639242916,24.331041902394503
3.672526797166037,26.14885405359776,177.91211412993502,1.4188849765978908,1.0605569692293046,20.362975498589055,19.854836200298784
1.4468251817678985,20.33048564904336,283.50952215240915,11.427173654715267,3.7197439315053096,27.75231772849129,19.653892558497173
9.205645124866729,23.486739200190666,215.2586818665187,6.064501907105941,1.2804512212406296,93.1636148693134,19.746078555467726
10.357076115356298,27.715948211043447,286.1495981780487,9.759951088116576,2.1571035089908563,54.03093547184057,22.703649014391537
1.211815978599655,32.12578207576074,169.17348790473596,3.955725924953293,11.847033339336951,69.49353216246185,23.50125421886512
8.264564529380184,27.42708506105279,179.25212943699123,2.4579161437135593,5.297482695240718,8.270483881151021,20.315518923228296
4.1311945477099945,22.744526596193094,319.70690962490715,2.3449277868944978,6.401439441312711,7.4626250937881204,20.774645374087353
9.992260965717737,27.787942442902168,195.23562313640716,1.0168728770864217,10.508037549385392,55.78460116038804,20.159723789070558
3.50967885594209,26.563980400851907,317.7512236719075,2.73334662159124,11.960257865733247,98.5977737154985,22.950901839908372
,29.08534039216067,206.14707531845966,10.07495684001348,7.055954885656961,105.03002820306864,21.982191602067445
6.407329981072004,21.1069068273332,278.4607802986567,13.293089694866048,9.698287519807156,14.101077580764413,19.961343116555383
14.168063023064285,28.954664020117452,288.42328827261923,12.261678510559381,3.8639580632951507,67.30145852732862,23.323444579996274
2.8406059096540655,26.533662273190497,253.1353540392464,10.201100374961499,3.7307738911942487,110.04028771898268,22.017392568049974
5.883287190694816,31.816064033196195,212.21811333774812,1.5307512322707595,4.95771146188234,50.597298867058605,23.84060048262648
2.7575947881544174,24.377230029524537,197.0142633782904,4.428320998055583,8.120046681365729,101.36310852423958,
13.986696937837156,27.797742662795677,161.10109500705312,4.788251463166085,8.263247513025382,20.644889553057006,19.672764186236602
13.11884761798851,31.10814856802707,211.54322063040962,3.6201475110761923,3.7784357169949234,112.76558708959672,22.599800631604115
4.567285839171903,21.809215486826876,279.39181080743913,7.889960274051299,1.614297751663308,91.45477203534207,20.006290257603947
10.287966725893646,31.255407142129076,336.59544880700935,,7.603735739008763,111.59871735253424,25.5345166160262
12.407967100639024,28.153210831715157,320.9493445993874,5.365659909115759,1.536623954065106,81.94184472810082,22.732780720137864
8.872851862903344,20.45771708664163,305.6006278364112,5.209898623608653,7.025589613934201,46.854196592798964,20.19745025392524
8.461358383086605,23.520909819222897,307.5774167141407,12.297789364872735,8.38722706600117,113.27476310705408,19.887583802750967
,28.61251563071892,284.0922385389313,11.672875857997187,8.383666306409003,36.87071139834433,22.63092340858169
2.305975922279415,20.39444927733045,202.89334561542134,4.692760910732424,8.944094721894666,42.643625380324714,19.945996308919444
13.490733215981086,26.7371731598325,329.69159854689616,13.700740868490183,10.470543572138558,86.17719168963994,22.633370686514176
13.591495070857462,24.028694427464274,282.0898064174457,14.326118684317978,5.931045528745256,93.93528420823256,20.547313286243718
9.81980945354455,27.248731911884345,260.9536657968398,4.984485972383981,8.764394030916222,112.4659878056867,22.280208651671845
5.838795546645756,20.3251352918497,173.41454670869572,5.309327575705638,7.366281894772414,29.16902915091814,19.948706780726983
6.055328594032776,30.7517883539996,239.20884105212846,7.708783139319581,2.314181464500723,96.42124542833635,23.425686233755886
11.050836696534414,31.25130095661951,237.6498847233419,14.056097819016754,0.3488569674955911,,24.08928036343143
13.408309762186693,31.67227810628201,320.3474291968906,13.114073468111714,3.4536375713629335,12.427215732682013,25.416756795254617
13.399930581382288,29.131219510372958,258.6599279803793,1.4721112499430224,5.3799772035373845,49.84948012059866,21.87705536710171
11.798855630436357,21.43476418191227,226.0039375549707,5.952417862158613,7.428461113672501,37.745777170449465,20.257214312530607
9.992076938012213,29.039960484561348,346.6512443213775,8.382477157192389,10.231933286918988,39.94068388629167,24.151304912199194
2.236852788362349,20.28446664432196,172.24245999011555,7.513671807773514,2.440015674101441,117.50290822640233,19.896444618050104
3.3802952162387943,20.430936382071604,233.6011597184834,2.805471314189825,1.4986217219070186,78.86821217546556,19.99944639395611
13.595595485276109,24.28259129244072,157.41030865499073,12.972770731297809,11.59763825459906,88.14774169657748,20.088535516047276
9.47481789691509,25.52866760814586,298.48544984039614,10.089327135605366,1.2340913513405534,117.03588548740832,21.21659411236136
0.9731866096195317,29.005889955752135,334.6624442835154,12.538997092272671,5.7465933787911,48.934969515721434,26.06651504099883
2.4226606933546275,27.97367907786535,205.18137238478536,12.802519450608996,7.160723638883308,97.67098699422768,21.865351035270493
10.294630506649643,25.34755458257602,318.968914863485,11.246482180857793,6.544806197742661,54.784752781725395,20.859427054149773
1.1211071291530785,23.17924040254498,208.1966581366033,6.531523490163132,1.0272870545068702,105.86191992827479,20.12384875606047
3.1956001079683336,32.13932554499846,330.52625160285794,9.209794225201998,0.7000082791957118,25.55402841892689,26.743218345732856
8.648062290767205,24.94293494951691,301.512715146614,2.364307258957631,1.2645560875061144,114.92471153716797,20.664361576720225
10.57030870433679,25.18495124807057,314.6903491318253,10.14424309769115,7.04079034760815,30.429309233039533,21.466034828556673
9.947279720986538,21.764427486226893,150.21589749095813,2.6207824741703853,6.508480482599466,42.50547012040639,20.088468354162792
4.0526026467059495,29.567891095983843,345.4443496787076,10.499443165220717,2.8342317237211865,91.40879877247932,25.717991732081295
10.847025087743027,28.57561841652518,296.5090541592705,3.407201446972668,7.6847331775999965,50.226834489405604,22.63226301593413
4.347964905227285,22.637644785031352,213.71262711943237,1.7698945822111842,9.841203609819056,74.81731843838364,19.687669047144485
5.514851827313981,20.842980523130418,314.78747539974256,2.3918898463887346,0.5072520039942859,55.34173932906152,20.206958853456012
11.408554901115275,27.89705377543445,202.68221290488907,0.02869923538391439,5.997764337256578,90.23691739958583,20.81846145393073
10.01745036361068,28.235390172035167,325.0008719326213,10.696446648176225,8.240463314877756,30.757136420573858,22.90988394958728
12.634931998367819,22.81978057564522,176.02202574253317,10.982786990074167,3.0565160834461755,12.087878621651422,19.986588322696832
10.325187891754618,31.36182703216747,288.0807888013813,7.653273487318395,3.7395084731818837,40.30599932777052,24.977228341815337
8.877663256425036,22.00564607424282,255.8595349425529,2.409014895380211,7.450510612680321,58.78084069581346,19.92730890216096
2.2790157190197426,25.135885928977167,170.77771604207925,1.2875864691229184,10.794100663980561,25.389474675303564,20.09523505178534
6.033614462602167,31.175670456595697,197.09578396961774,,9.686147925664303,45.72157091422258,23.23667231900539
4.789261781812507,25.176449899963956,156.65403615149117,2.4830208572620944,6.99145920751847,50.39038046743344,19.82561325718959
4.427133673362104,27.377007041932657,245.38691978180762,13.392866749931644,8.694891258382444,12.072320690025544,21.61104882300068
14.55716577416628,24.317061390403946,208.45153335341797,3.652774628702984,4.420996296366951,71.802087858304,20.48323229353579
6.472524809989739,23.38270253624943,268.2571642167718,5.4551789381920655,7.569459793471253,106.64855312786058,20.015737399696444
13.620616990326912,31.54814627993006,208.1322694838282,1.5254190129703145,5.654933603527888,22.198474976625512,22.5701482740129
9.83020274573881,24.94636587298537,209.87631490143698,,2.347142935379641,73.2389025601717,19.763820381977826
12.113067466118524,30.69703751204634,299.401232972137,7.916924435213133,8.247094781059284,81.89622824893722,23.97335632202655
7.962892906625735,22.827546893421037,160.2082578382742,9.015278659026286,6.753190423367169,53.04505543314368,20.118758890694636
8.927672257790086,22.498024445683683,327.7618270555329,3.5112857906043264,4.364369491154587,84.73085207029203,20.316819444490307
7.88266292553733,20.517468266296824,322.7118032720355,0.9053770352711219,10.918872345350858,52.57756699650609,19.87025984725112
3.7589966496014084,27.636486910979162,282.83433826562793,5.9422286574921905,0.18054351674933,62.28192801045933,23.093953827905843
11.20079644684354,24.626095969308594,266.3210122076056,3.357845185644977,3.7396048673619813,5.126848985820122,19.829462045415717
4.754000486265135,30.054691570722994,327.3006588069663,3.2697854957830503,0.6376022516776954,85.2910860549203,25.962901423195877
1.2519505481286002,25.984388554996016,189.60668570486922,14.323066432233556,9.276360225226965,80.3088081834137,19.78038731118453
9.990945034234924,32.153476787930856,166.2705564879202,9.267285843317309,8.39866467145272,7.9724133219901026,21.994172001520756
3.4792757919775754,22.254506193397646,198.5972732882327,8.350686945273853,4.029905620084867,47.73695090641544,20.055703577737784
14.155015323544154,30.832784520632778,305.9850561289339,6.3329077312350694,8.100598941530205,117.39928362103439,24.144142451075993
14.345430976592116,29.796088093787176,157.26527248022182,6.335242473585695,4.754512294275572,53.24905458824003,19.754720162350768
13.840192471065704,29.16734894800823,269.0599960177927,8.141970232812952,8.981873305819123,62.527714200885235,21.9723583182995
6.111190521070457,30.149883916544507,344.5713785846943,10.492170576447991,5.38219113711995,109.78635280880388,25.8781639090186
1.2898497007560996,28.919931790191583,320.16497324943157,10.535894458485993,5.024027898120378,87.01599537818657,25.552671355236225
14.03054480665856,27.31911458463893,255.8500887487335,2.427789003022441,11.207525786655642,72.85803029698819,20.415863795477843
6.969427772917839,21.635680837617734,163.12455379053958,7.53225683731598,3.0283760907651662,95.82750108707204,20.09581947056545
14.65905633533032,19.963621368465972,313.7227884823343,6.125627141917454,1.5524717623859994,104.6793818885792,20.14626939229589
14.613069882163682,31.26792078163372,270.7932750165087,12.929675599393907,7.006950066213167,57.942319995903304,23.283737134872002
13.015491458697374,27.443438680314497,170.06245483534124,9.498440989140187,11.620937317152661,59.16402103815564,106.0602151978931
4.884917507900961,29.736167508477006,166.59841521763997,8.04399347993614,4.605582579497935,48.75783132026755,22.079713336380703
6.515529996419405,25.730786818898245,,1.6856531359117464,0.7451734092518498,116.80514382167591,22.40532243866926
12.978409966813562,21.583121596219534,287.70594890019794,9.1459026104187,4.090637268746281,84.55658097114032,20.3658732692887
5.5946838562237815,21.566825811934898,311.6750510510674,1.8201313268927062,6.130283719947984,14.19255892085512,
3.470207617106489,28.359089064507113,1323.7229438032266,5.0568147576038385,1.9430828771182205,104.7933579391538,25.109375751979652
8.91933209893578,25.39887522604097,265.0641378980642,2.1864939138912747,7.943924815479024,60.286045119762065,20.371877977568055
14.17526066852978,22.076344824102463,253.75178182160502,10.45292207557745,11.966123836950462,11.786657909878892,20.149470543637214
10.850472880503672,25.715743107299296,234.908386956238,3.132402160999459,5.479048041131742,69.30631128669135,19.8325982341623
9.137666131142138,21.374310115908784,213.4239470556855,5.7096685538539855,4.28172427447299,52.64357127080608,20.04332375920291
2.3774998933244835,27.037722229471772,234.2527199293498,13.249734263750067,4.7950852044496335,105.69016945690935,21.51871827199394
9.48646738248858,22.780107862028693,305.0066909396633,3.1431613183429854,1.38615659439699,28.61879289937596,19.845769148999388
14.836576431502436,29.12434517308931,270.90966841357596,7.566438536602967,10.454352294465114,100.43299930572185,22.491941313637046
2.9918399432802216,23.704782620346393,331.547252758298,6.252594099411341,5.048689856474065,70.35642667701639,21.121503553247656
8.262503986996096,25.326211766358334,243.4533800913558,0.4108814997287509,4.572902347870094,10.24557368665016,20.585188320390294
13.185198463105682,19.929110772564325,270.74758845978766,11.837404957343505,7.852892467974169,117.27697128568094,19.522216473059082
11.242500149404492,21.337090354050336,273.07210238468156,1.0255036797487307,5.278429774841946,64.41382209631836,19.966896724648127
10.699938367494978,24.61364247025553,269.3037206856585,7.114742446270604,7.672492854895005,38.3653523782698,20.202668426225976
10.89829451687697,25.973410264573275,290.19159387190757,8.39451013651221,0.7650816847098857,59.472442690664394,21.302403446571045
6.157147584861378,27.2654896490806,197.04062125256172,9.525262448054914,9.786085597614608,104.23591658950092,20.77478551609049
5.182360954930856,23.423031403291013,248.43732027040917,10.301920028594228,11.257199251359832,39.20257288528236,20.0679656533045
12.414207941573745,28.04197284288334,171.09197390281372,3.8519984938291345,7.744981861277625,28.248299858950723,20.07033645131081
12.335232518767368,30.522116722221902,227.9614475747571,0.15484975567166845,11.413677835960314,18.87171950957598,22.9033466556459
13.002022207760376,28.7467034819741,250.02170539222843,10.922778859402513,1.853640792462926,38.54626292308792,21.438290774164557
13.749571047764018,20.702535224820117,279.17870444624646,7.933933536719906,5.634498062388446,94.54237498806356,19.661891507305967
8.1384454071183,25.805545000941837,338.03878238461994,12.376001913636319,7.197430166779858,60.436720686182255,21.81620453909686
7.982141947290301,21.420512988278468,268.8440731220513,12.323013667634427,6.8901559638212495,30.968268362257064,20.197575445986104
12.1804334864542,22.906565111770007,301.0574737676167,12.58755724336374,4.863122236274128,24.09137266389784,19.901783872873057
10.134206478694994,31.51798223317742,254.72515168215068,7.384170983413584,4.037077398264079,44.15641010812798,24.16048179388346
10.894613913546799,21.814686796412378,279.6286756659639,4.9983159438603115,1.5543064825131283,112.90413435577109,20.342315407696397
12.119227161405778,26.208086658228098,,11.889538816017634,4.774997790548783,43.71362992993141,19.964792372214447
13.310370917950786,27.29288664008345,200.7977097110031,6.746803079060312,2.027019582057124,118.3742337316496,20.82549323426897
5.693960663441724,132.93788580206365,222.68055138344386,2.70372276942129,8.751785035161234,61.6558267136114,22.104757667748967
6.261598544129432,26.79313734570776,245.17382158242066,12.82884027393519,2.524319925672508,25.648016090462313,21.4341980957196
2.4119037806123753,20.23477312751747,158.49824227293087,13.313037557051988,0.7692740738891516,108.68436273953931,20.146700725288827
9.05127188333257,23.693332883303917,180.23205016362223,6.971653622189998,6.669689581164937,58.400774166302924,20.213056184890306
1.5434961716143232,26.546981700794493,201.22298563754228,30.529839555711767,7.189914023091041,86.21033754553149,21.043032920409388
7.541183581987717,21.131615324033294,340.6301667939657,5.876590663575032,10.357218780260348,118.15866456689275,20.21865077905301
8.600477044605425,24.424468075024954,212.12511734906752,11.929147361466384,6.964166349888811,10.23841060744998,19.55151091199994
5.084750871092655,20.29719147619101,244.39887355057084,13.614030004758241,4.098755255805956,15.703284075481804,19.747640252182812
9.219699794160963,21.199164742773103,192.59149815860613,2.9927787716235508,9.675553568147894,90.64404359047143,19.889213035370233
1.3817731849656423,24.653019012406013,269.17790276150737,1.0740825629093396,6.521460500089753,38.044716972460286,20.462407989233768
1.5219388103464007,21.359981497680888,203.25074981013168,13.181870962640948,24.703396647891182,26.731326333327978,19.844934280094037
12.466069341495274,27.272661236345805,189.33112606200606,5.687787198176868,6.783646043777768,9.138228917329718,20.37979336907869
6.082616992348163,27.65468862793221,256.0886385456207,,10.974257074588762,8.490590289540188,22.491541177053858
2.722764645943708,30.38692933459005,154.69628531484895,14.617660814584042,4.786009014223521,94.75103772067231,22.15126814965008
,22.584846301741575,154.0753302867188,0.9761427583587584,3.574973151635941,21.63253481603912,19.951427704231484
11.772032565802014,21.92767558031558,196.5115503199039,9.709194150800116,1.6662297992213477,59.930330197848924,19.913834943500284
4.038395285383032,21.339868385039015,161.4819758604092,1.0551335194283908,1.840831544070692,73.75631477181147,19.947902364422124
9.684314475068666,27.820360590304,167.1052607828708,5.719971253585177,5.310580789808837,53.568767180738554,20.29880154197408
2.168199990771054,28.390991722971673,214.70401659532334,12.023167739949997,7.065730302094685,7.491670160101506,22.362067432253422
1.7310938732345815,20.909910720853787,308.76192646136377,6.633861733915693,1.0106747791219797,94.5143767412494,20.27443778856593
8.454855156142317,31.619436259680587,264.66954842165853,15.042717430375658,11.325591756926043,6.4106073856602475,24.871567586430444
8.568561281069599,21.33492656752446,252.7852488007821,8.483862064963072,9.163914007979812,92.26408657860371,20.272800141464877
10.058121354489263,26.176952742023996,208.9885448674831,4.823329543938431,7.082518063482439,109.02173100152353,19.786829209157105
11.087371165545774,28.564886859416415,338.4403057798537,3.2658975535857286,9.94189722924749,55.963652492841916,23.488241909416224
14.656880388154654,30.08983829445429,224.59916429914807,5.292999171942486,0.9872988370754426,66.5833573200721,22.485417140224282
8.1044611143133,28.284341274291872,167.0670482113389,5.702157801917574,5.706172798966712,61.07171624789733,20.29602659721908
5.55064958962412,29.535632713141307,274.0786041968278,1.1611381083122525,7.633410545778587,50.68644747989026,24.14364628473278
12.0449082921744,23.99301639043227,171.95234786987515,5.407004537793368,9.851991781974998,106.7729258426192,19.97825503924383
4.769766335358316,29.874387814272033,219.51837963221857,7.1625325685475305,9.37270755128708,106.55014208469865,22.273862168940244
7.116342270300548,20.93251386355925,254.0428339203434,10.859612949196704,3.3512847475390286,43.48303658990942,19.97195040874671
2.120477470239733,30.946466898855864,1326.9249398223403,9.90825224734899,11.359989610317092,75.33127117765551,25.912269478440397
1.311441186849021,26.654292367180812,254.064064269324,10.565631155008642,1.4913328423033596,111.72307100712747,22.245923604489498
14.430265395780749,30.237319207410074,292.83354643941925,0.05453401320244132,10.455216570434619,115.69233749490309,23.239218658798755
,25.64400625595437,349.2299646036084,3.159176842553296,11.638779793287327,63.56956440640645,21.533947591894947
10.766016055960755,27.415409816418517,177.55957287650847,10.05057860409014,2.1040841574276543,57.401230828940065,19.90429464891096
38.13558945923407,26.278882540578238,206.80817739437526,7.2092284235398605,8.645761305692188,36.29416123149583,20.08227023679595
3.406395945077896,28.758725725090553,233.1368792805342,0.07294281600346258,0.45762332759322005,115.52663919500158,23.19403077236189
3.3195025936222975,21.094305451247934,237.30700843430907,12.045252462455618,4.839296838293445,21.149661209403327,20.061694193500426
4.484908168347557,21.004703040192183,233.49220351756574,11.517055335534243,6.093657034899326,71.80503698434869,19.84919520885549
8.634971406237046,23.038953868960245,329.6970603628628,8.211653073965515,6.985539618268644,38.08997128777003,19.878729466952446
10.950477617075816,22.065345113617358,293.84584426212683,1.003415482410786,11.271253711901402,36.322865622686145,20.508177476891895
10.199582209411396,30.165548675643716,273.03116566938945,11.589581172584703,8.155852038381571,51.396075734204786,23.531065836755523
4.872325683409429,22.51078873257045,213.82291852989243,8.677800432823396,5.8263508577032574,119.78731303471979,19.957393556645922
14.267487646697894,31.211621193232652,312.91979730545034,11.686479519659528,9.764089529524592,11.000615294748588,24.735557844456192
11.242154327703297,24.15802848266146,342.86083216187103,11.316668726840184,11.423945187172665,72.0931135758815,20.079618456401143
8.695742366649437,22.404913049595187,316.24478823521616,12.048369867366619,0.1602874142175736,14.046827538536947,20.242952143745786
9.610609177062587,29.132335638380837,147.28253481551832,7.774814748009489,11.806865573390223,22.423750946073934,19.941026055370003
6.844421930132557,27.945823177762538,274.2709150169234,2.0334392607303293,1.040248778747064,55.10729244756777,23.095574913911815
4.4519435035307335,130.28850087475078,163.02749398791627,10.12462285125929,9.833705259118538,64.38352134466543,20.178185065853224
6.0834920382446604,27.104778774107793,199.37941069087634,9.411087662993634,3.397664336245024,34.454218967910045,21.634213427012373
11.711679621860075,28.397131979756587,165.756677014108,11.230977875205806,1.5784554013401257,41.67928605448792,20.16340729783949
32.63369067300072,22.98095098289693,270.06040390520286,2.5339735189565973,5.394371689090458,16.232534243676504,19.95481290547431
2.5754084361391607,32.25416836958537,288.28200910081915,2.7346353844153777,7.777786175503808,39.82364574653703,25.957819286760806
1.5760617175044187,31.64666644645918,173.73988625722933,13.373335123671522,4.591573611192476,116.84729473540656,23.8929555228416
1.6246802907139852,27.880203743127737,224.97816498606028,11.257045426973443,0.6817816553127124,114.68299385528789,22.173433028768965
12.96035083503439,22.67555552200011,244.7301327303619,13.548538336422979,7.197161330408125,44.151184237470815,19.65045866430573
10.820817651024335,27.875942245838324,223.11432738774866,11.320291784645526,10.829817906033922,70.63773151796417,20.39667830363015
7.574450346847989,20.75496212233561,174.352255008363,8.884100124864116,4.469906380266159,110.00365346921578,20.16340519008773
2.3091548248995575,20.41640891853633,228.82460693207278,9.832184030263013,2.541735601357936,4.908801284303904,19.96104051391166
7.907790321165855,23.63057927024379,296.88820335558677,13.276425779762977,5.2788551484617106,97.74246104438747,20.206733439792497
7.525164096021545,25.447198423214125,167.02477799434428,8.694244533284515,0.6070718316918012,113.68564434027634,19.91827064628143
3.503058591233253,30.349193661768325,166.02214536158868,9.66067933553185,9.747918341421212,16.898885466713043,22.48898003237224
7.031943725981558,29.12957459357354,219.48752492181268,2.3334810513194664,9.885188343004137,23.060053464529236,22.0406477415586
6.5672995218012735,29.085411083453007,336.9186683375003,7.023490572804775,7.017505783271959,114.97011303858966,25.28109978131408
9.51676688436241,25.67521954897252,285.08863628376525,10.639054100164056,4.244157368492121,66.16650930072836,20.850176872536533
9.890338705248011,24.43638429887688,288.8909832699261,4.088419103030137,9.624267238124148,6.981506778890224,19.784644068596858
1.6084383182572368,24.41438052839707,220.97696701779748,3.1811380584665025,6.617952373026282,34.71656638202996,20.261207407861054
6.240638470932331,31.77660540076834,271.47708542258596,4.641083802851716,9.877157557534609,57.420827861878024,24.90979108626824
9.877767999463135,20.266221381464693,151.6252774520517,3.463998176517081,7.537168975833923,85.10287672370092,19.895509313122542
8.057881068983649,30.06397263051135,1280.3978229075378,3.349284357311854,9.389733948676604,88.45313737559307,23.817412304670725
12.928369022619362,27.033003958231664,328.2112518546272,6.557848900152943,7.179723359144058,118.9703509014762,21.85412205504203
10.165775548888409,25.42691844783507,268.49778494887136,13.673239621410607,5.047670069944453,38.91470744819243,20.30881585981511
3.3278806659562705,28.898045604732896,326.7938788675503,7.637564666076492,11.43531687994494,66.76860930366452,24.255506978735063
2.0900864020486907,25.807819226216623,295.483291318707,2.823713791676522,6.59717788564157,67.07235579602829,22.225028813462796
10.016038777100045,30.984533984008237,175.12281855018043,1.2046683794729118,7.187917909335106,51.555918556206095,21.912123121904756
1.425315906120483,30.454082748499584,327.788548387784,10.489036066618608,2.7024549234179185,23.850541248141486,112.54425251856796
9.248805423115979,24.676777834724913,,5.762796917091294,7.479598276079261,117.21850228933341,20.341770791885217
14.27481281203545,23.10814176805637,252.60482859615092,12.257415896730464,6.8052786798212095,102.52815476300496,20.193445989060578
8.9033306783496,27.109757002029617,176.30472684000324,9.913087727122207,2.296142055847679,61.955826451574026,19.902122392692302
6.486846340333422,30.662186103758607,152.28405730675206,11.936382847392471,0.7198925042971818,74.49844737313276,21.689906099399675
10.083392044548512,22.87928459794184,235.2279968683277,4.0201948506574565,7.254890291323453,31.453870929422248,20.192575220590957
7.310268700017359,27.282845735042155,207.22238676866894,10.405638286362143,9.14787867167881,315.83811656412655,20.698981588773595
8.568989720204344,27.33938965136357,248.5831392558205,3.9251669136296767,6.2463400016159865,84.91074097335434,21.972577671907626
14.113605240869738,29.072565247111132,265.3440924989433,14.091009541307868,2.710785845897403,63.878609297757585,21.300831215463273
6.348127843479339,21.632920207611726,158.18190287740742,9.57919179161872,7.806932326719239,118.47868035681084,20.054455516803326
14.418787631276038,28.79458267957651,174.8101394187564,4.9116749438687295,0.8513584748348199,75.38698405597943,20.161237917113557
13.693986282169014,30.895976314448703,266.98762957251944,4.008727446272873,5.325266040041225,47.31891653619062,23.50172275418525
3.809149007470733,22.227081992351582,218.2301788477852,2.8970279154195286,2.0305310920797397,94.65887879159149,19.780685653598546
2.056088563296712,22.476589883016704,298.2198881666486,10.469866599174706,2.2943574782554608,25.343629580411783,20.739878658237053
2.345009034195862,31.61817816777848,281.82667133817216,3.3523695344033144,2.3707844244636282,49.955874343293445,25.551208556762138
1.1886815638334036,21.898346284940533,318.49928014600664,8.951973410708852,4.651917583048347,44.59183435219017,20.657999935226133
2.425672308192919,30.762408652587048,284.61539083202524,4.014052587286813,0.4837455405074886,54.05795378204186,23.875459414698003
10.612952130555449,26.244556497202986,234.41512949718899,9.898537557553512,4.752686482382519,94.95580383615115,19.590019199000263
2.0031572313091512,22.796202079449266,284.7846507281735,12.413644500017291,6.18932825170021,60.586196460636145,20.166379981811335
5.50288008786467,30.394859584379454,204.81378878161885,11.665662830738967,5.798493955801636,95.93222238680147,23.74472513777567
12.825910705842555,25.301819006245545,214.51052137712085,11.495240120683698,4.5737390028575255,70.56346598781509,20.005478359446887
1.3670582981410024,26.73965075079497,305.95974850524374,2.7800318946153793,10.068971360064015,44.312109568810605,22.26624528992797
12.376131843236001,24.414197789022683,238.91616848362156,1.353339697039813,1.8199837255254876,97.89572563815238,20.177018714585866
4.967104569466298,27.003804343754396,311.0195599378001,10.509052094122936,6.053851918452977,32.83231350278931,23.736539535271355
2.535524412159524,22.000548137080894,313.7877953425588,5.564032220748075,0.7488042705568122,31.218559490014623,19.86246545938504
10.700235766056618,24.29206653198879,323.95133608238433,6.422817479736711,0.9439570614253455,63.703892311192504,21.289842546871068
9.75196245989753,31.613730768865388,330.60289520967746,0.4958823207512758,6.872852388712085,34.2128272769401,25.802195538938772
13.25516768562783,22.815658534850193,232.39031387032156,3.8581282863873367,6.695187321219282,6.294962257925801,20.123230792418024
11.21813739342148,27.398890931884463,213.05593407776746,0.5654222843702075,10.617538676382202,79.10083415914151,20.584466752056727
12.206777332863776,24.420462890842547,266.2618154254244,13.12318735675184,6.754701404048568,63.015185640666225,20.135368484895302
4.829396676779992,29.27463659834193,224.78078627060322,3.6734510912944263,11.386060297282047,55.96742911049452,22.91047174688479
3.527301178290816,21.36922168629494,270.5616362355766,8.357975335921079,0.5766191574534283,116.8674326344315,20.153816189646637
11.502117996709169,31.19515677575295,290.09421672550366,0.7211297417804673,1.1747781333162894,70.45586463843931,24.04318034588061
12.16159578503624,25.387798149256184,283.9038287351001,10.084931122245267,0.6099412554688409,354.56394129656036,20.023669941788047
14.801424372066517,22.79369401247985,224.61323431090395,4.946365953410335,2.2224694761567263,21.37885700556468,19.85158166115505
6.803116438836289,21.081518640431945,180.7689285091763,13.412035098273817,6.505079057473929,70.21313261024115,20.05760034924528
6.165552172141386,21.788294765689013,236.28259763485482,13.29357408664292,7.758545999821558,105.54063888518031,20.12041722864072
11.814976819250726,26.098060800570575,175.7435164505259,4.879060025519623,0.5193861654407241,72.3347485714669,19.773014465613805
5.765383899949564,23.802865741434623,328.96925686574394,13.598602893218006,11.428566888818247,86.99042761510273,21.544866900608536
14.057621665867297,29.889723782638907,223.35329702848364,14.970027867078567,10.059008860353382,48.94347960236695,21.921851302749978
12.904829632540043,24.650793600158305,179.0735270332479,12.326128263522044,3.5305662850658464,15.793410526272794,20.14384633586048
7.049176241094353,22.774801844893698,151.9207030946369,12.621072723264788,0.9258983763277876,57.67024836858474,19.90098054075031
11.449263152640837,27.569996323919437,282.03125933729814,3.822844785129214,1.959308191425873,,21.520378719572932
11.56219045495395,28.161679073684695,281.8064675251972,8.680571948868295,1.628008735724864,105.44704951800702,21.778460565901195
2.440948868443047,,215.00088857026097,1.01269757042696,1.4793546208311776,33.38184348832225,20.374758828872206
13.594294365741527,22.239240083179485,164.11310594805948,1.4215338828284698,6.271633406224233,116.56659889688883,20.102076828602126
7.993036790961209,20.689689100452064,233.14501233920657,15.049251133984125,2.8933973875678167,114.86957290565834,19.652823920447858
12.547939301691791,28.835644355424616,211.59160508101132,4.822032847652527,4.3398772070871905,33.99747892464636,21.03767578598584
5.608503754466069,27.94103078790075,281.0366718846484,11.22657338703495,11.9212961787996,,23.58154969779776
13.430248633637364,25.77893806126301,267.7169649664177,12.10818623499581,8.267557606919988,107.57210475490709,20.40020656596643
6.581900089173253,30.47442653709591,219.74316269989535,12.778704577798589,11.500720471839129,115.27843873998278,23.14852871828267
1.1313037081515367,29.98868902947982,190.97324618426438,14.949168789655806,1.6775793195812516,56.357828377921095,22.91740262655827
13.678129133704486,26.590671472583967,347.82473922487765,3.790635456369878,4.574606849252837,40.93409668013859,21.765898393758448
2.192558973333694,30.191199908941222,243.5499305169758,0.5438423590438858,6.606664595596618,65.59555294992501,24.444512493595717
5.409741448072819,22.195182720494827,284.25466295759327,6.177143797610576,0.9153911170799486,83.81472030371526,19.892117414118854
14.26132077697862,21.532608405661296,176.14203565960887,1.798424245261846,0.08962656420406376,37.20908306021808,19.794306079294127
14.226270873702454,23.05980916376731,244.33769782006016,0.32617045316933735,8.081394508593297,89.44958134791156,19.860686071023338
9.01170197847327,20.631989427595776,156.2297665352212,5.3273754369561335,7.799118732475352,11.630686411623431,19.92998068385352
9.813714902302204,26.819539182441286,249.03225852841254,11.730195145135704,4.958530802022236,10.348393775466329,20.73313088739543
7.423775180858496,31.53164123060738,340.2718169310667,8.524057601652565,5.875762226277733,50.046314648350425,25.89065333009547
,20.831093078016384,222.84100442482108,4.608862710678288,4.920583302639059,46.93349232365773,20.265631011629846
5.609378798178285,21.27830718768801,161.2050342453542,9.832859687043502,0.33942695853503024,40.63217630336089,20.061436949256763
10.434748004846131,24.703485610892542,161.6755985958324,3.4229154750428274,4.015180190664369,61.649279345397225,19.96118830563068
11.449077773802834,31.10333072581075,227.8081904030778,0.1174907402670737,2.1777006973347164,,23.01421655332211
12.136115922406878,23.41827401314622,185.72612347094608,11.537584828228276,1.1559044381815813,27.151161055601722,20.343255771141568
12.023331189014787,25.579727813981368,153.2504136677468,9.2854286758101,11.551838337556314,40.62750670604213,20.21339223118079
2.0808940957496107,20.793279672618677,301.2404756492476,11.403363386029785,7.21522245291369,117.60541085431419,20.232985145717972
7.973772145472788,21.547486741284956,243.3359183418109,0.5420889283733048,8.802708657638297,52.3036459523392,20.199223532171718
1.717990969057665,31.62917606422134,205.96591870116478,12.572747597495157,3.8072407724134876,55.077967775670054,24.032642120516833
8.611011608345999,31.48601776461414,329.61724101587026,9.29526903762609,4.662899918773656,72.00835401822388,26.112734729474035
7.235520830641482,20.488754810271246,172.5192197065831,8.438776422094353,2.8214237344645943,116.83588249025615,20.234043532157504
13.400559196937776,31.379585625704102,342.28021837939946,9.317078728117615,1.0876688199578632,32.52438799445068,24.973650427602152
5.9849800308113785,27.917653857549528,212.94879924972446,12.94698403198229,2.159327789386526,84.0999516868672,21.535666236503708
2.734100751180351,30.33276405292434,325.8587207482819,8.825661490077009,9.483445117027403,87.11603033536353,26.602908401258283
2.951169007563085,25.044627308450316,269.8349009228002,8.722927458381502,8.147974358259242,74.40997257864596,21.442892451927452
11.723527768204466,25.87679303470143,318.1336944528203,14.942700491115627,6.348534602118757,15.734496361825821,22.213756925047935
9.595646533201418,25.865171267248254,348.1774121845161,11.407076714351458,5.7491015400437355,82.30986790875029,21.843867963931153
2.591320584668042,28.030446973934023,208.8379246208893,6.715794509853446,11.00377194053757,11.609158946342609,21.46434555033361
2.1230039757949792,21.817376642544914,347.87795487364764,10.71050666507538,0.8162591681794936,73.72749119334641,20.856879108332198
10.894255167746698,124.83818353186575,,5.8522183900536895,3.448551704478677,89.93783133180027,20.15795479800787
2.0850342919315703,23.92995961578324,228.8801942612566,3.495921133885944,4.218215052783549,28.486437849465894,20.07460710252272
12.530896685955978,28.255541946734457,218.2146938562117,8.977470391460125,9.43929119485944,102.18350145027756,21.042825543739646
10.834662403493187,22.89885695233397,259.1427169194351,14.020323163860068,11.850566482590569,8.780172180180106,20.217698910220356
2.1269776483059113,28.581681896918393,181.28559204327885,13.808012105145348,2.9450795230810134,101.81426770420177,21.635099596663153
2.0183786200899645,31.503166947781907,258.9851574768772,5.105367664182665,10.483537420010475,57.75627276505178,25.582454572920334
14.830601574632135,20.9197210352036,255.74835396750976,7.945325487092238,9.97444736157257,30.315777918782725,19.763776697824845
6.267283462900868,27.60567196268495,302.37994225294364,3.216462664125493,2.784252406865718,21.1263605768974,23.041838181490046
6.199487908235384,25.36957770645448,314.770791215051,14.933169208686083,4.723039830549855,114.45407788249076,22.546546981957054
12.145385282921639,30.53572166924269,237.16247907230846,14.594481318118342,4.970210744274722,13.764566806515113,22.557305771196276
14.161955600337473,21.974684664713457,212.46589081836427,9.729573472368806,11.76150000869369,28.24799537660878,20.046661188386334
14.745188072736731,28.385268323447225,198.79386488320387,12.126247860555754,2.158068124332911,45.5475842990107,20.116168248990647
11.570229461423313,29.69538331765825,188.44456460348886,10.703284295601343,9.525021478335415,76.3515064660889,21.410764241179763
6.290386627736323,,164.17088030082596,8.904177358365683,3.9970121363831645,67.08353237900378,23.098754237356303
2.1556243297253688,28.060474970778163,217.21921792999214,0.9411941462082297,8.721921872444197,19.160756354983643,22.45318658381842
11.930009938570398,26.041417835778155,207.73024669426462,6.807719140134449,5.110503744546875,38.532396122524254,19.966081167144754
8.736959985578054,27.468984682986328,339.39903018980095,10.110218097903056,6.945757750715192,33.589782798911095,23.573757931046675
6.987094518999564,29.91549409691989,266.09898048314545,10.177256838415625,9.951201925030029,29.255770701860598,24.31143154693045
13.726293172299568,27.0648677201383,219.50045283867468,5.61431174607368,9.564747532028097,52.78316972360964,19.861598618065493
2.5864541150960125,20.160028888373308,262.7655283916002,14.135281796858392,10.369622967875921,85.75916106072836,20.365518278108397
7.882436543757917,31.22420608645424,179.92629316638812,2.539277861371944,0.7887075466962905,30.075935107546634,22.45625011000933
1.3029132470525246,27.906564885076094,239.88791057282634,7.417854933315273,8.311213753521484,48.1125181898267,23.255938099512967
7.600031883371862,27.99311888819151,278.7088838805923,10.354344275797608,1.669164509554155,50.43183733367129,22.016411504344266
1.712099880524692,22.682852417553285,243.9320734447035,10.36668219079745,5.090542519199774,116.5188807723306,19.975748562204384
2.682976556649044,27.625098062441943,227.6101948720323,9.733701080910222,6.558481447674237,114.42984504903725,22.302172805639447
2.704539675612725,24.459133341006698,350.69851229913144,4.173793538796099,4.784946418599769,97.79874207409026,23.316795005534246
10.042697770379528,27.847418751140747,332.44905923629983,2.3328965105958694,6.259299649137268,32.879199137290485,23.38987463518525
11.530284232222318,21.23542154544502,276.122081120709,9.469458995528335,11.983192840278484,12.108294710670007,
9.197204282311697,27.98525699639507,265.7042019727182,8.957834987459075,,,21.927294385266126
14.286212745419808,31.897025083681456,272.2252718589918,2.8228156435679534,8.058176859500765,36.11981438138866,23.542791809340173
6.271753094208321,20.745874287699884,189.806922010039,10.683721467965766,4.837812213212357,63.80121747569785,19.94743895388093
4.968040732871342,31.57820438043275,227.47498010573503,6.787696503569851,1.5704447098312864,94.44983769166284,25.505440284062864
13.202629422212514,25.038635095099693,159.1501803973187,9.976159765287257,25.53581122564025,105.24983809488529,19.98941098887195
4.204590939519436,30.21251456039564,247.43749398658704,12.552504663532103,11.40271302699362,102.67300973027425,25.004039095613663
14.500462298799867,29.229253659143343,259.0701023177116,2.6371125327680343,10.608260650107844,46.21094382011925,21.924000111343705
1.3011112828840088,26.994784848304462,197.54237284588154,0.15837905849927067,10.873201841934943,83.52357362219061,20.9535189648905
14.564250794082017,28.72721840674922,342.73376835751014,11.645702412182837,11.930240999456217,40.36835151208401,23.569843783906606
1.6533718900722778,30.236680582318307,335.20893410574627,9.175716474702238,2.4376853713140183,12.213183497822666,26.31741864214276
13.53930098955746,25.30097087701836,292.2706248235331,10.516357341528657,4.302523210012697,85.37538299206986,20.04894405719297
8.380160637632816,23.915233686798427,260.22397925080355,12.540868343391553,7.97399111331854,7.17330283239098,19.633310638852613
14.962746777876067,28.13409516560425,322.2000290285786,12.02360640323173,5.823725001618222,52.969853166279606,22.35233601133923
1.9863892503585425,29.104105581172888,176.17151490576677,14.438146460317215,5.066191550184008,43.27316466931724,21.85718342743739
8.7207309262971,29.49481333286926,305.11048497660533,8.008838966975334,4.299587410765355,84.00362623714571,24.106579230105318
14.46702674634059,30.264012155547974,176.23151828753063,7.249211529885638,30.769170104332126,92.69927960134673,20.502172436969044
8.342353245732212,25.551013228519423,309.1714778153227,6.014670375824617,6.836439677828538,40.75346426790693,21.681315235675978
9.837157397831453,30.175199322654915,207.0036835997167,2.3192940136537468,2.0319543599916923,97.98618456965916,22.432899817765232
10.833214086191978,21.335884279799355,321.0753064786219,8.432842272018384,5.615332920100673,39.499784521888046,20.206597952217514
7.425786926834471,26.599555213615727,339.14370060351916,4.184038333681651,,56.623320776978055,22.919782347149443
9.763417961290013,20.19641498399226,180.76983705893772,13.89126939922992,6.850462083377368,88.63936295925669,19.75807323533811
9.08775312627146,23.71306390751896,240.05891636658995,8.721583647071967,2.461754082928276,84.24779694125635,19.92512171440217
13.65024973540102,24.36517849950437,347.53258005315314,8.867658632520023,8.87566810672152,118.48863833300676,20.779798235905474
1.7235944195701935,24.492971184220465,240.92748323002138,5.269554703976928,0.4031767226008537,31.01171286917114,20.951173435244073
4.992869317561943,28.2424418138947,322.3895766060507,0.7686314631711432,4.464892681438856,81.81007357265239,24.083883447106725
,129.21886776727922,271.2843405162666,0.4350994476105636,9.343737496916388,74.56139876639777,19.71668618481352
13.447030846785864,24.923738323144317,224.7244037033249,6.4565076100346666,6.743805667250182,110.07252583159321,19.79071283251327
7.342501528331002,23.09913909474919,205.3555899509416,1.2776462549795118,3.0368103023937003,23.00958159625407,19.67950617184155
9.6239094553077,24.067579483190862,190.48269211775298,8.944741419635328,8.241609594879282,91.86979260380102,19.972184771218117
4.878941091800656,22.740918328826965,302.607752066586,13.256561476964578,6.757862602658205,69.78470486029049,20.36971598072889
3.62751617678736,20.915765004218294,229.55329798340043,13.370175738690039,9.528537882762999,35.76604375327823,19.970582460731116
7.508029954099377,27.390797693421742,252.58043486651778,9.923126292406028,8.818793721904632,59.980053233850285,21.379469195420715
5.936763768204885,27.971461093419272,250.37383701324805,3.2560106369214386,7.3622149171177975,42.43827091755382,22.1705608234233
9.160677626786404,27.16138387423164,265.6863798128702,12.994763386551472,5.871228438002172,72.4218845771182,21.84561278259118
2.027208868064855,25.610056352736528,321.2385272931424,13.364294593636364,1.6400881180054503,107.1378917728995,23.19688558482806
14.715572382359271,25.124110231502872,342.63648392251037,3.0191153373600166,3.099593566719362,69.50559896929573,20.577616572666884
14.812967490741604,30.356245279992578,232.44783808650124,11.131545718771013,5.0249962053153245,77.34866381443705,21.98691296792018
,25.999081328330657,309.3138087038439,4.321086741943,7.1700029996501655,64.89228521815679,22.60021864117448
8.446574343748388,25.62833186547356,298.484061133822,11.913453289209704,,10.552035725028947,21.076322275573098
5.228650418589565,20.34689317370658,261.20397733654744,14.878444421146504,3.341169933859711,31.791217264485805,20.339305046204814
12.49598324018953,24.024906197800103,342.99942259504724,0.37161452650767596,0.03789705411752821,62.0414410051737,21.067341370303744
10.629850939429756,24.45603303946352,186.36325302629922,13.274714581475644,5.80776713414849,40.55104570628664,20.205891436022117
3.1489388813905,25.132123520821416,173.03044829912824,9.307478340524726,,25.318807386268116,19.780164820276315
13.812990977886312,27.096997267855116,318.2074846859357,14.70485620136295,8.847624144424982,62.788939779397474,22.795403990578016
12.588061554089666,26.37231572374109,237.4630505961867,6.869488312934545,0.2980374723109192,43.00490295411496,20.19425178542457
14.306979216574787,27.265944531662463,319.23696081744475,12.764373442976458,7.019202838000318,35.7325686310777,21.74932396299618
11.285742033935003,29.223771464549888,328.2136331314898,0.9748299360476448,11.367687368943383,57.099436008179985,24.067349892574715
9.604854690992038,29.901982421937774,160.8717831850087,5.046101392232711,2.049718058706406,21.007655544771936,21.44465091358693
6.743989290062639,28.951958610851207,322.7694827078781,1.0922342647680139,5.700228734106761,111.84665990599315,23.521975231525982
14.08691416638333,31.358840295123283,239.7310220216046,14.627108091407171,1.0492080220484903,105.36159883196022,22.505661750664625
13.144152177010557,19.95940411019054,253.4833162803024,12.36652626132421,7.524633882900617,86.03328427027078,20.03623565886114
1.5856205802793475,22.204279544132532,277.01978901879295,12.77353749183689,6.6154844661065,16.112547945130764,19.93483790540015
1.4142399683194387,19.86236320923108,335.48138687005326,14.094735034934438,4.900690677457782,94.59015764473712,19.829497925995536
6.139348748061565,27.371649616574885,154.46846634332425,1.266136575968014,6.233595525032536,97.3286435571072,20.421562142504385
12.42564076223184,31.144310268352914,243.4372128587566,5.716012776840682,10.777829338850413,92.42769976621446,22.91316738763412
14.752813904600439,23.144699578447092,288.6702453259668,0.9664735461047049,26.09615628708174,17.284404237179885,20.03144397479776
3.0283843332473985,30.528777236125237,295.5750487055017,3.2042091633468734,0.18594697785225045,79.42392506075146,25.328301119203747
9.30887929952927,20.78005839710659,287.7605465949399,3.53958802668348,10.390288187247158,101.03426305206442,19.874114929016947
6.366519216268441,31.114964081202512,177.00746835873596,7.054567254067213,6.852124245545406,71.88330069614187,22.18621357114806
14.591691888539675,24.090118488341684,209.8119999594764,4.0662368795683825,10.635881009453664,79.75383870716048,20.37277220109921
12.731265239035753,124.90529116550988,222.88665748947957,1.4003415162039887,7.1776896714179115,57.44945995640556,20.02538713802366
12.696805070223936,25.823876564124355,307.02044424251966,2.5407044594641257,9.757384949088912,65.75742024786744,21.322939874288597
7.472606412617066,23.101385547813145,201.83517917859078,2.056166915201886,5.16912657909049,8.634593370492347,19.879686424478674
6.789805122526742,23.111490945184975,188.35419863740242,14.508209539756955,9.017622511055395,78.34966407354135,19.973113710702233
4.912234286527096,24.11076005575186,340.3755482545071,11.487525833547807,10.889100394513147,13.763603285868847,21.55750544992534
1.788921733100258,29.842727924600727,152.9131164011073,14.517426024989446,6.834425510587386,55.27004150101397,21.669489240728257
13.173694095976098,26.191789953079912,343.93839198559874,6.6038921974813585,2.0478498336374384,39.32538821140181,22.15545632610003
12.49506094729271,24.0025469737764,285.59972856693577,4.216262773466638,3.1710941749934154,67.21527313656533,19.891341126862226
14.949808050275053,27.20256933054247,318.68397933275423,12.033105429206177,2.3041867935569966,21.141409599642863,22.37767547703437
14.93824436010627,28.86902473611423,209.60806998898124,4.8738877156197535,2.9630741695466023,84.60974170172236,20.29008848739124
8.946777621059498,22.895119616985664,147.80611239278213,4.5122965118465235,3.8166864955445243,96.57657540074685,19.85022770324599
11.879401081862456,25.006948471156466,298.8790766230444,3.4824768303682028,6.706675009543567,22.726619186969,20.53059980951198
14.095209154094423,21.145378717642878,317.43578830725744,1.8324976002690412,6.922795864830504,15.869657433425592,19.934450744637243
12.92550723251217,21.95537022243482,297.2369859322701,3.820869744850557,5.0280122405714875,21.82409876121548,20.27715538809159
4.462917459916173,27.66955484710452,179.02537512224768,5.360178444576628,7.3080383699957245,106.36185765767488,21.65095921290263
7.372606792955342,21.855262162379542,297.189205116257,10.081595247618838,0.8748306909425779,65.32333787342213,19.91868325126049
2.7496497232479324,25.978439138655922,303.91227349641065,0.9108222843905479,1.0367099958495545,59.77587411440073,23.064107798955632
14.290691006975553,28.152414220532307,282.90688678444525,3.2151397126316743,2.075517046262022,17.72989640322539,21.913119122221243
9.43328144134411,21.33172171574494,301.48753715855446,12.147205906792223,6.140265700310642,79.13283147771745,19.720571205631657
4.156025151093844,26.347050034093993,318.0049590952257,2.229711472957372,2.554711270354143,104.83917901111275,24.140166850832884
10.46792334557026,23.15669571848944,271.2990297111247,5.020168624096018,3.412469862736326,101.78508182659067,106.34373979370143
9.56091052844946,31.817501208432567,166.53044895410238,42.42536343711893,4.845198154738259,76.22188319707153,22.348611985265592
5.965318237210117,25.570644726028636,245.4462061548375,2.2423468064976753,9.751649386389577,13.98628828793147,20.928943666932593
2.4491256601117968,29.64975271987724,1165.5241563654945,1.2392488526548306,0.18593598465771316,17.72451269420194,21.94891876297077
10.481220372338399,26.515168432008107,232.8013157493099,7.189864669412874,7.790327666793487,11.111095435522058,20.981044721068464
8.384256430647273,20.41361016400407,227.05617879089084,4.604915173309308,7.96638389273529,35.39991812634026,19.84168879529601
11.78673776498461,26.931236650970853,163.6603267420227,8.585704577725751,9.536701317545234,20.36035257490815,19.966578615316227
8.25885949390776,31.12292091384835,221.05194464021804,12.0462182805081,11.114603158809908,35.602868981673105,23.49251959724514
12.966180524560727,27.60054326535456,168.81135988917356,,0.3305156094963888,50.666006245000354,20.14715349436294
8.842642988278353,29.91473838243701,311.45527144881663,8.786304355800224,1.7582893152304953,113.48432484860867,24.393163361845954
8.885263082516081,30.547516758959684,337.24184569910364,7.6246972755469695,10.690507324884784,75.68241631875323,25.24307694912756
13.218298586600108,22.209864737898624,167.30958226272224,2.155938498632059,5.41568544267879,100.6540024945777,20.13914123505217
6.521462528812647,22.699261376113363,340.5079761926065,9.387061423984623,6.820591158088772,86.70242564125388,19.82215712456884
2.788524221555312,27.093974368717276,258.2052030355802,4.253911749125586,8.013966486779827,17.82775005711221,22.51046982818891
1.4087151470383361,24.60955780470645,213.22519115572916,7.26809450590129,8.21710351789959,90.1275244272514,20.591012793347105
11.520389298403824,29.78169985845504,166.14221667053155,1.190989283395543,11.119133546152288,37.38716657728523,21.582042899269535
9.699665183385099,30.933475811118676,255.49193222815245,6.9522129468263225,11.973133530361007,78.42906175633011,22.904249597146304
10.81363706608406,24.222546761101718,304.95933518058393,4.752334787481487,8.606275802796002,45.166433118897444,19.457943274746786
3.898289945687791,23.067970041144978,295.03779310825513,12.348753510058826,3.39408493435328,120.68588811136505,20.066929962165705
2.816643695990352,29.659941648376986,159.37372644293427,0.7289319798520518,10.559629111995513,35.83620832557679,21.474589540432667
1.3264824996002076,23.104788116145926,164.2630373675155,6.307824167275514,0.6389088270288616,36.77839877568114,20.04042654185581
5.978132190564398,29.86023511007081,229.41936327390107,6.83785811192961,2.7376822337144087,111.64599676944064,23.711605182368434
9.394928482796193,25.00581965349269,205.42599310211136,10.910115830178796,10.788146028060684,7.3278027199019276,19.681416672726993
6.533876165863085,27.655384608779315,197.90359648265124,8.514326754485904,3.02047528341727,85.7107863263394,21.355364783973776
7.090836139413788,20.828739208764258,203.09313914884922,9.89963148511299,2.5859560609169217,87.65731959060619,20.091101865605708
13.762283850471213,27.443488956918156,309.21620892656154,11.633902595907895,1.6382688125548557,101.60536475074952,22.161226780384958
5.872976205700394,25.406327021933368,334.4761491255237,13.054577922781942,10.29365974323496,116.3867364443903,22.2041350508966
8.213218943458688,27.024985716194216,233.51427045254027,4.607241431499207,6.040293641100939,117.70748277934992,20.5650370172585
11.967774644037538,22.00226365074059,331.03765446995476,8.046777163460703,8.024512231564792,12.51755895236618,20.073207307854375
6.319866435533439,28.629639293514266,208.17802902500682,12.493949239501603,2.9967877690661577,100.34269122885138,22.141145758773977
9.835403613169952,30.906925242655017,243.03547840813977,14.863088878315368,8.990216859527562,80.03703585882702,22.9392011878071
13.111702468223667,22.661341656564336,1193.21749511883,13.359082696972164,9.133589225930072,80.33872724318329,19.572847121834922
14.31922467019944,20.998452964448777,279.3538313096379,5.467271267432246,3.7342734058712455,20.670673691244815,20.123012509279437
3.054170915672522,20.388604087288595,342.8333008484536,3.0222183769226567,4.889749736532812,79.86103978378955,19.867038696570383
13.985078048856261,27.481622854254987,269.18111541748107,7.199497761379414,2.505899305249093,117.26329734280208,21.104361433729967
7.842660526010855,27.292102332132657,225.947080257816,11.24057975311627,11.75858686948017,109.2031671722728,21.036997519584215
4.663906719243963,26.664887271390146,281.1584931139084,7.489636847223138,7.79629642606024,54.1994306969857,22.137689640557976
7.325115709807087,22.927072613212104,171.66706496853985,7.270206226479828,11.201626643541166,8.91863935970197,20.08998223116392
14.73508771589524,24.362911080149743,329.7984067666445,12.639370910754709,3.6602991114411974,46.7066446046979,20.236731387803772
7.940813160982436,27.92383092840994,248.81875745571907,5.407955600783005,9.303814411904483,99.68609022935023,21.212652683137186
5.5869000144150105,26.269465969391185,241.93028100425903,12.783616195224663,9.179377903326777,85.56013000593124,20.26678515893265
9.896775489553272,32.38358906205008,266.1401438333568,6.119467005141487,8.323251288329004,58.13159747513679,24.390990502920445
4.284084173446934,21.570471201228486,272.552084718556,4.807945777906198,11.452301994024156,11.147172686789286,20.343271673234575
1.9861379192798077,28.406108411708587,161.71642118178224,6.809048369039521,4.727461710508894,53.393731666711275,21.06872501724
2.82293057474063,24.8613353620822,287.2438983073412,11.345726868560977,1.5586345475509633,58.90469102733234,21.952467720089494
2.846000120045377,24.99569930110646,200.673282187076,1.9617782012709903,8.135796929731741,111.22391631672747,20.311987181354635
2.979205928228465,28.808789471603937,293.7233193955997,2.9742520344994667,8.761626389866331,78.55613851626917,24.414109807342424
2.9846299886692442,28.07874037041745,313.42327557210916,14.32156598065211,6.929177171779844,41.67694989222086,25.29000108375111
9.929531278894645,32.07720514881161,306.2896942563554,2.6574050467337136,2.4657161031159562,65.24301226516468,25.508256493124193
3.5311596980198074,21.410808303204632,258.89874028207515,8.654255385924191,6.0909471220317695,13.70008164725055,20.2538186776537
5.7340077456539795,21.353399026086326,250.8978709177882,8.7649209010188,3.7796164324878005,117.7375915551396,19.59423111652688
13.488070035673227,29.073320959756092,182.00320043200756,7.469678976714388,5.052126100343727,46.0458458631707,20.449397134746683
7.711435115039286,26.90594746995543,304.0711031509389,9.604974394260632,7.761061518207446,59.26225552494034,21.938525945663685
10.348392580858304,23.493443190898024,205.03427162853382,3.4074903425631384,9.012675064591196,45.824903488152366,20.252189525647506
3.3823780660186697,20.820288829798105,248.47829012882056,8.111684325779226,2.8450278997280054,84.20764222614878,19.933837127043564
3.682886094838284,20.719757386439465,207.93109973963152,5.553736233015042,4.865527314253122,80.85119448896188,20.377339878236157
1.6106302483978194,31.16373937310089,178.56456311727234,9.92239404912334,3.2490126634957344,87.82801860742309,22.986740882456278
3.399729571854311,22.497441904292934,281.74387943430446,2.1502995206815485,2.4378266879063633,36.589612490012435,19.993980828959057
4.894364929436585,23.84539620325786,159.72439958434603,8.524107117937133,9.333120923833391,40.81947610585858,19.918462562564752
3.5640926223113474,22.90152950722736,302.34182976492144,2.833222240925358,10.939159755383173,18.982553442201958,20.366613452060527
2.3181486924172616,23.994837093346057,214.21348885004093,4.22865964263659,4.3259257091106,80.82780208708881,20.057871096700897
2.721408084173374,20.948440793846693,148.5788478287607,3.245812812947411,9.066478464982227,9.671306224038737,19.98577076640131
7.455197200111684,26.285321525273595,1252.8811105088603,2.6720680196202036,10.741130273684055,73.30589160423301,20.91976986279594
3.9403611050647993,20.98104004971974,160.54990350503058,12.390512205909245,10.14836423776117,104.79553587128166,19.912653095205993
6.124490761715696,30.032510583132446,204.49097889432832,33.715422150272936,2.16083141306935,107.4017468589192,22.887738165477543
8.131258778861204,23.182308481033104,291.6581408167117,13.862153740044082,11.473068742719661,55.664071705469425,20.43014126267592
10.736265434986846,26.11787526735035,164.20273620835346,14.529831470004929,4.535259638769224,58.29709908479732,19.89861915385349
1.470298628025271,30.04050478864078,324.1179604222155,8.464614633760132,4.115613199709247,13.55311872042118,26.523774429538012
12.10634987446232,27.874619918896606,150.8453519082219,2.1949284790323005,0.8262267568114833,80.40307087638652,19.821740840846175
9.73546205157671,26.43966392620035,196.53891210761805,5.669325599231351,5.836962420578138,99.42995613993322,19.92962104446533
2.2213860087505255,23.595646890719657,299.1776993930827,11.96958726556327,1.209643318009398,32.67315873702185,20.50102546556835
13.106146233325726,23.745413710654375,212.04162771956712,5.567168393230914,3.0598930695134627,54.502133072581024,20.21960952870106
13.923255716913909,27.832902888120067,175.1216087038312,1.314905656835386,3.7160339257496813,101.1016543906641,20.104336482495206
1.8836003465567188,32.277903984053225,220.80160953191952,8.470660146633755,9.680879166657409,105.18476493866613,25.622989780421744
4.967712970844332,27.81882334621027,204.12473846136342,12.581453829829965,10.476789268235226,33.282258722590115,21.714194082775983
12.300999015497618,26.30112585041638,320.1026623268647,11.953738756032282,3.63028110927673,67.90400960993719,21.45061513003236
11.370011162595292,28.75099963833988,213.90019924242878,2.693294054824036,10.229462118734629,26.65092859027513,20.817112768266032
3.5078545134842924,25.581755653694934,311.26866447557916,10.201222509407462,10.208976408402702,17.03359654370023,22.66968669894756
3.8379432244102016,20.452489318541854,330.0463495512134,3.3658628088818365,9.174535368062068,109.13040288876437,19.925586079520237
6.144307721742078,26.901560029304086,242.6321237477315,3.19676306462268,1.7130382610806483,98.45014025869386,21.22129197345052
7.768939160114165,31.788143207106923,333.1145227318368,12.989337409193393,8.363687601480136,93.47971462679234,26.056281322778062
9.563921237758152,22.01093853120292,228.71762027748528,3.7325387704633473,11.307625643593951,10.96929007394824,20.28634229308427
6.280437808892393,27.887775609200887,341.6402980920035,3.9753168428031462,8.12951383330842,101.86414690920375,24.501956365044325
7.371271309281556,22.339800007271133,172.80446565665994,0.07929203595907278,4.078529748844625,55.372901613242476,20.266390564323228
11.570445211610553,,286.5329402462099,12.979456842148764,6.034815568453472,44.6907111286268,21.55477543177661
1.6067612227909889,20.597243818665152,252.4850414982623,11.933845803868255,,68.45139866822308,19.76444635909638
4.604756065972074,25.530051117380555,229.76384934777138,9.212977713175647,6.012865824142095,15.03447328560497,20.214076167341343
10.932339228696772,28.976144781380704,276.7093701730605,11.199592066411116,1.4517542879704315,92.24254819901286,22.648872016836844
13.5598246666915,24.18226164169723,294.5177926182547,2.344007298849046,3.773561787090825,71.6642384892245,19.94459879964286
8.063036938589496,27.90339482199237,150.84262526653106,6.787232923760292,9.630402058948915,26.340081572749597,20.227777294557548
8.521218804139455,29.348870729796896,186.81816616834803,5.187115367148999,10.31555258597596,26.746852258125198,21.365021813287793
2.494590297582326,,293.55615249109906,1.3679997428421689,1.7214563891405268,26.184432615973915,26.151087434365554
7.231585864917444,22.682957164356043,282.33222659909023,7.30497616280721,35.173350464987394,12.013704988347918,19.915051956905625
8.360411431610666,24.69851882564587,344.0117119922602,13.729060777013004,3.845711862447133,72.90039066151174,21.195490555722497
4.199766084223121,21.599342097426373,302.29298121285996,0.5985121178192265,7.896217727203988,100.70009784846624,20.04409234455
4.6877386201736275,32.04981552789694,339.04612085833753,4.34012426881991,8.952884828897698,6.166052799180407,26.97278756754309
6.369484190529933,31.446620714980458,291.0916858573774,3.1982871870314513,9.736171035217442,10.405114103283504,25.472435466557894
1.2493195926545546,26.25169804097678,210.62160081011294,3.5366147031980937,11.405257150891456,72.00824355308531,21.104918955125402
5.495792988131985,30.07392925295899,164.92483730572792,13.628602824628981,3.7325480857551274,98.7112626968181,21.986375355261313
4.011822216363698,25.96582306771654,307.6205939195058,7.033270949257264,10.28706920844689,42.44520090933996,22.649200680755946
5.726953359359148,27.58424376909981,280.68617207722235,6.963616889951156,1.522194035818991,44.87138669593174,21.59906887668095
2.7808628021563226,21.127985204850418,163.2733013587628,11.465250984648668,8.505632873537117,,19.690957837012093
13.390921475250286,28.912227233472308,218.91414466571965,2.389292655775526,8.97681967729873,36.645567346805706,21.655252216060056
9.157538530631543,21.5109773868471,338.8113075104371,7.273013835033488,8.130755283385481,,20.072776205656357
10.692982900150259,30.138511848521762,250.60441896062065,6.471339044402739,3.1214603152472282,89.83545466554007,22.394274479044984
12.226821577605556,28.965066913736564,234.7600821233556,8.88543480089561,10.444257747580822,76.44895204242555,22.783736364746108
7.993010006461564,28.167974515000676,238.55979970250982,15.034836691556913,1.9434707761977426,73.5028465799206,22.08856777178102
2.116978024404337,20.585691511813916,190.7410416311299,11.558859004263416,0.6913106308831878,90.34264434962554,20.338145150135357
8.595235787678876,23.651750385765478,222.84015265646968,,8.603895424618315,82.29180250026745,19.470338856811605
9.207284256071473,23.139048411335583,221.41864038582,12.437564376856397,5.6712453770809494,29.556495342042826,20.3734289113228
11.427268264308925,24.567607286550643,157.91028402097044,2.604233693453146,10.193722277597887,45.24297956472645,19.869256564001027
7.113570238977603,21.235458981720893,303.2096450170153,0.5474580170314555,4.506823418607758,20.53905089222898,20.005354098485878
2.812418104135341,31.69086517952976,229.67234739712453,3.095962888114023,1.9156955290442004,19.390942212333332,24.851676988789066
4.87961503771102,26.87906400982965,310.76713524566907,34.59402435029092,10.042794646980836,83.6537546228866,22.292610403622096
6.057615769576421,23.803423062424212,320.2487164145148,7.798825392787998,6.612670077858967,103.86431207567192,20.421308253011322
10.094831745772256,24.74970298502949,196.17016320387233,9.150882458245617,2.3529950555312875,116.51887500110938,20.217236830135615
9.031020417012048,25.32882662808697,283.30682676457167,13.745243854548065,8.697179132392344,78.4451638770471,20.55709235953799
6.005958076285515,27.206286846325078,247.51879000506653,7.5831432624322055,6.171036097317769,25.465772630284913,21.825616045047585
14.884614053509647,26.24631566086292,321.51001196026255,7.466655920282891,7.327083132843107,17.944894308963747,21.10384723721701
9.452403523796798,30.717937463459805,189.61985650754914,0.752777207594184,5.559827232027856,97.59978468171539,23.125941246045947
4.335224946001507,26.032318222218517,285.58931676320634,0.4761536797657082,9.924099184843213,70.90435371670367,22.33137213138208
2.1595128571681195,31.842426390051124,273.64500298196066,8.207581123701932,10.008850395669057,75.60206519470574,26.374129028556155
3.1046692930495854,30.31023336904506,210.6584751132069,6.568236052313724,8.564582788706284,95.18202376397787,23.389424659524927
4.503478403453004,22.35144414582794,173.95330050497475,12.563193376859857,1.2643531024093284,85.89745781164484,20.20007725682871
3.218840198538834,30.995136773864452,283.1726840579685,2.361256592532006,9.99510666885203,100.85853416100318,25.773869537221223
3.575276118023376,,,0.30450406064248614,7.946314287886121,11.555737949545257,20.12532569869999
4.909436753354603,29.933888714130635,215.07353008339078,6.840410166812177,8.414237974591307,91.33338509786587,22.770656451837002
3.506130931654231,24.4099480990205,277.4509156088885,3.4738961097685466,4.384175951182264,103.26454215195244,21.40116557261241
13.597844857480574,30.879796586636093,225.15940968389737,0.7318817187716177,10.588062677195447,38.58745203420918,22.496291079761885
2.1881796734516636,30.75899622908567,294.7600592868765,10.95120451098192,8.756621230185743,79.78574438160173,25.52945336149742
8.207417035344427,29.25836754344455,191.01943187685671,1.7334422687160491,1.2977801456786437,41.11532358095278,22.025859968468136
6.732938441495798,29.27768391249025,324.922946391243,9.141983696883818,4.78206220784402,114.84191220254571,25.540194777927592
14.731273850634073,23.686461481178235,205.80827261904213,4.16987348557568,10.667150767111597,9.226087505760177,19.808677739946443
2.5464816167896855,21.067744164720473,225.27571644193333,2.601061276407081,0.6373777002816922,70.96303834861205,19.748748629778074
6.521536495556522,25.391966131696524,162.13447076681734,5.613590434899172,11.557862109730564,23.724916309286986,19.93744304158541
14.54536983890525,22.119045336432656,173.5590867604356,12.000713208251232,8.061821010513246,87.52817194258364,20.22575336848537
13.183912359523058,28.30904906819402,251.85897416817525,5.859317077256068,7.590782866394339,25.15002154941584,21.54811988072966
12.288590172145593,23.856349225292316,207.083199940485,11.246561101830844,3.1800218881639464,280.6097533300519,20.361661482111792
4.750398783318655,31.293785104780234,316.81763422794916,1.824331395485826,2.8940475381565043,60.92414710442977,26.052409899409163
3.430473514234587,27.65679758188898,147.00864253875818,11.46682862897106,11.30424398964663,110.23638114852601,20.354337027330097
10.357676271488767,30.406419389497348,226.08667161570665,3.646081513545255,3.588904416268164,30.058821728971907,22.111943939496896
14.082573582874662,21.535057878556096,218.98437682476225,10.23664294565999,9.300215995827143,22.290950711159926,19.88666576595627
8.680514145001396,30.142612862202842,154.60964732014935,8.551059619620306,4.743439851961435,92.35144018057893,20.851804233229878
8.950308287062352,31.191005006582323,173.8050367994915,13.965005862470042,1.6241721354355543,63.823267197885116,22.892450166154692
4.910186433535498,25.321607221763283,227.8348380808099,5.822369002463003,0.13366383154086273,109.78996029091687,21.015272612069907
11.880283157269648,27.29571748317937,246.94485757138156,0.9414529316350839,6.502310284266435,21.774313996654897,20.74049830821091
3.614956178489463,29.39275012833051,229.46639859726048,0.2441675367725667,11.694422488544571,77.68159392849924,23.83326152270268
5.566899771637383,21.850900217694885,254.53638651468702,12.509928915837833,4.445549215832195,31.502289934474796,20.04772756066784
6.909748055366411,26.38785175074839,270.559188551031,7.994822930363092,4.349136754093763,23.558454171714093,21.150765269108277
8.144828574336099,24.956029299365753,151.149602368027,11.615071008849258,4.146430416064843,84.56909687715083,20.160271273143813
4.525627528012989,22.11590774245969,246.27986751835982,3.5166608788215656,6.28352519567879,72.75630070285669,19.99154587682023
2.6859997011093593,24.051412825539124,342.1348635458501,5.230123015345697,5.288584896442002,92.09324915500962,22.843299661132818
9.54227522785094,20.770933525378712,256.8520166649044,0.4584331336438364,10.587887522524362,41.240647068329785,19.796412939888622
5.093945587877389,20.55027229243661,286.0456478784699,14.434818417799626,6.127546064055059,305.81739081466793,19.81136281272284
9.182748675493597,21.231290897880452,213.03357064002748,10.013619990615991,6.204516066595802,50.206224394145856,20.156370048251567
3.2009140001791136,31.804417484989497,303.08782782834544,13.929092617412909,1.7322492122245308,118.32440793194495,25.861658935700422
7.823400898676792,26.547442794148026,301.2012134692973,3.955008716850482,11.789608370470836,39.08317960236896,21.924800338221146
8.543103673282898,31.834960673524737,254.0755398371292,9.16212217973551,3.067544967329898,38.313516095304685,24.168952975157243
1.7155302825851813,25.24669988237802,349.42799755118006,9.99213035058491,0.9129229472707331,45.61464622907778,22.753091772559902
5.762934643615649,24.10979648960419,173.9610932499242,4.769682651766814,7.921751878286593,69.20817474022154,20.117679775216267
2.8516804565441265,25.73671786698241,151.84313652381243,12.892477778351559,7.177766989384288,32.41531183521795,19.668998553320243
1.8146629418480242,25.35997564163529,303.60101559348317,14.175839161175807,4.914824463994022,110.89840737814946,22.584789746543127
14.83825136472841,20.873696384981837,315.8600848848696,13.275263403601768,5.099765722703495,35.551503745295456,19.565836187574977
5.50695562720156,27.799349015961976,176.01257454803485,11.024181636828326,9.524635672744942,109.01453476804784,20.94272176796922
12.207582296438776,22.6779674182484,206.15806627527718,4.081507058376662,2.397326717122796,17.433944797679867,19.716269624120976
4.632622206827284,27.36069419194703,148.5500963790559,4.201431445540985,9.913990450430486,80.28395515177544,20.33380115341692
10.323426937604953,27.597965812991198,206.5961781126647,14.49673003834545,7.762541265207729,109.25149359135611,20.56424983228697
11.85667215924115,21.739429093138458,302.649738609989,0.1370734123590408,5.056150086814649,24.759046507797336,19.79281523755997
9.45704401211716,20.761667450542777,256.4377905726608,10.713233875612765,5.537739409823665,116.96019518795588,20.398205044642733
7.581541979210606,29.443266902222113,221.27199368403987,10.630146604185366,3.0616726082355092,57.28268580811926,22.441861323404886
6.766514048573046,26.021634397242305,226.9926665312591,9.355061509348362,9.065910911999461,114.44628088876196,19.941903129281883
5.907980202847505,20.925789315127872,145.57273084280556,14.87217502976489,6.181456615415649,82.64941092579433,19.85152443750551
13.967078851826123,31.785308420545,212.74129286169511,4.765745140473132,3.891451995528536,39.0610361121185,22.597771693211715
12.643818492419998,20.844492279533185,280.9432366190922,5.177888466049697,7.09152547199024,26.614399024597486,19.97653214026944
14.499053178969692,28.570307844899737,342.524207912306,1.2941120823197556,12.024476691427916,40.05740854943577,22.54654431444544
2.732747907186268,31.63304333783322,318.9189048342663,6.552760694278739,5.2498671647118655,14.948164159672839,26.61786274390622
11.246414010061962,23.053313089275207,152.48072803763836,3.9787843945850163,11.041292191056582,20.711725260785173,19.83665953412408
14.033475931955419,,329.47013432023004,5.271861107593667,4.134627845071245,17.31477706367184,19.99864513401218
3.540374527880321,21.27601359188163,307.76523344210216,12.398484788749766,0.6544903699941953,53.38525205831199,19.705631073146943
1.9438006066477074,23.267802485029126,309.59252996991387,14.030789634302682,2.4017560292917524,96.38815555166286,21.22542504201711
11.385821298251145,21.15749717678034,239.24608344597067,2.746035367673314,5.09485015493911,21.034935977589626,19.891046429123893
9.02565153504792,28.182389428994366,228.42576035884184,5.585843962198625,2.6927244178217684,20.93454024442744,21.472096672217152
12.875079364773638,20.64395880126799,207.82051602220056,14.013825861242841,0.06381536789023506,79.7807018546512,19.58091913708162
2.929003479651165,26.32577597925549,165.05906857732597,0.8244618305152661,11.069739580803777,26.904881835517042,20.083404069478984
12.151618347285027,31.983989954394914,191.7005380942558,1.4034283010509372,10.137805350268438,15.893099450558536,23.50806397975095
3.9247966624735056,29.97640117255114,199.76411334537156,31.82283670569585,8.809333909717026,24.71733819176772,22.712177302975803
3.28494138452455,27.80685384047326,243.74504614783325,9.014815421622234,2.051062583836069,111.60425775247894,22.629488735239224
3.3165856868337147,24.22142045904924,299.60363157852726,2.28804642569465,1.4794419054879193,99.44335605082762,21.069932092707553
12.396466788933214,27.450283239145527,247.65730660847498,14.509542471693686,0.9033878607863297,45.00843335975904,20.52948945972233
10.41006279870693,130.80081229589683,160.2882730627655,6.647895912422378,8.752509892627844,79.99400596856732,20.01498800922531
8.302649539414114,25.072632945062146,342.11119800528456,7.718276191560397,11.153639806437388,66.46463526962296,22.251483076854115
6.124544542346768,21.833070402459228,336.30765086562894,3.72046679200415,5.157873215686489,83.04192263048563,20.192865628976456
13.272661842249695,30.85306025380531,306.75629062307587,6.959957250210735,1.4891963427751471,84.56900349971747,23.94888993180755
6.426647100039501,25.225119435801666,344.3633355704845,9.86906933586785,5.991295009401636,76.87632450398729,23.12466531468488
12.485815285171157,22.20156150274864,260.66916146830715,11.29800749067493,4.200296130487465,34.962197163516315,19.978638308903907
7.123930885353663,24.77465142065603,341.5130109387674,11.254323240236571,4.553969808220399,9.418063585772135,21.45781445996906
6.326015669437114,24.82631035771296,164.5979307312474,8.623717446525825,7.448792653485613,58.03319490837078,20.112760859500767
7.2628877814335135,29.90129381672609,223.30949263211664,13.637917637858257,8.601958211102566,106.56024984530958,23.191938778619196
5.219699558842743,28.979451639253387,190.14993009195265,12.327127803536031,1.3447252393431464,71.39813919233538,107.35946350049963
11.43038983812803,29.18846963474936,187.4327050164849,11.313705866751542,0.5070950242803516,100.61775397381602,20.884974519271115
7.954475138976883,20.53249783590917,178.49934233603156,0.9202065512195854,11.958707199445548,118.57914612884336,19.8408955011402
4.2074731182966145,25.263325494030557,274.082159541722,0.050899215401049504,2.752597689947829,22.81857084581809,21.454886372219658
13.548930352740054,25.545501236800835,311.71821105768765,3.311279706450727,0.7181243752655087,84.99475638388685,20.97273776233851
6.370703692221605,20.077582561452253,268.81253019638336,9.992393765994278,2.3622041952905155,82.43708123898091,20.051083247776205
8.502219084838773,23.271019277493142,179.7422011343695,6.1893070143061655,0.4196254655762858,117.8012659347921,19.70470993843472
13.715480032384447,29.109907853899138,309.66358645167054,6.007789196498476,4.8676650929269725,117.78266775353242,22.947962702120584
9.846765495884547,21.13913702813914,275.95122404066404,13.224033182166174,9.628782690940168,83.76916879859004,20.232660175547515
2.6586636400166017,26.170474472904846,229.28164504170945,13.262314209677394,4.151168063656634,32.712447022359704,21.375220265027593
14.221265292093962,22.643484367648288,285.01798060368554,13.615992703932287,5.373334035614087,96.7712283252285,19.85627667698674
9.87398466584095,20.377741891889706,205.1773962178143,4.707399138315317,8.065654922843773,16.89106255084586,19.92126114493599
5.785911092425435,23.1304396713992,219.21053076879085,10.231515998052771,6.07995667185023,93.82426599347738,20.063685897851542
34.55123607511136,32.222475526359446,333.7873113092177,4.13506275915185,10.341362806972837,111.37304853046392,26.851236689386976
12.077097442649444,29.438083203112495,212.16924636201372,2.847351169822193,10.281547243463951,48.17612029404056,22.142956836029562
9.624519935642267,31.347032855812614,241.25096740416518,2.858836535254085,0.167606271854016,77.63615037528629,23.53482252975863
8.530063827726686,25.847641879701165,332.3712137104529,5.081326811363937,9.224151886636069,53.36202591144199,21.827711794089858
13.570191326705505,20.87966995458075,293.47205513762043,6.540310781691874,5.52967287012952,54.09835313686787,20.03992218135353
12.101356895983509,26.57471171913948,170.54488805090367,12.4312085332589,11.826258820471894,40.75362105916021,19.985624175745155
3.2720137753986696,25.401532123391032,177.70365302078997,,5.833104029932233,92.7535781893289,20.07653984013852
5.365003032347536,30.338798323191458,155.64966737802504,11.039747561084063,11.712060088469824,113.44651414625977,21.70824887991592
4.512359169453949,21.427795999053956,276.5196818531288,7.968759229107705,8.956276140309273,113.4353600528297,19.784916909337834
11.338154366390347,25.952085622106452,239.06983165106587,4.341567484468853,,25.006480602776318,20.045980362083657
1.6373670219667686,21.80133373318825,1179.54327367787,7.2507311879508745,6.491503376711914,105.00369639762195,20.139809518933674
8.95199106955103,23.991061666354472,341.90046354140077,4.488878205743643,11.918766804970652,90.73885129514221,21.063003159777015
11.65018475808147,28.641482060846506,253.98090719402586,8.935313794736665,10.352641283798514,34.65519290786456,22.622939595459194
13.247451918854233,25.69065194106135,198.0489307853911,6.361540745317771,1.1748003833206624,11.96097537762724,19.9488792482747
5.738432504508945,24.515032704928544,250.88995857175868,2.513340652391467,8.475412001536085,35.84334598406274,20.099177585903885
43.8946092997667,24.714129960481472,284.8591318921422,1.6817103731658956,4.083418287483175,109.99372550175674,19.65938971891467
2.5076623506076285,25.468750451744963,166.60154762135613,8.269749441793492,0.07054292582782898,77.60012444580101,
12.742931468411255,29.258145381023105,204.19973354077624,13.542517781744737,4.840614506426194,88.40232959440388,21.45503259119477
2.7230870774862908,30.43749595289864,312.5411667295564,5.117123272926304,2.6952212330888843,35.09088488350356,26.097917034818696
6.715280570218913,31.410520069598782,242.77888931613913,11.068902995771321,9.773647792426322,87.6109206967518,24.15421566240337
12.219984038071702,29.597872034968834,260.4459308848449,10.002161044471016,4.075440915360124,8.058925912765742,22.223095759416527
3.1716533073043247,23.331694431266964,233.1849265641804,13.976156125891595,9.940926962556164,49.0961568860997,19.915019311711553
4.302090426303157,28.127904493886714,161.52797411190735,12.415846734384164,-0.007826207234088115,77.65801214825926,21.07212832989325
11.2557648117255,25.790944800092053,180.9806925736902,8.486123669845378,3.6578130267732987,21.84620250425939,20.024573519528197
10.941214074094384,23.00571100371479,238.64280003579944,9.926242267542742,2.7906421447541248,98.63003233028007,20.048209062730738
9.879353873249116,30.129937336836893,190.21938460033937,13.448766751171956,2.6738242275226325,32.242991981546574,22.095439499700404
10.652076675076763,20.940734029649597,160.17452019671705,6.127087534073281,0.8000551179658357,80.44739743778106,19.982107950343686
8.561204573358824,30.90446606556016,318.45158971179654,4.981163279911409,2.333774726430676,49.880959415815745,24.519346171079885
4.501551274906826,25.627007608297163,347.86962178370095,0.19676305330307509,6.668783053532637,73.70198712462809,22.636535524855773
5.80459541910379,27.409013173208344,308.73849353301057,12.211884031238807,3.556894361525073,17.09711687088547,23.125772247978905
3.5596135928123105,27.993844568152834,319.77588682101674,,4.938968485791962,6.807328058658994,23.84425342967801
13.721083344104326,30.737553186180424,193.89325742004166,1.4759807246972756,4.53919124490422,109.03439834051007,21.522701401832663
9.11064434943135,27.881292542561518,344.34045864723043,8.678844686059092,10.469135654849234,35.91509437991993,23.691937726140363
6.440843560623077,27.700382539575386,190.68147143425705,7.053693531354896,10.819576266913469,100.1303920240343,20.892126457312152
7.390006109448297,20.807731108291435,342.6032237259734,1.8313164707304044,5.959632342192645,119.64707375972263,20.044632951601148
14.218776869155038,26.320562964978798,348.49948291428905,14.77168707646646,3.9547297836079105,29.916373098185957,22.28157208359997
3.127490325425057,21.309069259472274,293.2386108204392,3.193000103168422,1.1994564694220944,34.99210207413594,20.152464253730994
9.118385211142126,28.266053158786296,344.5921223987835,0.8963687793651978,11.446646985199612,81.70175835830896,24.97959383507666
8.04384648759191,26.43181357068323,262.0423640817332,8.865965926939916,0.6802598177026942,116.02762496486332,21.22659546486734
9.471423065150367,27.511959258433244,201.1979880733011,11.05874597787502,3.486165180114848,110.53804394130879,20.5997259454431
1.2436486533479354,20.58545787895902,239.7081296686225,0.48561744411237817,3.517777510747846,312.12880798786097,19.766602704847674
13.125351204088785,20.972207616193938,268.023929828865,9.97411688376626,3.9661218456879315,96.8375652549956,19.94085795968387
13.982901558276724,28.9170692415404,164.4808373577848,8.03811671291784,2.04332759260858,19.010566345694038,19.83571455855098
8.808954992936945,20.855836842996823,275.07593148982215,1.7122498123701728,9.278489921509914,116.52050754323746,20.08408902553357
10.741040866248873,21.325184321191163,346.29904603311604,2.5142072060265703,1.4588056355034367,116.16056072903783,20.106935474071445
,20.092116414526146,190.5622534834398,8.605231576300659,7.6120326241853205,22.555227241440875,19.89588110297966
10.972646693140266,31.777032807706984,306.64525333281466,4.50975211943825,1.4703782698550318,39.102983548731046,25.949482839628573
3.167461008874396,28.459297211966284,331.8295957491663,14.066162053905835,0.8070638905175185,16.48395764472154,25.068289673888742
9.06254417659413,23.638548620132607,339.9281697222303,12.210418377216186,10.957449636864544,35.731398648137485,21.066996856171382
9.431299645611466,23.551068056981414,337.9135206303018,14.708235753564976,2.33744010944854,98.40391109107735,20.38989866478846
6.967751961555945,23.831104291224026,254.95833141937305,3.846253873486393,9.917199874288539,48.67555412908563,20.379149257181513
11.364533196873817,29.280211022094495,348.8230993201434,14.671684808294163,6.555143428263808,15.794678318425602,24.439997289254308
14.092358640971282,27.828668538608323,300.5841280354665,6.529431050585835,0.9703670756888418,43.75859695208496,22.06763844006205
14.084067747439542,22.38019364420672,1181.5410433520815,5.276456365831197,11.444952767962903,117.50068752441916,20.00235574824254
7.3478952018657315,21.811678507978414,246.54985164585545,0.7616918500351241,2.870062764357069,76.95786663447903,19.977794975658423
2.657174983526516,21.291515419536644,294.1158168606132,0.7746494891168931,10.220712814920832,51.34942225479055,20.11555054092654
14.798279824464926,28.148986975575546,203.28150515663177,10.404981997972433,1.9752209544866703,24.240248681150437,20.038002223314248
12.797704704423305,29.11881542710155,279.2193124114643,6.87647188485147,10.235422093187063,118.99287971918271,109.21561227097476
2.6826219135960456,127.64213057549966,280.9566882363565,3.3907608054828713,0.08266446210588242,100.0312428432006,20.592885971812574
13.855739780787603,19.996087587083352,180.06332093866544,9.236526856116857,6.074372444864526,36.82719842844331,20.003875116561847
13.206021592426652,20.886247378080117,265.1707471931442,3.7144693845979098,9.210875051841265,12.27779902288076,106.32714127556164
8.290634106361512,31.264251980660585,305.2193790233072,8.684116536503627,11.268781832363091,11.525404413779276,25.024209092388013
9.31777262184214,24.155387613472893,249.6333041982901,5.379981174960637,10.930248838824285,19.36031888472238,20.144957151419618
6.672568258837926,29.551198921172418,152.8524233040048,12.300718901860934,9.784297695701202,71.8848952051343,21.115701468582316
1.654609028051816,27.928991786049405,152.91465988921428,12.35756455553767,10.661046399477158,111.98809797109712,20.51767780477757
5.616134412935347,24.90005245100921,222.33971241386794,7.29230289138223,2.311857446627344,62.837122262728855,19.78021089671466
12.258000935627857,22.295267312889372,331.4678772982273,5.356296664414764,3.3590110426920545,101.47807532794798,19.838973488691003
1.0078873232994268,21.05636928720376,198.78295253818783,5.417608851444067,3.3693639398468864,56.139868411120474,19.76662331300885
5.934602308313335,27.269539506071805,280.08794063849507,12.134588476952727,4.550074126276053,87.50584976054958,22.12625119771181
6.614915795681257,29.41958539970785,198.9492045003173,4.984728619287345,4.703079655628141,89.04270537246,22.165854151100685
8.517378822959499,27.65114091091516,218.32317456628616,3.144656434444324,6.525312115904527,24.21597848620974,20.346701949895486
13.837444230564774,25.780697394045543,323.17162684967946,1.2685601602033894,1.9663432991403815,,21.813572331821387
5.81108591945257,20.69828326417769,295.05469468599773,7.0256824701446625,8.235830308286692,77.70504226795978,19.8863470442519
5.859714965102703,31.20498493953368,169.83472918119733,7.416797378671299,2.038473265359731,13.352705866201857,22.947743052382062
11.333823275547633,29.474406269390055,238.66351613528943,12.63255795290117,3.8413929886236793,46.01873681225406,21.929339033765107
7.295138216208928,23.96871677306648,151.32340790720977,3.225353709600749,5.981909444059728,66.67085642794605,20.082812066556983
4.122987943647078,31.772442622136133,245.63028007792133,5.637907703556449,9.46461122327431,119.10707571006168,24.759790311945288
7.439862276765084,27.503417054286636,278.2151696616743,12.113493871198813,8.79905011322598,58.247997656389614,22.639260558130477
3.0808701032898567,27.079537132742693,174.40257736641232,12.262638050410567,7.7694525240758905,99.03762299431332,20.050765257252284
3.489236734331615,28.71371395921062,210.9475980058451,5.759418631897035,1.9728213994933426,54.78026542090151,22.357345019711847
7.871677629142844,29.93147394760282,1231.538992216894,7.050538517183099,6.6656576056117816,96.90761745995228,23.383146438425605
6.907301982843682,27.861251407035226,332.4804081168558,4.5116692970363985,1.0994547232103824,73.0532735603578,23.474477790592527
13.930065040748943,21.149581851396928,349.360278053022,13.90834668256817,4.580493932773598,106.47263702449159,20.099482469169192
6.181228581311646,23.6278652536495,160.01539724926337,1.7643877975594566,,52.50860138160673,20.312522777522254
9.185989154638179,31.23697643216894,303.41127544827987,13.998595262853224,0.5207303495896586,324.7353781974242,24.464254132838427
9.963553564985345,23.253940228568688,221.30161889935715,10.185262334838546,3.305867803970206,77.45910855621736,20.019354438960427
1.1875203134812506,24.185272038810396,229.10152224892158,7.882492778892123,11.420373481717801,53.26365424382774,20.937268826662518
10.338914661529198,24.935304198370353,301.31430105205715,0.589646662542931,11.545185554774447,21.395460592865504,20.447840017693512
3.438970124930908,25.376621904124637,336.0605866077842,7.170777205491062,4.307105922054673,14.797288519305994,22.147702443121226
14.47796700686045,27.012547374181988,339.99633377960146,6.080713018123169,0.47113152985834117,256.81382840959196,21.80636207723003
3.185827333619098,31.930945017229252,270.3695763547033,2.3332949365293807,2.1875893223652607,106.02259517576036,25.6662938040957
6.758387881440817,22.6625091364037,221.63046613554533,9.808082980739945,4.793254428646596,32.637593561804216,19.798229026621925
2.12715495868105,21.327871361630038,306.3123171547248,14.477080997044855,11.39818102524548,29.209881554505127,20.098261789697005
14.963905658006063,22.1597876068722,197.68766223823593,8.390207616333239,1.6822125907648164,90.01617680732352,20.116590130203225
8.01290635429296,30.886923763243484,261.52769136711845,10.873333163572683,9.246962631415549,42.35887589037931,24.242163564996407
9.386436569097182,28.313735414488537,219.71438362515144,1.0443260349373884,1.3193302607985096,64.20487786860564,21.275399577614863
1.9034282047654703,23.24744577140682,280.9354116489236,6.219545982165753,11.737862412621682,24.304855748212905,20.4348641536498
11.634577661369299,,202.30471439962918,1.7953613724624014,4.511201443817093,115.4105335358643,
3.8372634401425856,29.99580449372881,184.66329548646925,9.12352703411231,9.129022005361415,102.11651287991252,22.609583621343507
13.671348637341941,30.408391065479037,330.1684244345335,14.047396130986318,4.228084761666735,104.43281820977141,23.843018611863126
3.8118103459578343,31.485772863293757,169.77301887971453,9.790280075367706,7.4824073885001186,51.93888888421633,23.586769894907736
3.5283993392063433,23.405727901763612,247.77771753439197,1.245761475287878,2.361347850550787,93.11343115458035,20.22797788903422
1.5304008810349088,29.095149294066566,191.71099078650457,5.305154615301425,1.697679854456137,22.389549528976247,22.897199594291735
7.588915898965919,25.257072764052534,158.63552423073995,8.199725440119888,11.266669150912675,5.9318842483552165,20.286919242540208
8.820520715004017,30.104183804894124,157.07200107712228,6.095890451077076,11.038432922867818,8.606294238280116,21.475816743452047
1.7877043375127581,28.66079511345633,186.14273832812185,12.427593673974814,10.57615611232113,71.36275202887471,22.174116714669164
11.856729175552328,29.200853435379692,324.8345597992703,12.147469854402967,7.5619466409980705,57.631762284226035,109.85279924522072
7.422779515741242,27.927818944552293,209.85869343985922,9.149583950773364,9.687464484061419,64.0740999365644,21.38710647577993
8.387462125189224,22.11178712182981,341.04124124629436,5.513784245014378,0.8612110063249077,4.669615242175082,19.99968403290718
7.175137636493025,26.72495848866852,269.34270876259626,3.7819803677487727,,53.4832085761637,21.60890019943588
6.648337470500342,32.002368033115154,237.5910393958554,1.5735390433825274,3.808291694432732,86.6696787316833,25.19792305768446
8.832824630047508,31.232276290099936,266.99572062434106,5.3155303919897126,7.622121321030084,55.80916834540971,23.819087654972925
3.0609357654575886,20.630835717314138,254.28529491698976,6.100152601115273,4.386761057404861,89.2268781091248,20.032802496664342
3.435260524785508,22.322450661225158,302.468014891243,10.119371887721075,1.7794338862585346,32.49429412417985,20.179117293123916
13.049022350512555,21.4420814889336,207.01439148966116,9.915109079207966,7.16312700375694,97.57175195643558,20.16884472013223
14.232983351303725,28.715904389552243,225.1712993187063,1.1066007143003962,9.762905263411538,73.23576671419617,21.414900393210406
6.293248231587589,,330.5674598944526,5.89229352357004,4.512812700549925,29.298883521733526,25.0110440781558
4.849976736446262,22.687305152337363,338.1706814888161,2.7127926971321346,1.5080223067236693,32.86406866384829,20.43246233831286
10.063578795228679,26.12201150253801,334.3814831971091,2.333961882773923,2.3273982418216157,76.95442134348897,21.83092436208073
6.700238107080997,30.208650518614824,232.94515193787535,12.307164325602672,2.789692748412549,99.61275288006524,23.771170634474203
1.2468401291484243,28.53568244932258,306.0600038470926,0.5889962078358125,3.582307317258782,52.03840776035298,24.022900416241285
3.218539955050623,26.706538207636857,243.18657326210868,6.3463107119185835,7.762526161094885,33.899450813089246,21.49746464241619
11.064908374636305,27.110784143038597,251.30420211096373,,30.904146541519815,105.00412489817715,20.59337485204346
10.037110823796601,26.368862914569434,195.16974313940625,13.220250474734431,8.366000472118133,82.88632181103755,20.123050822227096
1.313734946270908,23.456401988092995,264.4909724424524,8.159858630403974,4.320027292811677,56.17773394594796,19.997392589994696
4.053268572076845,26.958265300869765,186.53241769512877,3.4132243977277246,10.038873694346425,61.500621067870654,20.79289692244195
4.244353728880487,28.382706549717916,219.1098465196867,7.570803803934382,2.538479162753256,27.540032677364298,22.107395812836717
10.343325425696735,30.877568088154927,318.3526501841117,11.098252587354766,,77.19468482018107,24.279375898638285
1.2729487817544474,27.6051577324934,,14.370699148536426,9.627404070862168,46.672059774748575,22.21371751719928
2.440964539590975,28.98872334931146,160.97179352571635,3.3137421158737723,2.0824288575753935,118.59667448593815,21.41827113949307
12.18631033051624,21.79205933382655,164.82330830576012,13.284403563872175,1.3056446267941344,60.09403711206622,19.97202650420689
3.443290946208952,25.24959319641459,338.3518224012721,13.918458558020548,10.568609415381578,61.323028731323305,22.447629986884465
10.088198333953406,19.98075713678889,259.6940074613671,13.772194557495947,4.159203881019062,68.24452945973796,19.82238025823344
4.249611143301294,22.349621385900004,233.7471667689472,9.41931071414239,8.151280871035123,111.25924032921291,20.084421878937853
,29.074572420134704,306.7342045913133,9.44103977407334,0.4024750626706276,97.31450655352191,24.60635322262728
4.449319853158209,32.40620047352482,316.9779604399539,6.0547096664158335,8.276683256549505,57.3266471820654,26.779382014682508
11.051138796456264,21.15164073886647,218.50291287851724,11.289594431199166,3.7416658034939534,87.39319483252739,20.042673312716797
13.09932748257209,,287.68872958858185,37.29640717162342,0.6707970124605082,71.34342285665409,20.064815363497896
12.598339130482517,29.643632100928073,303.08093995307604,10.10941772160886,7.361438496706001,61.955056879981804,23.329324224497483
6.6808969650770855,22.10592649542678,279.90881399872296,6.477529400542178,2.9205017865786442,27.064840757903227,20.028277575709478
10.302697652545708,26.928711058963493,181.6895459740119,10.977806109202891,4.650970575352888,58.372685746284276,20.134500566433342
3.7104183330447844,29.10346249883015,322.0324020912392,12.315401408955973,1.0190068331818478,33.946971336218425,25.18024419211459
5.135695418618523,27.120293065878062,256.4123946437472,31.540258177185592,1.814370880029785,110.6817914731895,21.91904731922311
13.568246031668098,22.342345856851846,209.08190577806448,12.5529974508213,3.624434687420408,44.76916434481187,19.92198497635452
1.1847315167994135,24.1960756268565,233.8256448246103,8.106975589877653,1.0607687605107807,114.60624888282716,20.666722247450167
2.1466168917944057,29.715883140951206,156.1443217726699,42.0093171511618,10.913157577645963,65.87057115606923,21.503318546468467
3.907688953374505,26.629100737538074,172.12584640910953,6.455649132105116,0.06027055561273104,77.5101757319618,19.87806291934519
1.33124749770134,20.04820220509513,304.7272426922406,5.626313017414075,5.777028251171986,67.69720673016651,20.152219139335255
3.516320555713575,29.60685093287941,151.06797245061077,13.748079348631494,1.4852352308971986,20.511887438073277,21.697733795322556
9.228764378175763,20.08844577421366,235.74875523281423,3.8597505180272313,3.691815695868394,47.30513450973115,20.1295338906381
6.914429799151898,29.013507382248005,254.2191595359259,12.583682369571845,11.21084808704717,16.40712384537326,22.403548921095144
13.545368042029436,22.452890588986055,161.7178586298932,7.27186973296067,1.9104028042310977,77.64283642782968,19.87436206643064
12.425976671588456,31.339433802359345,345.38553523040343,7.721654818521533,11.531483334301116,56.24082607349009,25.917673396985055
5.758548075994023,24.94736024890136,191.6557397082847,4.469281135211645,2.5078198527912745,95.0485101243669,19.945672297122577
4.541222910942025,24.01096545518486,216.73468046449585,8.656877156560412,8.903034032332933,30.66143300404904,20.191258472543915
6.286595545816863,21.961883293006572,213.2383545085385,5.032558671554344,6.519432014950571,24.520821704011762,19.940279295774065
9.002970305122792,23.879733580513474,196.2812122094629,0.5991946512663477,10.660118429154398,51.223536127809574,19.933931379082935
4.7064783256919345,30.436116831837282,149.7331467383435,4.179987638976359,6.631376900091464,111.05536523474056,22.230984201739556
9.731646458847797,32.27991641706968,299.1852147076494,0.0034048367609665064,6.505089501411174,86.71114286213783,25.822406802324394
6.776088125631646,24.69112953158354,343.6093707817294,14.622452199384666,2.2891594057388756,52.22128388874823,21.659879920289384
8.707532800526048,,197.14714848708795,14.491448532967686,1.9603139558537435,64.31818796067381,19.507735542238375
7.133111035867112,28.909590721489142,281.16160121363833,5.864535952060136,11.005439191679338,14.842097657245793,22.528866084864063
4.951110952319016,30.95777682208423,296.1864299631632,10.928365154469354,4.014565015088086,119.33847396123736,24.580671218091023
14.273876879451088,27.323926259341054,319.27995701257225,5.260895964012191,4.422681656592749,81.88782777335571,21.642944899032905
11.55841187523118,24.48044796567041,234.55233412306148,10.001442416547896,9.140207916454143,38.21113161575114,19.977365792920498
2.8665684052004985,24.927372091619578,211.6470229815812,12.158502251565416,3.996867063201188,73.09370646411864,19.82678718844576
13.1438337279967,28.471414369092518,218.73333239258284,14.05987338282361,11.479104395842008,16.98926453335553,20.721949202525092
7.924396965106936,20.104382798461298,295.30969673803656,5.961347899494602,8.816484882105613,115.96833175803502,20.338505297835614
13.552921360931894,27.24069962767084,316.6572517363336,11.734984150464223,7.205839579371234,26.611873592119107,22.18297219291794
12.19940719444859,24.19116832452317,184.48774505285047,3.9207432009756484,10.610492036987294,79.47417490434138,20.08024346206293
38.40582025840256,29.622149595172772,223.44945881688838,14.814174555978708,0.4875995004365701,33.92306097475818,21.966764690750626
1.258453453735107,20.72222101132917,332.8126857434309,0.4892391695560568,3.097163847647771,88.12019337339555,19.729950301190144
4.71870639659304,27.063469331483677,314.3819182739634,9.144136847579615,5.550452411459811,93.41324626966731,22.96927817398752
8.616486112690218,25.953388935274393,348.8298800044823,9.945552750078745,2.753300494663492,82.63677011701391,22.502324417421274
9.759755982178643,27.78170845558755,299.440156074457,10.397271040718653,8.875036895234476,75.75889596729577,23.0563142112256
4.657062945415064,20.554576606569743,,1.7601815556635627,10.99602175270317,107.83958739330265,20.15014010127412
2.920434427355081,26.78203838174474,268.71113187187353,13.987999187288429,5.15630160170002,13.572083103998374,22.275800072433896
12.753941753192128,27.125685979929187,279.9692483575112,2.658345090088583,4.172062777420598,42.359095668061286,20.973092267329505
14.85720699562861,26.483343393655943,166.84498237094394,9.292826166143351,11.479665633514085,33.256394463810835,20.151047366581523
8.228098055918492,27.551124060654764,262.0321225332282,3.2953075471911433,5.4447407572627995,118.56065645441248,21.53167978875482
3.3577768649799875,27.955550077492603,292.33779779611876,4.647094168096416,5.715483703858174,50.518347451545395,23.808704752859494
4.7450273666133995,29.954664956932362,180.19340479987045,8.220649881138607,4.232521418850763,90.38307059950124,22.548244691934343
1.1149239450168738,23.378991325078005,304.85065343401936,6.244980244224562,10.83842319523092,84.61380133544911,21.030921704482537
13.718989090359305,29.809808672055485,268.92042465878916,2.3949928901717694,6.849485846040719,29.92543911939246,22.48837400485966
2.840485553620767,25.518282772420953,341.63144095109493,2.644584421252086,9.130581509527474,31.858794062021932,22.87673319507735
9.119160027092102,21.028662576412408,159.87185566882232,6.177150160646721,9.681342103717181,37.092886743402545,20.056826230814266
4.987540788076456,20.749970456525613,207.4961459379083,11.417330069328656,4.0584657942707025,52.41047008730519,20.12403574450205
8.8236889517206,24.118825693140813,271.18512838579517,13.314170803568981,5.157690609144777,31.553224935540584,20.389950806236865
10.061549919345197,29.559462330166866,210.107319597216,1.2202897669959174,10.186190325957227,7.6196547973696145,21.48664157680641
12.586364323588718,28.149391585075012,295.03064316232013,6.007671722673521,4.416858273003085,106.5792330891464,22.49486065409879
3.936170023551135,29.565961410860375,298.86250713193675,1.5258122594412993,9.643364619089006,116.37936489683759,24.485362106584184
1.1883453029253785,26.40091452883801,169.38827558518855,0.2145627922199847,11.281775102944145,44.91949341542007,19.501395371386167
2.870999001867089,25.47299641563645,250.9211243026367,9.993107779213386,7.496241960694197,43.36451898638557,20.88152725311634
13.481521287539366,21.44258042858801,,9.080515258010283,8.969861310391632,6.396929185265897,19.89451696891883
13.492997203250749,24.239402725532102,221.55397600240204,2.4860820986891246,9.634549117759457,82.79527914844391,20.568085190261037
9.352683996399781,25.320055259047347,337.996303288594,3.492381269349905,10.094044627092783,99.33916458061786,22.010875530257906
9.381621269351758,21.208115443031495,314.9582967950445,0.426226269612438,4.8561673336666225,22.19158749467833,20.106265764260456
10.319425603197153,22.413707168824118,288.54977297865287,12.476845090390698,0.6045026127184682,24.119404118546605,19.683739703261146
3.4361107154128803,27.376185026327367,295.14928236933275,14.569518027474418,4.835401730028322,96.16372042321822,23.15088135827738
13.811418143206312,28.37828805071731,239.0064066589919,2.169758048128352,7.989977253523528,75.88640183906054,21.51731905225927
6.963987629061647,31.758924703394374,332.9748433244735,3.4353562305451133,5.373146397859974,10.352262587264738,26.994874034902807
6.354145411523975,31.527738450594683,296.2569812588281,12.876687975546929,9.099451258870275,76.67792981919564,24.860311804703624
8.173417071817264,27.89561363910667,300.4311618167937,13.975110144188134,4.31123016979969,39.823807063188745,22.336051822387127
1.6448125267694504,25.13101421468415,317.79341340401527,6.394543036160925,7.615229082025243,46.62894955372383,21.602681641909367
3.2914485024316473,27.880288663970934,203.54298396444992,0.7419961741176325,2.319674731669628,93.46998612315899,20.844273934552913
11.444440229276774,29.692102698052853,311.5715213572377,0.43682127863560405,8.894891082611228,98.30731666551614,23.677202675860514
2.2512733730679497,21.61773046005162,185.51331334720922,8.605186368270973,6.523760044366549,51.048074811922426,20.195421249983692
9.452584859588715,24.862144319463646,224.12317767587632,6.045857347615135,2.5836627286265608,114.34395726372401,20.073814617044707
4.334332968399622,29.848595944642007,217.1961862393436,0.4446859041636675,3.4999713005135122,51.608920113736964,22.91146595629488
6.353739433739048,24.432949418374683,345.239395009416,8.80537698264679,8.979931573069706,94.11201191043969,22.333857046985827
5.04290154633956,27.23040788513602,322.26194132602984,0.23035524790185044,5.861129488874396,60.55577401203684,23.746104691913374
6.005865095766359,26.720528622344602,291.148554905909,11.88202408519576,2.666413379202169,109.35259714580324,21.51691046767737
11.037183863478475,22.34174243359554,293.27135536954296,4.733493072674038,11.530082164984432,109.44284657165456,20.253593002810433
,24.475253276429747,265.709099172926,0.6833197034671092,8.606875511144791,16.511751201770167,20.16336522703605
8.883049652583118,24.397066536116423,339.82400289782254,8.81934607417716,11.589723444821136,112.9161187498633,21.06619125584406
7.662866025260477,20.442058125401065,252.52991394540746,5.88318668429526,5.087130389200037,99.8033358623766,19.686640427770215
10.10402561142118,20.17990660936586,224.66167639697605,14.638614374365748,5.679121680288008,95.44016543970004,19.90249794758284
14.02901252066487,29.874077745725064,178.10860211064724,8.148750328282675,10.777171331789479,27.20554661170494,20.48756700248719
11.206700642414662,23.275341891408996,310.8412731833868,4.181311838420412,30.05881710686964,96.97080830493745,20.031761063058333
4.104118421847339,26.512392995029725,298.7433399639535,10.578113459117924,8.402696917207145,102.21706378729888,
1.3725689084795185,23.795081197857925,229.79716885852162,4.050268134514878,2.841524564974071,38.49835378701358,19.89062496088579
4.685887898103619,31.004951751048434,158.1189298654096,13.564470236194882,5.3734948007727965,114.18198477726285,22.16243521439085
9.348905426868031,23.18424809641902,317.8477703592211,5.5517449511579,1.5505263615759797,10.850416160963784,20.19513838431151
1.8220242439948704,25.371145180745234,151.36450158463973,8.250960423604537,2.4532635396795315,23.038536834525733,20.22438426943265
8.048411393584287,30.41089768571464,290.51031977561263,0.8164747251250777,-0.024871233585616152,66.76710571142662,24.068566335250477
9.35127808612831,29.53979058657065,345.4326415346365,6.532321200947249,0.46128074002733227,72.51193566287986,25.29945612443869
5.642024292573497,22.181968558331384,238.2261947239995,12.43136645719804,11.822128605995625,78.45945400793526,20.036606700126416
11.740569727357292,29.2443301856381,192.41292762980225,12.151361249391785,2.8688407422094517,6.857601059610848,21.799333978199876
2.473419316207183,25.069560440428752,290.6773830200677,3.2192828945760463,7.993542056685246,115.1060608432368,22.341341616037347
2.0177983332737535,26.073466550073647,316.9671736337201,3.3906314846838512,10.000798117240839,10.711293574790833,22.411980672496604
11.238177586119003,22.259350532711043,259.28277571156093,12.26477638922663,6.542365315567916,20.056209902115775,19.775905880939913
7.969929875004198,21.323081215945408,348.97910980499984,14.01586503290625,1.8878388342897139,5.712270766758383,19.804301737602984
10.684170379610766,28.05431918361535,157.92652622305218,1.3921880954479746,8.834303316129157,70.12181762182645,20.494891428081992
7.186607670449733,25.91240483877905,251.83212502683952,6.768883059262393,7.255728202446757,113.17756324569005,
4.596116887825679,25.088392882769526,291.22269526046676,5.143345198857824,8.653230105206246,81.72467644556218,22.086338248446882
12.477235467753676,28.37042030862268,320.38503878266556,12.977412137201018,9.212059872211043,98.7632783294214,23.176821655303826
12.278279647948736,29.30740950777636,183.731357912746,1.1088122210532652,11.719090423698985,5.7812232788883895,21.19770387047704
10.698097470770325,21.858696027841713,315.5355280592331,3.2462944377334697,6.886291666559202,68.37442366160406,20.07088009254225
4.903216032575746,27.019058247812538,259.90984173848756,11.213651860652435,3.985870726410204,57.46262998696611,108.38284422019628
9.346702082639048,21.087867623691412,227.55075976691683,0.803019334563537,7.704660534215833,61.793626597631246,19.749713808294228
6.132932272143018,28.857670084640148,176.33622237136308,7.5314718729694725,0.7737500181593627,14.22526536417065,21.746769060387784
2.2895462948407435,27.88552436518445,322.5020456759401,6.69312663174297,10.764759392938771,84.34021671852123,24.516646692252753
13.789833099050872,31.448487372384662,183.48717422695088,4.944569713125724,1.3178975685619243,63.66438520357458,22.223521928933277
2.8058008097231273,21.104714547589417,206.8495849125867,5.811027654780132,3.969702981173169,92.40001917839443,19.76923263112871
14.300174590945083,20.77281711088243,205.6179780228772,7.891847397229407,9.783431395228542,59.857924980093685,19.997847623981613
7.3646306691562184,23.296351228065703,326.4031434938331,2.433223067040409,7.1058942576035005,22.261882071519622,20.20005160337267
