wind_u,wind_v,wind_speed,ml_depth,bathy,SST,SSS,v
0.8181000767616169,5.125075828448686,5.189960499170138,30.665272804533696,925.6646441930982,27.702005801832502,34.081316779959785,-0.14235900878808597
3.9285961407221457,-0.916326745265879,4.0340454064111,69.95131499899064,2709.504736891791,19.18624053335733,34.474953240203035,-0.01781302403654496
4.042921923636589,-1.7544054433666894,4.407170990594312,46.706878557860975,4364.729179382041,24.9272544349448,34.220982662645326,-0.04071205378493481
-6.566121845891009,8.694598309766018,10.895411688562909,33.67584563772528,3661.124432047806,28.942884165087875,34.17203157102558,-0.0015090286797511676
0.0022550415325390816,-4.982418002185995,4.982418512501675,65.84568627807387,4032.8057393072486,22.049495060430303,34.5161657369615,-0.06202742649678748
-1.7608380993179615,-7.591053200068691,7.792601587293091,57.264762806253955,3293.916833553587,21.993190772872687,34.3720605648674,-0.022497685468988726
7.410539325387685,1.690862265189164,7.600993901652467,80.49340938461367,3461.382822589262,18.178878031964732,34.62109589676086,0.016271853347446644
2.6283784243675274,9.386436245683576,9.747489858212889,62.58551948777938,4245.978257826597,19.107188391938305,34.451759355846384,-0.014585417746375832
0.6500813283196365,-2.443215725456267,2.528222461443339,32.02696493744288,1248.3400442959296,27.883940301547124,34.108909436375605,0.02486023048772785
-7.6921071564216525,-8.75926472742437,11.65732521082662,41.232650939786346,2447.1248182157024,24.930398747870207,34.228548670373456,0.13170751043004636
2.1127577864682294,-3.2138946538086515,3.846149283382272,65.408659383139,1106.047209098011,18.082201723167465,34.64995974330525,0.009509952799759011
-7.6559218863953316,0.11863308639116887,7.656840976523788,80.80940924124457,4938.340039983235,18.91698771146121,34.5964496042731,-0.023215510300464738
-3.2558684886849587,-6.761539867355726,7.504605318965986,63.57733638151278,4720.296698433066,21.97305363743235,34.62651371172527,0.039410669301345624
-7.143160703713363,3.1620443611298406,7.811739203329039,53.1126689330158,197.1340568425295,23.998362856785747,34.259970602886334,0.10425874856520531
3.841472940487378,9.95498778020401,10.670459036822546,58.515957521272284,3527.875862578442,22.432687907577595,34.433620209554476,-0.037477555115698
-5.874957723276948,-0.9652104803711232,5.953718125819337,60.57115490610844,4626.241587078329,21.804169608426278,34.326994487194725,-0.06516161795145875
-2.16281253623948,-2.9054288653957467,3.6220539696130243,35.67820156042276,902.8767256366676,26.093946822196337,34.147980609749695,0.03313830356016778
7.913495552375572,-1.9859166633106682,8.15887718078186,20.32550840913707,2839.726152763147,29.23214078086933,34.028621004255186,-0.054413445458481396
-5.913672332020594,-7.697076432095978,9.70651874010622,32.137921161055246,4577.441487940209,28.787909794348625,34.095401225570164,0.03061084557253972
0.1561012791755818,7.665472028524476,7.667061303358113,38.78105606038872,169.72989292899422,24.607570799798765,34.54234238726836,-0.08334553269039284
-1.6145667766795597,-1.703486889572961,2.347060599836396,34.89013702751869,3487.1013362341996,26.79566901826494,34.115808892098535,0.026730987482460243
-9.637519179085405,-2.2545117715031733,9.897706767483335,56.47782769863795,1486.7450368627538,21.41518723979756,34.31958949426908,0.049153744905317404
5.855162271456255,3.1938054586094857,6.669581586016361,47.27479208794145,4621.980976882652,25.021734479680184,34.27672749350718,-0.02295292898841045
-8.619081873708005,-1.1593315813775291,8.696701792131384,35.85837139326958,4855.291225826839,27.176545867342067,33.95290178429293,0.05826899017198728
-0.5148995804609271,2.9646693761569214,3.0090506954655165,17.195942814428143,4721.33244556717,28.730763018561067,34.04352034067913,0.03247139748548369
1.2135658987789988,-8.77107419738425,8.854630696234544,60.04481213944749,2371.0710832873187,21.68668909955136,34.34381368190113,-0.003325897738962193
2.568529132291742,6.274466874444549,6.7798433950891015,52.36618825700659,4310.213254946567,22.445951664929925,34.43985149970449,-0.08915359578722488
3.7726325861575116,8.810079057588052,9.583853589819133,17.65687042456149,4222.746992675352,30.293428251788374,34.114443551039116,0.12993791954323708
-4.934552329545698,2.9753077231877185,5.76214046519914,32.09259424959982,1595.5023662162782,27.54414948391649,34.06054052074368,0.1236353895626068
-9.800424466831013,9.091318577176214,13.36788663932221,80.16913722074385,4144.577370753386,18.917703183268305,34.52919810327301,0.06181757024389149
4.468873247098239,-6.9713537126007346,8.280736723554398,27.826273133280615,185.0381735774631,28.20802475909023,34.05244173922066,-0.06805742063906875
0.7131319869515718,-0.45167621039292527,0.8441378026414945,59.845504406764874,2981.3493924102654,21.52300038668786,34.28256479609448,0.005328065144653077
6.722354064144977,2.0361346789089456,7.023951067197302,74.33789134341932,1150.0441864385152,18.32699565705239,34.55292756635573,-0.09959318276220365
6.427767258013887,1.6347329484237338,6.632385976091675,77.3317925067157,602.834428886394,19.09824221029961,34.411304089844336,-0.012247719149843253
6.866523355757664,-1.9707644182191348,7.1437423936816264,76.75805174533325,384.7660081460458,18.437492045211584,34.51729574963228,-0.05481112660367846
-0.29810680040919735,-3.2383118126747723,3.252004160599918,55.172542578558726,3481.443879390699,21.825466589402332,34.27055942174983,-0.027533098290090027
-3.3274320832626874,-7.4635195489916235,8.171653952958728,39.30839659595192,1699.3748188403306,25.170427695441944,34.289431795620985,0.020035313263596952
5.8311640518274,-2.1651509887544362,6.220156991863506,68.71006573446581,3623.8338576438073,20.737335253950636,34.66293647311898,0.023101182770103035
-0.9741177394149005,-6.746783697890297,6.816743770772162,36.747268121530794,326.78170399471185,25.57097651445398,34.090920833534256,0.08454718911788066
-6.33115607193131,4.687313529844367,7.877464397521245,12.57494833377481,1576.4516891530516,28.80924470789942,33.886515159222725,0.13813465117081228
7.099480391229488,-5.8233812901082,9.182286832561607,67.53821083941489,2697.4564618766863,22.379643795087027,34.44106542965126,0.0007801944366043131
7.651197535446947,-8.828693894309323,11.68275051543275,25.09844499207856,3953.615824194818,29.609942753424434,34.00735748746225,-0.035694241030775946
-0.6738048771965985,1.0473227563446859,1.2453505404067378,64.0587152884646,1593.7625146603496,19.048003414480977,34.58059970533747,-0.16631712346164004
-8.48600545380425,1.9045946543880312,8.697112702473099,64.06979472590416,3129.4568821850453,19.768939660029922,34.4465524309711,0.05638856074849759
-2.2434782016613752,7.438261225610109,7.769229337697824,52.04217351302396,4429.8887411809355,23.53363178249083,34.269400092197436,0.0011203533656193184
6.070753189252066,1.5396322483536373,6.262947528519188,49.79015147103634,3079.315940911523,25.631539052770215,34.23177778227884,-0.018686250117251273
8.035480570924573,-3.0903829255310855,8.609263303681702,42.698639407647725,1164.7973737681689,25.098058968928513,34.3299897979572,-0.028243660332738653
-5.930545150048083,6.060237630526409,8.479259750426754,18.768147835191627,122.0039077826901,29.80594812977024,33.82857674838154,-0.045680693728734456
-8.66052775949457,0.8055778637484217,8.69791335709534,24.690751315669353,4350.4943695046495,30.758213925121893,34.01915839130879,0.05345912698305244
7.547009062656773,-8.414394307376165,11.303069377466807,64.69184743267768,106.34705425193569,21.863672183591977,34.39955553276348,-0.04031945272441458
-2.2119012204224937,1.317011206264933,2.5743009781946498,73.12033443612435,4373.508363420997,18.396668689158222,34.4717039428564,0.025547791414288364
0.8352192853512648,8.160370908433247,8.203002171024115,49.019978770082474,2644.68567013606,23.346313828844252,34.50327635121007,0.039529478108321685
9.361316241015178,-2.073747490035589,9.588256901894288,70.32615537679253,4695.3384925644805,19.76866448142726,34.463857741854156,0.01496702751853577
-8.668705441715543,-4.073483962003999,9.57808569725352,62.612639010024296,3993.916178868327,20.734984239300253,34.469663551812445,0.004154941371075357
2.966360149041911,-7.130610859639599,7.723011314599645,32.361349037304194,4989.670552666687,28.67767714369245,34.17308218425753,-0.010381334947133846
-8.517891548502659,-6.971089561292853,11.006841786071934,78.74830049512182,1753.5590772585508,17.933904703017028,34.44712060314755,0.07739850212121158
-2.490621430669993,-1.3445703131636222,2.830382383698988,70.9962961193498,3835.9414446556343,18.21427615308953,34.309151692757254,0.026733292842709384
6.076290903868934,1.9135964832305916,6.370491554744644,55.22028899907114,2009.654568046211,22.306886160451363,34.32195511240538,0.012131349138630461
-1.330555344887312,-8.387691896607965,8.492570451767305,73.11366898615772,2399.378101519544,19.963295083887882,34.648671308900056,0.03752771010992013
9.943647078059008,8.791371780503315,13.272691324521244,33.14440626492499,3137.5273160918505,24.555409513033865,34.17591409040557,0.06923534307251525
1.181185698932044,5.102672348903919,5.237601049682022,37.77427412299795,4368.385570931694,24.92214908079256,34.048943822226725,0.10822804231057058
-3.5767569472809306,1.7324783656732539,3.9742510674903606,47.04893020206848,4920.417345996476,24.969320287548868,34.3669483828216,0.0022060626627199505
-5.597773481904937,6.568773418779816,8.630402782140958,58.54610153027839,3841.367069322591,22.30522555931587,34.36140752138001,-0.17710664441507923
-2.9895893142767633,-8.396264863757734,8.912626320586458,53.15513863599359,2088.833910836669,25.689913115206597,34.120879926602676,0.09788213442513105
-2.549334524808984,-0.46322244533751267,2.5910772958843804,47.78162337934274,2106.785011385351,23.953996551920397,34.277824197341474,-0.03675779053850585
-8.62572644552078,2.601862537233268,9.009597403636551,21.3645747285139,3687.9115079444573,28.199499028494294,34.12831032075178,-0.010958702368779705
-2.6085160114645367,6.5730581223657865,7.071735915746975,60.95730502200077,1193.8857288415118,21.470609653373458,34.669062283203544,-0.015898618322364846
-0.7152296052155016,5.669391200985354,5.714328480056679,62.005866236468535,552.3705656569733,22.246220240956642,34.445359987670585,-0.02651707047866285
4.454755044776093,-4.458615005732007,6.302704996927642,71.62027481111633,1773.1107882038827,20.184466583494917,34.62652322422311,0.02246519393008138
3.13458969443216,8.817603391184086,9.358193314772965,71.23504250047525,1436.1949582704087,16.03101219126407,34.53366770402184,-0.12730883268644239
4.1753131045830845,-7.513083171382593,8.595327699478105,57.26551698847491,1481.5406022799505,22.78064404477798,34.224106912559044,-0.05516248010659039
-9.832726362462857,7.502672372423042,12.368209265976706,52.81339778820434,1168.0387552495497,21.8683331880913,34.367774317120904,0.10404581032560813
-5.646652008389279,9.418804992092372,10.981737858049193,88.70383482625545,210.4659481818094,17.927458268268463,34.60409045097764,0.02640942910779645
3.2336857679971303,-6.456929535547489,7.221403095879131,63.255611743153345,89.36967366706905,21.998487510291866,34.270702440009345,-0.024836578040815807
-0.3202126364050564,4.4413212840757055,4.452849748295731,42.5862717834203,4938.611948680158,25.6736987715738,34.23069935962674,-0.03754127738277943
-9.893730486633082,-9.194289624440032,13.50632683745727,53.88594197359404,2138.8656686793115,23.016358549688256,34.314740361821094,-0.00016080316888042456
6.089892848636445,-1.891543497216901,6.376890442036531,52.89171915495051,1921.6332357984084,23.5259048606019,34.36156375552494,-0.03229152469529863
5.456191465806748,0.32566598395348123,5.465901905874893,75.37851016752025,3398.2364134653494,20.223740780187534,34.56157520325752,0.009862065898134854
0.9683832598712527,1.612904518192682,1.8812833712137154,39.40777666115966,1091.269439325321,28.088495434312104,34.198937598760615,0.06995082842816211
-8.670733484474557,8.71874496497119,12.296264998892905,61.86392958203007,4749.805919751127,20.395444651728333,34.41025626264284,-0.09396536027570908
5.330300990651693,3.4450137458838945,6.346670651630776,60.35466194348392,3931.72507207776,21.54508466246777,34.384334048385824,-0.04033177208328584
1.674271754627279,-0.3744409756152596,1.7156316482748897,39.94557930721275,447.0550115612976,25.597754722088716,34.02806261239368,-0.04420077270569825
5.639199543159183,6.1935007253177865,8.37615799290335,38.61836035714939,2087.903878924642,24.02798763301316,34.38139987409533,-0.08967876817844476
5.034939847916808,9.010656419088178,10.321944989922953,70.3547556494672,4395.591537810824,20.201219907489925,34.5250750161187,0.03859570977299251
6.060041439156741,-9.558677026354182,11.317791690009502,37.90650849737377,4723.660111457051,25.459127486257437,34.20433590836172,0.014983775731362758
0.3601613280924969,9.650425445120774,9.657143855927997,43.095996684757665,2337.0075562493485,26.747209880480668,34.11690080542265,-0.006559512151484679
-7.193509636129701,-8.277357218726394,10.966367831305533,57.86536599678341,3067.0569460535385,23.390729408710666,34.569093204238456,0.058615044351281065
3.423149467593774,6.287735585375227,7.159159941577048,31.169231991354206,835.1697304603762,27.11454239909789,34.05773616240396,-0.03682122878341405
2.409475701039412,-4.39330494897175,5.010658791871488,66.58662639252297,4955.843130684882,22.201948450603247,34.42177049853098,-0.021762507840130597
4.845063743981743,-7.3564068449225655,8.808596048819014,30.395311757643228,1158.358506917217,29.668922690572593,34.074925773434266,0.09901732680595551
-6.602379878985294,-1.202887205723302,6.711062337374217,65.25048353117522,4713.658870675628,21.09152710699208,34.51650820144847,-0.00454938766519984
-6.100496001994216,2.879131588952271,6.7457727635053235,47.85123344800807,3248.2332449618425,24.888969971307603,34.35168695018916,0.04047424102701845
7.808190344386571,-2.3809630995305,8.163137983367521,45.9822381932933,3038.6839743942955,22.48445366749373,34.493702909117204,-0.022004556124202795
4.999555969041417,-8.90869183434602,10.215691366076069,29.494799194377798,2563.442555082543,29.613805606900367,34.124148402629466,-0.11265609572196258
8.16456977400646,1.9892227931743314,8.403404483630677,51.580340269524584,1153.3490585887935,23.00810156924648,34.2195575359488,-0.14248513538743612
5.174306423278415,8.048065522213495,9.567904975062296,25.673178414672428,882.6401600275414,30.25468091785179,33.98175077185055,-0.04808302847000862
1.9431061198060373,-2.335692681054966,3.038276105485051,28.664869783663043,1102.4310453508767,28.20398464957514,34.05806263250978,0.03535601440165122
3.082654740557473,-5.673344447383459,6.456748211610717,41.642896007067115,932.1913107212725,27.31741670899897,34.29377338212032,0.0276860674210905
7.782558478800198,-1.1484530813436926,7.866839324404221,79.84787065677646,3897.9223678337667,19.758128961236075,34.42971650006466,0.028089173881592985
1.576135090238811,-9.032745779024383,9.16922560149792,68.68201034371431,1750.6262958336504,20.311552416673035,34.59078793813056,-0.05722405537500506
2.647826486567748,6.409751689605496,6.935120894791252,77.20041922547857,289.21338281698183,19.916920837315658,34.580276414130566,0.01612901369601373
-6.870465679927989,6.526816219003734,9.476424885774094,34.60341788760021,4845.513150704057,26.66356560242246,34.247475547039485,-0.031699041072192485
-0.5215755976779448,1.7600092685925688,1.8356671075183688,43.969701488149255,4418.929424817128,24.071025327465552,34.21257335104482,0.017994163338562078
4.327942239161979,-2.937942221232211,5.230926162814885,19.551475889069184,4638.761415976065,30.507957491832514,33.92604156638501,-0.021222599631790125
-4.581146033672692,5.9956672889156675,7.5455235220101455,69.75028175247924,4974.5391132321765,19.746490771569277,34.56416704665145,0.004249073838491555
-5.954916389509302,1.093740495767344,6.054527023486467,56.6729201801748,869.4762460974365,24.541964550386634,34.36629242773191,0.14464318572402374
-3.723463835511689,6.518646171000324,7.507125337774813,25.721336409326224,1981.2100945132938,27.86935884688718,34.20474618893122,-0.04585815173764666
-5.169987440143331,2.6291758516604133,5.800115153183948,56.36552943081107,3791.1923785204567,22.632278092612534,34.3053309027138,-0.05036172545017555
-5.701747259272083,5.688109464255946,8.053850699260249,59.12979547770463,3480.1030902689613,23.622591784095395,34.26545999907807,0.03338146119245692
-1.5029831426382607,1.9712598643551988,2.478875507134729,70.17206818558945,769.4795316992753,21.60449634961327,34.35174540870307,-0.0007925973527373037
8.156770277670681,-1.7171786356866754,8.335562598262374,34.62055115530486,4079.165624953089,25.348424036742,34.33423558331742,0.14998448508594692
0.14119293477436656,9.15891719852275,9.160005441822948,57.61433559404731,1122.2028591833034,21.82329669169173,34.448923403539595,-0.0016946454499705763
-6.24159238369354,0.8222764975768939,6.295523339854164,78.04869101391431,1119.0880741131155,20.54753106534376,34.419058919524694,-0.011147763167708583
-8.460566612382518,2.101790370810768,8.71772390967933,56.86010523623562,2684.872114467068,22.77364566261648,34.31588708814764,-0.027037548062047712
3.9231229027585037,-5.590247211705015,6.829477080869663,31.01193961977626,2964.6996742085157,26.965937227960072,34.113408626617364,-0.10794268108057664
-2.344024711272244,2.5130157885455304,3.436524436190443,62.05139621638504,2900.431039189056,20.211645697767494,34.29745426502702,-0.03945943735130804
6.436618931707187,1.4321529896588778,6.594021948537951,60.64374936041649,457.43418698877434,22.898948575052934,34.282638252618426,0.00615813000357821
3.1902153728154037,-6.303232041059501,7.064574176012794,60.34526077468259,4387.304313151902,23.306036146398416,34.26273289365612,0.0637315964573215
5.92482901082737,-8.808258052937125,10.615507935783072,65.91241932294886,1328.0002129435304,19.909734314560517,34.42982289699918,-0.007593165430512354
-4.561079211631025,2.087186394295422,5.0159536101627396,22.886946970804644,647.5746064140209,30.195382851021943,33.973340940465825,0.051687332097757756
3.847178449221163,5.273845387006411,6.52795735174492,54.93402787446839,4443.740399344886,22.5480714567464,34.2062276941102,-0.029186254741321405
-4.718760306125624,0.4680274184401654,4.741914011354335,62.91890506832668,4778.257491148767,19.783593192605327,34.67756858296514,0.03186482565364927
8.78136958900583,-5.4645474936070855,10.342810602955268,49.916461450723546,4310.638086327253,26.43018906086093,34.343649903136686,-0.03805277603624556
2.7274856306674877,3.330439533860698,4.304765423829722,65.1821667106221,4047.58037362439,20.411810800073624,34.39003574841479,0.08174451150944499
-3.5097639964931577,-8.397885467807955,9.101808811522007,58.73357309909448,3276.209903195109,24.078055810995487,34.35371994461503,0.00012574138073560837
-4.609762754154547,-1.1633259039609083,4.754286466802035,36.3536456244615,2754.2868530456967,28.01718002122332,34.129217162630624,-0.008286669719953533
-6.18146829856713,-6.732664832031596,9.13998501457554,63.153326401438974,434.9337995570507,22.319784703036245,34.50072630458434,-0.08909295315667366
3.8928191778745553,-6.310818978802333,7.414882152457964,61.12956842717097,2042.2660653534936,21.737314165315187,34.3510161972416,-0.014084231816841226
-5.625687740041454,-5.954121016835927,8.19145406088443,81.18439478794016,1863.4425850615698,18.39956877882058,34.70086812176081,0.08214865166313486
1.906065318549782,-2.265858859120442,2.960946025856073,21.168698277353304,1298.7689188016311,28.145639313777032,33.958106232672385,-0.06294225881215924
-4.707299461492854,-8.976995887592047,10.136326917873921,25.39217031849588,3617.1005684429247,27.120869083495183,33.9655205558046,-0.013205962935367646
3.2393788958773726,-2.0441311814180363,3.8304109332943903,54.96885915212038,2479.378675393854,24.07411543913018,34.405884283366575,0.0320823962740746
6.298794570810784,0.2341489422940164,6.303145149245163,59.72095696415905,405.23107953823967,20.771059544887148,34.58523740161182,-0.13434876514482932
5.560504862893064,-0.33411430067349634,5.570533789159882,45.42457637387246,1100.9160097490567,25.683779071469935,34.453652691668715,-0.012007834306105948
5.217026618615634,-2.3443179919391888,5.719544875833554,70.82607798301034,3416.2938182979797,18.28330789389356,34.411519118186,-0.0399565692754473
-6.245551886154958,6.782932161415051,9.220362632186026,42.22144643687357,380.6542974515009,24.89308131147745,34.282048450083174,0.046282101911836904
-8.232301060309625,-7.093466151589918,10.866832233513447,23.67131396693464,4256.0345702438435,27.931586166189657,33.98156862171269,-0.05083161753199122
3.9789765697477115,0.1139348756274785,3.980607453452992,43.06775019890095,2475.732635069872,25.046520411554507,34.321958621726615,0.009664746319084188
-2.6330557241129737,-8.759171660868914,9.146369259485054,39.2979167218611,2402.93288663324,26.24836039263822,34.016595522021724,0.14393289678947013
-1.353075471933053,-8.576886422441806,8.68295997550452,74.23933164340266,2962.038923297588,17.90395970190869,34.43986152169529,0.03589611397946317
-9.37701814413218,1.4773169935419261,9.49267795591907,79.85016188033957,4123.404829625746,18.846766181254964,34.47734927161388,-0.009911048491516444
-4.808471014499016,1.3203684977564194,4.986458308974892,43.056226099722565,1739.0460395109653,24.33395160449093,34.30575764957637,0.08631309583479993
-9.32647192251072,7.560670256889139,12.006115660561866,20.962077190645807,3390.0807627953177,31.608522487185205,33.9391936662753,0.013439248491396258
7.583715452024954,1.157473513201463,7.671537329052437,53.58924781727906,2828.6598199789555,24.011572699951902,34.30485146261122,0.048652639881904214
-5.132066335629391,9.195820408097003,10.530964716077715,40.81748405167602,1335.1413508471067,25.763676699699637,34.36088086857283,0.059494681715677164
1.146743391460161,-9.026103032001405,9.098656843191884,72.1848414648318,4393.14993177579,19.663767985320845,34.61569341729909,-0.15896354785085576
-9.220413586777392,-8.039846304385179,12.233362387723384,35.717259325882196,3987.1301080346407,26.747181792981117,34.29335596474196,-0.026577520188720942
3.3369478261131604,-9.118682768592372,9.710077045442265,21.21939169716137,3292.2591732921273,30.09829220617615,34.04479749082017,0.047303856240492465
-3.5394530849181223,-6.2944629933292,7.221356694882701,75.57570034636908,4252.90864547121,18.869383430529652,34.41653582746599,0.021737916751171205
7.958383739153316,0.8254022188335615,8.001072463268613,49.008359942344946,4336.471004799012,24.836066006013663,34.4019618942699,-0.08046082418843711
7.762363778680715,2.911443628548561,8.29040381614734,72.1655136588073,3541.814883575174,21.40892354752395,34.42940343959939,-0.053690700176618464
-3.494187632765044,-9.088296841026624,9.736862260686586,56.80107232974442,4185.06664181836,24.23397036211239,34.40356758116819,-0.07351398418649971
8.019217913809356,8.919417796911986,11.994326566549335,64.6617086336958,3487.357308346418,21.884363628776107,34.58349957514604,-0.04107027217364105
9.923153469975578,6.843307533007621,12.054038027980798,20.059380493599722,3400.703858801502,29.402618790697797,34.05832548873997,0.06702926594601474
6.508313282478962,-4.067750356858138,7.6749420029477475,81.64092299928573,3093.0568910759216,17.157143769406115,34.43316466361625,0.028892693236547643
6.897426955104578,-8.45624939547064,10.912499825402097,60.452777093096024,3763.5831977882062,23.642551947843682,34.21771245753522,0.0868516382798934
-5.019825277818201,-6.602258535618855,8.29388109337086,39.99309695679256,793.0255264653686,26.834033386150047,34.338837103575564,0.03567029728242555
1.5340479771551259,-7.4611117249005465,7.6171839525944325,46.5217073160929,4404.3537959946425,22.499394946839057,34.29703126983018,0.060383930281391815
-8.654881720652643,-7.534324414021063,11.474886577836013,57.0188980673469,4359.21763872616,22.859229561276234,34.32279230070334,0.12120493002934184
-8.101641263566606,0.3712337733146782,8.110142149060925,46.78405601365516,146.23641517279572,24.623821822302624,34.349742059950586,0.08504226160595332
9.977852240665811,-5.083051150131994,11.197988405576153,25.002676343619434,4129.0837528238135,26.03907135738427,34.22829252694493,-0.03322676102766328
-3.4672150114817812,-2.837205669417111,4.480102224996346,40.11380805698164,644.349337367226,26.190641308061924,34.18664697795084,0.04446988592957754
4.963678240976927,9.790106667686448,10.976533616977013,33.34692436153775,1675.5942712957094,26.456408076355988,34.13936881579102,0.055324887961312574
6.133301060536329,3.6862849785068956,7.155842287385997,23.84029567745022,3717.541281458039,28.048913658853674,34.01166277631647,-0.03174514366515889
7.1604654201445825,8.979613340940027,11.485021584040426,70.82512924631608,803.799480241541,19.387657004332706,34.577442158463846,-0.11654249637270742
9.95256594804313,-7.148868899337688,12.253974681305055,61.18879786960389,4089.835120595311,22.515482439288135,34.457719947813864,-0.01289455966171063
-5.170070294862644,-2.3572105033486146,5.682083087294494,45.05365128908689,4160.670889788709,24.65282573353689,34.18933392197214,0.06859521725196341
-9.192983462806005,1.0946360656470855,9.257924878915363,55.440346899168276,2537.338668804181,21.19814654200063,34.48438901881949,0.07044581980378853
-1.7761696401082805,-8.46483876222524,8.649177640730551,77.67251200430874,31.9293585841679,18.474583413687213,34.5381664186213,-0.09669741707834467
-7.398386603421061,-9.916251127440843,12.372071805326382,29.609419794669428,1435.1906658745638,28.404133765490073,34.02390531439245,0.1158611376481084
-9.551482216758897,3.40868667593835,10.141496802335496,45.0017758255114,3084.634591878711,25.58091786938771,34.137180164320405,0.01171091771930851
-2.791463457170278,2.836390336028707,3.979620380266701,81.08629794872252,4905.930890137118,18.026443031776054,34.4822205216556,-0.0030073295489927033
5.674765021504729,-1.7842238000077657,5.948647965530295,16.77397348569074,3159.067635083342,29.745253638829745,33.98727066829876,-0.05905381780886757
1.3236138245014182,-0.20711847935934813,1.3397207249659908,58.2504175571226,1299.017905320799,22.03933265846279,34.4515774975961,0.11627773080766891
-3.7444402157929186,-1.6911399881582074,4.108623490805048,34.74091762356374,3170.0285154980565,26.91161755319323,34.09369783038829,0.02543997100809414
3.0868401098543945,-9.519899103102222,10.007849958759993,63.11631751080675,2699.9268985792773,22.491542321242708,34.409607861295825,-0.06163853503882648
-5.359636393823786,-3.292567875650752,6.290207110244284,44.74896513930261,3899.226975755718,25.09004750626424,34.163456351160214,0.055212929531968644
-9.712371078558299,-6.458354892054203,11.663640078437613,42.782676827911125,534.903194134792,28.086387920650033,34.10988668031221,0.12496887954496758
5.287067728728548,-8.031516217972625,9.615525878896076,71.29026873654888,3805.13951251014,18.61648339115594,34.37307186528555,-0.02086500781881786
2.4748616972801827,9.134408677786997,9.463739340952651,61.75090272188982,2706.3328933805515,22.20282985410669,34.412921044109154,0.05074969400538569
5.246052490019199,1.9871945008433123,5.60981360761822,38.97493984453032,4814.960019294973,26.309187357682404,34.17134984075919,-0.052772000130424365
-9.221239666246689,4.573125684732053,10.292946104527962,64.86727853695794,1709.3608301934305,20.454122437871597,34.51786056891486,0.003404733870498146
6.742392556613044,-3.6927251346776497,7.687397238841704,74.9629437031378,3163.1094656697405,19.791454253019843,34.53196043325981,-0.13987282496315956
2.3905240007260673,-2.137057410119696,3.206496432587266,57.199169363534786,4660.140527550087,20.8580437062077,34.33296801156197,-0.059689307659548684
1.2679070142528026,-5.26152012206553,5.412132868998315,43.778592578449555,512.5486399533963,25.166825382297908,34.398889871146174,0.07289324037303929
2.492280962290632,-8.060686580691506,8.43718747848692,33.859070916205525,4686.142436182256,25.29903959320289,34.21301115926321,0.06476003266338304
7.288664937367283,-6.419367251168325,9.712513190445591,62.81820198401377,3439.428611504067,21.776651803853543,34.40050599195921,-0.01084239367673994
1.7387301311781407,5.950280905929716,6.199114882669825,35.1771642548451,339.18529552585954,29.504222835270888,34.06532273858084,0.0883145989527976
1.619007597763586,3.550916103675517,3.9025877026606763,23.035823310033418,1504.8178347340813,28.811958171308756,33.98380494930499,0.00011038708728190565
9.813583141315316,0.9385775197095381,9.858364054548417,50.133616475995744,3540.860443226408,24.52488144347611,34.33155748489433,-0.03767960330747442
5.13460334137136,-0.4982025426646395,5.158716627877466,69.177928678858,336.7530073438585,21.59401521374855,34.53583552222578,-0.08604690719509417
-1.154123890977294,8.44868567312249,8.527150260136724,73.47528246744017,2910.8523008813663,20.14538578756685,34.301969340409435,-0.016716875912064166
4.147940000658554,-8.545301044426632,9.498819726099773,63.41340118864679,1729.4152847647838,20.93505648934031,34.42662558486139,-0.030422069808791547
-2.2153905661642304,-4.387983735241681,4.915522009043903,37.16401978646608,3104.5775888373855,25.882611200369684,34.13422705168756,0.08411585796828785
-5.42249075033002,-3.001242928585719,6.197649962187313,44.192413223068066,228.71016906256426,26.740501623623064,34.21878131131099,0.09456655464740157
1.937037537755188,5.648516244255756,5.971419444679283,40.60032189617992,4357.684030761881,26.540568979493276,34.30027961105752,0.018076723188354994
8.563641962279029,9.850292403239425,13.052364693319848,48.06258954742245,4867.444845886985,24.955494332842427,34.19397273318461,0.02556402199133673
8.582790400309253,-5.186589704856939,10.028210399775658,72.65846165714497,4844.389276428457,19.952896103509833,34.426736127261314,0.0030050722889209854
-3.1618944378901936,7.486146682741612,8.126497929113388,52.93420944681789,3748.2591587146235,19.381059085183445,34.413250298053484,-0.04132267711495895
0.5535493244338987,6.612455208635826,6.6355844309899545,56.9744421005694,650.4312006531599,23.685588551216632,34.255697896018695,-0.07041469695944685
-5.767282028602776,-5.506852047164667,7.974143306136794,33.77341912287741,3791.3159796451127,24.940517970313532,34.13571932587392,0.03670602330401915
9.912622189977668,-2.013348396015548,10.11502103037735,60.750039716311846,122.93458229400755,19.765478766087142,34.57611226400474,-0.051113706352763286
9.622358157358715,-1.8065426141496168,9.790473570018273,63.160567306271254,110.61775764498627,22.632034631406704,34.30066199355003,-0.1251709527541595
2.990178594148947,9.564413370531167,10.020936640219912,74.6947953490643,1618.0510957477063,20.588217664048525,34.52104646574778,-0.04662692934872492
6.0882811935494665,-6.3821619724220335,8.820383173873912,32.08424458601233,2443.2159520233286,29.00437668400169,33.957524648589676,0.11398469478447694
4.3020032256739995,5.983159422095641,7.369221697297574,83.66072654201913,3852.037089038966,19.040816560864528,34.53282973841582,-0.06805022485417132
1.8631643807893639,-3.316145716537802,3.8037092322040373,75.88480614601937,3416.476883032526,19.912198318124307,34.44528521853896,-0.1157095581131369
-8.933040060222046,4.617406915523208,10.055826735830994,46.19478456088694,2229.5135318837415,26.09780824528781,34.363688090221075,0.0529196099128129
-0.9047131489467795,-1.5997799140867421,1.8378796629248013,87.59243258531072,1368.1333314083295,18.083581450273698,34.56644586890927,0.0159211237270272
3.49572604334821,1.5671952623308005,3.8309530877335263,64.41367128525962,4985.622500788556,20.593651823343066,34.18690599095391,0.007253211004224174
3.5506322776736923,6.652235466522622,7.54050570408376,26.225222918498293,2130.9065111798645,28.07806992201445,33.85859165655378,-0.010007988906337934
-2.5375476315523287,6.083311299677682,6.591344654255534,35.017594663637354,2256.9351216483774,24.945906529791472,34.2336771958659,0.05975556566394613
8.833839733160612,7.3284636707940045,11.477939893783844,37.00503869966232,818.1191059583459,24.72395336965284,34.24373059698211,-0.09778840402499453
-6.65285935526438,-8.80765349310682,11.037902774330165,48.871449888151865,3974.047743749647,23.42045820165475,34.368422414410055,-0.005970760838429616
0.007188924311211764,3.841011060794896,3.841017788266736,56.31622014919337,3468.411128907443,24.70844121193671,34.271372076197146,0.018659273911218462
3.8176795310164557,-7.200252465564743,8.149743098369003,50.65068043822231,1103.848063943802,22.35566297887394,34.431527054754405,0.052440339752704256
3.9427161178361843,-1.683628639631781,4.287145411813506,41.568060254810305,411.9052280792135,26.132963048044292,34.155561240135164,0.02733845758000225
2.9727791353763102,0.9717683010937694,3.1275788429293665,52.33639549436524,3402.4965103735653,24.656904472920186,34.38528074174432,0.015523501112522112
-4.494235730962797,-1.9452103050633855,4.897141812974941,38.17396011752803,3272.556071405676,26.590438005958756,34.01635799035402,0.01577030969345117
-6.875868626267561,0.3922335160601502,6.887047008465345,70.38206446145512,1366.2976349910466,21.359383607972553,34.32857330929921,0.01162128641677651
2.718806536534217,9.930526175972382,10.295982668729287,35.80030026736894,4754.317811252052,26.690444306193246,34.00843133126723,-0.030962333159766358
1.9860423227887551,-7.2956537257429055,7.561145904811949,29.170069676442804,755.2894589045012,28.904769808330038,34.05448579393559,-0.02226922547531617
-6.412879794215181,3.509120906728512,7.310195400472717,65.04667493213866,2161.6740052130094,20.494117283649967,34.48296415687965,0.07379725158436815
4.102782911411268,-2.0799806722876957,4.599907305072429,29.27399107676445,4718.079600837995,26.165489473078594,34.17015118555133,0.007916716775902652
-0.8965601653268713,-7.339804021853425,7.394358877500243,45.11687042366652,2098.6365846306117,24.586137436770354,34.28794549407064,-0.05636219351464713
3.355211832063059,-6.825264732513809,7.605372121527831,50.53605880926791,3192.629738320428,24.81213596175839,34.21445709486393,-0.049960965643008726
6.7473415954030145,8.985462124912338,11.236776593102215,74.61475544770717,1987.9719898139713,18.170443439051922,34.54858858126161,4.81330743898542e-05
-6.605431428461537,7.592029934235242,10.063331599347773,29.36616814061947,1371.0760117433501,29.112696863308194,33.97853806353931,0.056780974032799594
-9.617102640063266,8.140839208300438,12.60007643647107,60.01399930289442,4919.888239799141,20.170377928560974,34.606778763725764,0.04345104765572473
5.5820517279157364,9.83065551654773,11.304914390571799,35.32110725652807,2046.670031575215,26.878598586737798,34.12700374390691,-0.011721846730587793
2.1939485030523187,-5.833692199829641,6.232605772580094,47.8537545548428,4470.496018395672,22.38654023819537,34.30488495234561,0.07894562580903747
3.9927913924424345,-2.8912132527187655,4.929654873950003,24.116730991071066,1149.773029455431,30.115326434211596,34.16205854457064,-0.006384520106967051
6.763099499772849,3.3843805984973336,7.562641527886465,29.640664919835608,1065.5235201254166,26.76052941485916,33.96806000819671,-0.06627485764351213
6.05621869649001,-0.3239492027870554,6.064876584539996,13.610119244411681,155.6704144225568,29.383591212599356,33.896420056014165,-0.06960490216155014
9.218402938576492,-1.6322093324333302,9.361787224821882,55.02479607898535,3258.334126879425,21.812134746874214,34.256086382155495,-0.03140123224719008
0.7187015770423635,-2.8437750132881394,2.9331873931007437,42.93347180342772,1842.6317186188057,24.769419912037705,34.26015540014386,-0.12242290156137489
-0.23008734680189313,1.8756126388690433,1.8896727119381362,47.90318905919321,4321.791249198185,25.534094598987664,34.30623632803473,0.0004594022061257322
-1.9622560021853985,1.5118685728016406,2.4771344734466663,83.78433625834126,2366.049533457786,19.100388144046534,34.64478838709404,-0.026213555532940296
-6.92617914311591,-6.770843318715198,9.685880278483937,28.080813160631422,4840.967139573609,24.611337409540855,34.4317662868381,-0.049516105693568645
1.4521446576404493,-0.5652032496312192,1.5582614736004314,59.32184886689121,927.6275785156057,23.88431202811148,34.16252393929146,-0.05275052501408163
-4.459749513480425,1.0694355241969973,4.586181206996011,72.05436614451652,4343.115839778054,19.66521792802675,34.58942386013594,0.04151100590017953
8.42615024425951,1.4057387746278103,8.54260554171423,77.82812962256281,3882.9842639587087,18.484514839543504,34.489001235145885,-0.014194843107617622
1.663816085541951,-5.797856141752964,6.031867024974168,70.84970996764227,3854.60922322026,20.168956969901988,34.439195753375664,0.011777431785060483
1.8568036101622027,4.8454278450457355,5.189016346886561,31.82110931065258,4223.916140584438,27.02476066413282,34.093832346868076,0.02008188843396188
-2.9015067824597995,-9.496018103578606,9.929405895226202,76.54993633820281,3805.1199547149945,17.837479823131567,34.490575093084566,0.00045315434930098385
-8.960212960445851,-2.903362889136747,9.41886045987296,67.4180982265096,3131.101608157077,19.87868783176825,34.68243475856561,0.09397520139181648
-9.365124692540228,5.604252970712672,10.913899938453188,33.99793789491527,656.2243884119379,27.790441729519298,34.17040875472061,0.08078607639455113
-1.5332971169360494,1.2778584211080464,1.995976501164568,76.10513652860006,162.6308974562596,18.476794748799914,34.56230538070814,-0.07806640223037309
-8.308692438055242,-4.776751349782796,9.583930482210738,85.14035067947538,4604.239239078434,18.324097241253863,34.6914455477558,0.09895657064225916
2.136939110802782,3.8990623868609546,4.446256432091206,62.0578305870101,3083.2515726036904,20.381636036991637,34.27235845003094,0.023228799347177413
7.619460112793149,1.3478188831214677,7.737750845830111,41.1240991170974,3982.6864548808817,25.183442585842364,34.11359081638341,-0.04069843186247642
7.658296330374444,5.924872189127743,9.68264494553663,26.219700604704833,2407.6117575627504,27.710585035659275,33.92008595245822,-0.11500130805716113
3.1809082026446482,4.7005037237964675,5.675642012237599,53.120702200743104,586.5409448119724,21.984626760456532,34.3514225518079,0.0030329199861888964
-5.775363370541379,2.202158440724693,6.180964638294422,34.048679666219236,625.9289610127522,26.262068325858852,34.23586344648294,0.08283755999016859
7.259936627177442,-0.2364464937837205,7.2637859808129805,60.99650365272632,3427.826436144857,22.327298088478113,34.406894561769924,0.04488275167717062
7.721868706264164,-7.336357486649532,10.651262718039606,29.359776611151688,2151.5294744973135,28.210589302426076,34.08309570605601,-0.0774180113856624
-6.066928300940826,-4.773339642292324,7.71961076411474,64.43261938913305,1002.6236335016836,20.20401651168621,34.382280045886326,-0.016359310342344537
4.7485217154135455,-1.618010541658295,5.016614056778872,47.99876717137734,2457.9727337071845,24.209270847927097,34.315551230271375,0.02284209953982028
-4.269609021457541,1.9859857401277736,4.7088958956535105,25.992035152306592,321.04468537567044,27.597994811845258,34.10803615593114,0.136790032514587
6.052806247058594,0.27415710430609685,6.0590119311875466,69.07278580743552,2909.857009571994,19.560875793359845,34.55669363562168,-0.01855885938105868
9.944757998072053,-4.23630948080941,10.809464818269856,41.86197034517749,1344.9670221754884,28.103871406531375,33.94873245428,-0.045757721848582955
-9.399479893412144,-9.870712844205789,13.630157530983576,83.29065859183925,3987.7955031859406,18.99293840880974,34.6192137060049,0.035379188602224894
7.947317315818637,-0.07521556198372181,7.9476732380663,61.84726493208795,1551.8097946178689,21.751860555312568,34.31312265772441,-0.0359193857850812
2.4526106719731615,-4.287480228755138,4.939411485211862,17.743597156571973,2276.100745409006,30.417632235439758,33.982263257581344,0.025906482428065924
9.467652383296425,4.692166014210702,10.566591860947996,54.52569162470813,58.10269954050318,20.239620047799477,34.50628417617718,-0.09402065600341208
-0.6998096494714474,-9.52107469459033,9.546758449099972,45.29646753429243,362.2344389727944,24.500429269787876,34.29803170193064,-0.01034975211427262
6.947758611427474,1.696556226115817,7.151898541718623,42.58623772529369,1962.467782033424,25.171482673407034,34.151264891216385,0.030186881997115403
-8.752118628034456,8.82948475012131,12.432191336679647,39.36219244269719,2399.6941735856176,25.81788766741731,34.243608216402976,-0.055014803407654245
-3.294418998434086,-6.51181465777001,7.297734352139149,36.20477701816785,3000.1027405965187,26.535608243232367,34.015457087011924,0.13739475950931718
-8.6596692449758,-0.5670101849880922,8.678212487733864,45.15323810305463,1458.312893546516,24.73824995161978,34.36271652647244,-0.06242725323465355
9.506862669581409,-8.171560163657237,12.536141085938306,55.999058748381245,3474.909430632713,23.008059083364465,34.35070498462459,-0.07894509970203241
6.339478145436736,2.513638245227053,6.819630516702364,53.96359445738439,4300.611985946023,23.25821386145265,34.48399106804055,-0.0171182324816633
7.050948424919412,1.0106336119245114,7.123008773574908,64.89195158944608,3899.254944466749,20.655588198200068,34.38783361358652,-0.02335399455059136
8.759304628677885,-1.8526895157433536,8.953093097903269,71.7985695546236,198.09412674178571,20.03336620156279,34.44353106422711,-0.000420895262924173
-8.297930277604292,0.4275404294748242,8.308937219092316,15.909092476098303,2402.534736289145,28.881029920424172,33.93719219996934,-0.008444992047166047
-2.288048149733333,7.931493169380204,8.25492266659252,27.236617261195303,524.6508920908743,27.96516011351286,34.08943694679395,0.00027321168494661395
-8.579302219119958,-6.074113953778659,10.511864101598976,55.30248081459171,1210.2250793126373,23.00128340992838,34.28701109902728,0.016267821833068092
-5.784137968999428,-9.548709765893054,11.163964808153159,38.08991980805605,4933.312966335732,26.887989946337342,34.24441626017484,0.027750669763041774
-5.412684459246552,7.233297693982021,9.034254179794521,47.777097387207185,712.4777145075661,25.362448393084502,34.20411501294232,0.02630574675777004
-0.6178557790484263,1.5423416477581302,1.6614943641531865,56.66120098864963,2494.4407672567804,21.34132655933008,34.157354873334164,0.0063159620573772545
-4.628756650927148,7.813169109236849,9.081354505966345,71.56632418767418,3090.7786715905954,20.35919225231723,34.410975003402434,0.011397233658718035
-7.980437863644778,1.938904468263452,8.212596363668874,40.87620200382482,3512.3248527205196,24.337205556395997,34.07649499034187,0.014773648269412645
-6.650178218117846,6.203221799194051,9.094219648915752,31.86785881000453,2798.2434174345703,28.109751749482005,34.1526907292003,0.03959951965712119
-7.054488728958182,-1.4065327328970412,7.1933403614530045,70.52968484512623,48.85423709591829,19.386722890486382,34.36818089862351,0.07118816132785137
9.461535958245967,4.997198625765375,10.700124148557006,23.674985882937566,1632.3065412199594,29.125599503659743,34.18653367926687,-0.09281015509908097
5.185850138369473,8.26082933779712,9.753683560882846,76.22972567327356,2588.558216923557,19.619310286069126,34.5477616854086,-0.05308687305275998
9.35522930539124,1.4424592744441256,9.46578069230853,23.962087870882474,439.3324957241668,28.453880153150195,34.02352277876518,-0.0673617539311146
-1.2051902698418289,-6.384296988752409,6.497055612130351,24.0767718785465,1753.1346560459037,28.070300806003964,34.11676277542785,0.018426043648251695
-4.432630366746868,-4.624047699396037,6.4054686865596535,44.972362187411214,166.01554395683283,25.1572862241879,34.35254119085364,0.07124446823761715
5.9658639441837344,-6.027108462051885,8.480422690753624,21.490746040793102,392.8924857751037,27.144542516597284,34.106990037505845,-0.12395617362856082
-3.4749216391770643,-5.062859448085342,6.140653563708673,73.59634546860926,1984.6163810079804,18.813993712263752,34.486279670118215,-0.05240086329542365
-4.012332525893035,-3.871691012979273,5.575733458328478,75.98244185579983,663.5787702153018,18.51009445733561,34.37778521188973,-0.01668103630051329
-5.349880155843376,1.1026757350637695,5.462335714562514,59.511349239145986,2837.7042413077907,20.832659812595693,34.318515697088074,-0.008864638368525978
-7.406420435515293,1.7598325892766553,7.612625986471339,31.638747326018663,3447.324845686329,24.86020097857074,34.10605000564169,0.037237240500229925
-4.870738779664681,-1.470005055162778,5.087731431781114,71.08127768609734,4002.933495545414,21.23079970244091,34.458233130116966,-0.027627305356358427
-2.893605030522246,2.308415596416708,3.7015851521265257,18.338316965504024,1000.7512212240505,29.016915561620195,33.99217722395196,0.013636924493959611
3.4798841629146082,-8.368501487772681,9.063189887570353,57.246512374466974,837.4129112953487,23.077682872102034,34.39278556092347,-0.019054419727091196
-8.748703155610968,-8.2442352588368,12.02111566819175,56.23744850973724,522.8392016720013,23.736395731199266,34.27971643987672,0.09546451872228164
-5.789861206693141,-6.563410792846831,8.752191384357886,31.515720549061015,3182.1512477181836,27.989382401649948,34.14176445429751,0.023871877007229952
6.180472805833528,0.3615499608068955,6.19103888517971,78.6348586637954,3532.3786324345056,19.83030338276098,34.61598178632717,-0.0018950727985750215
-7.061561528324585,-5.720106426033729,9.087643739906742,67.83000930098467,157.9307241282102,18.967882342518696,34.57216445599317,0.03931965197878061
-3.1470970695495692,-4.334311930148454,5.3563494913041945,28.358326656227764,4681.061231218449,29.647603268855555,34.031621803712916,0.030394964940414902
7.293178437162801,-1.993743276540119,7.560784613321911,29.879126183427672,259.85641825736207,27.939208625597782,33.98856770173861,-0.11870989539967164
-6.901493777131147,6.237322480207595,9.302408724512324,33.13848713440156,2706.4816765053524,26.880204807841203,34.10159274212635,0.08796791615266748
-8.345263287636202,-9.722757281742798,12.813095976369302,54.093286547041025,3545.302597254582,25.01531676811385,34.186248275172,0.016347826627524535
-0.3092400983997834,2.9875764047324473,3.0035382821885865,75.8520169625094,4354.845618730428,19.12373425963327,34.51692180877675,-0.06121220010898739
-3.951609774429272,3.3775306208137064,5.198358674033487,23.399509942542725,3570.434660662139,28.05938947876934,34.09512700183587,0.03470998291955862
1.2681672896770824,5.97311560713273,6.106255671913805,42.546832440906584,4008.6404153489593,25.141871134742754,34.19026340534128,-0.05081254064821835
6.076097809669502,8.655058781206264,10.574923503212975,54.7507996648917,1697.2509627140303,22.21292072329234,34.21924612678432,-0.0006512539228652678
-7.257030236945137,-9.597243021014204,12.032105446028217,51.554171214350006,4074.125568732561,24.57988359381715,34.45181822779149,0.14137733925893442
1.6139816910856997,-6.924325889735677,7.109938531831595,31.290873118084733,400.5742319233757,28.919909760749654,34.10523081426775,-0.06759963043347511
0.11017520779727796,7.723425881119862,7.724211669650521,61.842574372737175,4474.083280302638,21.080321478171168,34.365158002337964,0.01367970182923894
-7.118424279736009,-0.8296287562596927,7.166606456304693,83.47961200453585,2737.961880768681,18.21244545767652,34.52539421517737,-0.07170021982711047
2.479969710579649,1.2918127786692697,2.796252853467606,67.20534982117263,4086.4888498124683,18.498380049082428,34.566266735896356,0.008242189563946666
-4.527191642784567,3.2605440744629473,5.579122855074431,65.48034548317298,2261.5914225915008,22.85621472281006,34.57363535394438,-0.02722556625298691
-0.24331362911975063,3.581332089912747,3.5895878677578335,49.15043041538167,3217.8884759826246,25.533880604575494,34.12435780148655,-0.015116011695858782
-8.354553514458763,8.634808066330166,12.014927164503153,25.470814519211622,2632.013304680566,28.828991874892857,34.206860538638466,0.003540836123920345
-0.8083188557275385,9.938988348233394,9.971803686336983,57.15061015172558,3657.9476087766593,22.390046084108167,34.53199545861222,0.041729415781761973
-3.870730639143593,4.403149218618804,5.862617054032129,55.69903153704,408.1499101529479,20.828795729135447,34.34941011828724,0.0773120409654353
6.447624223707088,-4.255575815896984,7.725398608161375,48.89624706880488,301.760419952819,22.939326872128042,34.27195716031646,-0.09115062638966827
-8.860425460052635,7.595048045886873,11.670128283462825,24.36702834380575,1235.5161700507322,27.577350247805963,33.95544107290997,-0.02054187481708906
-1.6278545016334007,-9.015581709184769,9.161365827947003,49.64981338535417,797.7234005659417,25.379339323005286,34.237168993132045,0.07857740001068034
-0.8313715173712399,-5.3783829425100755,5.44225887625529,45.775228936725796,4358.917832961009,27.106140417244056,34.188577854626985,-0.02041235518356249
4.500121525982374,7.947714349274296,9.133304830469115,53.38635142043664,1096.0699367902216,26.19790323981173,34.3300443234731,-0.13134317071298288
1.48575150180422,-4.876169711212901,5.0974982665679835,71.77299354669178,4879.326279095657,19.75771752994193,34.654856683897876,0.006607833216052603
3.3442467438836214,-5.58697880756503,6.51139911848114,47.50152063476958,1684.4789588555343,25.220744861329546,34.210666693572755,-0.06997224379175895
5.540985713035123,-7.237494137195055,9.115033958137081,18.105295340263325,910.5895784434964,28.231489673603438,33.868492356591084,0.015912037276167683
7.244059473163777,7.182235152938329,10.201024431047939,29.37713921564132,3948.4925357123957,26.39356943698046,34.1319404175536,-0.03265333323280174
-3.7224900655505895,0.001165183821733251,3.722490247908807,34.4722506741525,3293.5388775043807,28.750464964201,34.12583367808352,0.06096708446264629
0.7604541072780595,3.4978640610830958,3.579573080563211,58.35019537760226,2490.978582265695,24.279688349819303,34.32766458136712,0.06763081242085901
6.802161568783998,-5.218672318499406,8.573444044006699,31.111534202449,2776.817754688156,26.62929978710299,34.140165460867586,-0.11079645217125629
9.789022619301129,5.160808420224329,11.06611528005413,47.97921195995983,3596.008891361319,24.121590533361534,34.32189054252364,-0.06191317681550725
7.790386220875263,5.20011089924197,9.366497255368108,78.14075257963465,1142.2737066564937,18.603992113080707,34.73427229447952,-0.0224772671715771
-2.5706547475124637,-3.748039501833997,4.544894491428421,67.47208893326808,4981.669580283709,21.812796860048838,34.49888624828795,0.08269929271515046
-6.096669655626991,-1.786347339794343,6.3529849447510305,70.43166535778144,4873.9658107339155,20.14005187637563,34.50745998707359,-0.021043084568336173
-0.21214925186822597,-5.806194451395983,5.810068959357518,77.23284894404404,3251.6284317346845,19.412867537527557,34.50110565550764,-0.03839764090636138
4.832829036720845,9.531220466458088,10.68645872487241,60.28607334596629,997.7122546457257,22.14558828178617,34.40956746504544,-0.049807460342686724
-0.14861858493404867,2.912051541168232,2.9158415015580106,44.366681771211454,3401.1412121564567,25.52346141681925,34.408063427439096,-0.023336076853386192
-0.3363827337266301,8.69087761431031,8.697385069690169,25.830561749539477,360.9920448958792,29.011236112468108,34.012661334142585,0.06008254240772788
6.764608421636012,-3.932289127417336,7.824501573881461,68.29201207093452,153.26251102903032,20.953271595554547,34.48061957276673,-0.1387330307554575
-2.7719244186562726,5.637818259937795,6.28240079227925,18.824165533347276,1288.4144425560685,28.68318494771657,33.96182959276617,0.1149297547225788
7.195893496232912,5.317172877694841,8.947245979653223,22.635338486702963,2313.1147836965815,30.206435740570285,34.14173221080752,-0.09070002394954738
-1.863903980965528,3.833113037330831,4.262263906331321,58.7739608147715,4341.3625270419025,21.201226526027536,34.588141481582454,-0.007361716749929715
-3.435337886433212,9.31277950533601,9.926198089347695,26.0877469420326,3635.84534883154,28.64108221114714,34.12443932585757,0.0077994006852445015
-0.9202017760060208,-2.128893277873689,2.319258048846746,30.88545155897967,3713.532605999905,26.887990458796036,34.1300716091017,0.08690980848815956
5.248939173497369,-7.385653528204854,9.06086312035228,41.895247618789554,2127.4666722403767,27.662308833206346,34.14269840098008,-0.11512164105472668
-7.479959442720114,3.4341771848812144,8.230635832175814,39.015835343823454,1729.6749627348145,26.73061219843422,33.923681702162604,0.15082324111217
-6.071615682559653,4.586196009544123,7.609054529615539,73.08611723720885,1855.1938149230134,17.811491467998405,34.62015027470203,0.09584106853022123
9.028896513261838,1.5012114691762939,9.15284699546421,38.53125826737713,4938.247818680289,27.32726245585009,34.163881504047815,0.0009234338259333022
-6.4901674523728525,-5.863642137332075,8.746689240766257,33.43409243692831,200.5459570624124,26.51702540139216,34.193866103923156,-0.01117686831993446
1.354546358621091,0.0891188333871078,1.357474863162459,26.24197421754373,4335.157480612243,30.62964717072859,33.932617290887734,0.021034743457908567
1.5862893332387564,-3.7562052686174123,4.077424661319479,64.62699190358914,2893.377042861967,21.445304362467787,34.38934212152828,-0.05076140457850925
-0.20751075899510418,-1.4506694366662192,1.4654359520552953,38.50672507425226,2193.0770959479523,26.50768962945575,34.14932986429242,0.09486233364298038
2.8949049715363717,2.9043715168932778,4.100713194356192,62.686453379279826,3626.2883020756826,21.144371085942144,34.506640985909584,-0.04637243535080604
-5.403465484047631,4.90429485381669,7.297228737710431,63.67736955160592,2433.344707123514,19.22218415246843,34.47744151945918,-0.007184951114510164
1.0532453555349637,-5.355506181973137,5.458092363097977,31.45647604020885,4367.116190408303,26.215026414167557,34.37916916605856,-0.029580596024009528
-2.5565348950620574,-1.8934927870609322,3.181381084422572,70.8490177030101,4503.509320056292,19.32163343719297,34.61127266925156,-0.04161215248639458
3.23334519258378,-4.616768580167417,5.6364060585825175,31.00778522663413,2108.604634367277,29.28328771968127,33.97536243152859,0.004522368529929294
-7.175529132537011,-6.027367722762618,9.371092785651413,81.49020396842036,1384.138986175258,18.790336804406717,34.51542166038475,0.07051996232760555
1.4175483367895243,5.667744399916767,5.842325724394577,40.21340207606863,2961.7516429668112,29.05009824670505,34.02540150123541,0.06946147711003188
-6.294592892333526,8.185053888739848,10.325551164068242,36.609864362421156,4561.816728083455,25.580336294775964,33.91475784157017,-0.07565132149447057
-4.427138737699272,-2.5953562863084656,5.131805886402795,39.698808587804656,1053.310945028333,25.60573123650969,34.331892956142205,0.07192291537630617
-5.6258039935283355,5.025578487475338,7.543613836045312,16.00436447025431,3114.832917817414,28.231046606846977,34.12041078563218,0.151876648355658
-6.343244402623657,7.939905787288222,10.162620403342308,22.76064571924209,3157.801100462603,27.82319010486498,34.108060878969056,-0.006615085196229824
6.51421903121334,6.92248421060463,9.505568748512236,69.03685829364183,3665.565112076405,18.137973877533327,34.5462981365618,0.08376830445710932
-4.285848646782194,-6.343732229215481,7.6558106833379815,30.56344547265151,657.838425636299,27.59686243692882,33.998475077769825,0.02133065726353941
8.542475637288987,9.125837630267227,12.500192097231036,74.50214856594576,3579.124823410443,18.760172310043767,34.50506696263315,-0.10788859716530846
9.398530506903818,-2.4664711914107507,9.716782174529843,66.28162414624201,4545.162603328205,20.575108911138557,34.57059884782568,-0.027369215795587362
1.4252093987419467,-3.2151867765232733,3.516908847012174,46.60856477340548,898.4155443512099,23.251365383840326,34.2599286352746,0.06532400929159789
-7.139977546685472,-8.751373454444394,11.294503827363409,75.41619517556782,1187.7166246193883,19.877164815542,34.26358950732472,0.008700491997507082
-2.509035132408375,-0.2765269179023395,2.5242274921219123,62.542924706009764,4856.975470208198,20.94488257397854,34.456355797568996,-0.02764081956368821
5.954645266964281,-7.819727687181426,9.828832146142892,79.00961524236978,904.8847635474489,18.381697986643378,34.563958053815384,-0.02525448278611519
-2.6521854260585904,-5.02920358145148,5.685681682778414,79.03725805803846,4271.925466847895,19.317036347497684,34.50022478873436,-0.0010326909313706457
-8.259655633944226,-3.6611475646543727,9.034706009689593,37.3638898520307,2461.389282240174,26.454088782664073,34.292459992451086,0.0692048290052636
1.1356982185637587,6.176526469833682,6.280070833693281,58.805924571040876,1236.1553720158852,19.23723785682059,34.578334203070845,0.04357487795865946
6.902417029920695,7.509773007917929,10.20000252379341,40.29290325534809,4353.7495063625565,24.90693808804033,34.24310622417188,-0.0032102781655569262
5.918527742870047,-3.9506736507706064,7.115953410331997,66.8898354913274,2226.5262750133274,21.58065823608957,34.53340351197201,-0.057518879235896395
-6.497537197392935,7.173962424891478,9.679035411923012,86.99910498280387,2574.086769648451,17.82827772222261,34.42017669903568,0.03493860000621496
3.4552922882493338,7.144618747395821,7.936285141227925,51.58846993841021,1796.1668469988285,22.118812112273993,34.42782036055446,-0.05633806843598366
-5.589914731287058,5.29301900769747,7.698259343442956,48.66092314337462,2964.754257174637,25.03975773181237,34.324428106605616,0.1124173706048088
-5.635849308956555,-7.066097719696369,9.03839224738362,63.49366840150098,817.6193629251138,21.114629254316647,34.33424597824599,-0.032731377768643835
7.481435466103704,3.8064569380145805,8.394104541547817,43.078718072177395,1955.4076832588034,24.560043978119882,34.085797537568745,-0.011354982845794823
-5.006620945195397,8.900481291611374,10.211993953738581,48.694858348671254,4847.061611676438,26.515207378923787,34.0801372034883,-0.0003870425832662016
-4.735053069639776,3.650809575343141,5.979058297735709,57.78178998127059,1290.6671635056377,21.800138079166924,34.386812271980936,0.03533439919980668
-9.986932184774009,-3.367663017843321,10.539448214447688,49.477223563939155,3283.6833227064612,24.755415042893894,34.357427198914905,0.0051904380382253625
7.413380682510354,0.011586348616624775,7.413389736638155,58.75617750500899,1625.9503211234744,24.37650970224247,34.30272323809271,-0.0641717079657107
5.851896264182695,2.914500867021072,6.537507567156,51.58478291613996,3867.365628433003,25.712932280704578,34.175923661086316,-0.08690848784227168
2.5465787018135604,0.21140817457007088,2.5553388230928378,59.19717051378774,654.3683035917492,23.1739835055613,34.32590917379488,-0.11473388887258021
5.005315278776845,-7.600941165380604,9.100960808592376,51.61402289442351,4849.105225392724,22.87495112025476,34.41260093538445,-0.0371240896119345
-6.959028651510164,-3.758719106959587,7.909238212215032,54.86192587496272,2268.947706918196,23.247054538892403,34.36950602455841,0.05368908368407291
-0.8335281082484904,6.0479206110726516,6.1050890923128796,80.20625174630634,1180.2523167323197,18.185391150626312,34.57068106786512,0.08835218742287562
-2.975612253024382,7.2283609219103475,7.816870850778427,28.76991739314177,367.4837366500633,27.462038803043637,34.09385823783619,0.025235126928775678
-8.12446947485967,-7.253999345688595,10.891625716814598,38.465689154146276,848.7895254377037,27.062846331452818,34.28278433048131,-0.02146861132085088
-0.27739029570151885,9.047735047974491,9.051986239190565,51.32150360882145,2598.8697427800885,24.122258169881263,34.256778380230074,-0.07145440978349735
8.414793006852708,-3.4235476430278133,9.084570425301273,40.98907713914879,1685.0158821564314,26.5799502388758,34.322586580790386,-0.01825282437222323
-9.19881761898611,3.246274774614399,9.754821653913877,71.54456500400288,4144.416829413048,18.9590451444408,34.53795842061643,0.08260618750380916
-4.170781730124123,5.036502919133623,6.539249337254137,68.63978147502226,2154.43761830903,21.99206108664181,34.41405336401408,0.09849672100549875
-5.849181275885931,6.238924692757667,8.552023323171886,28.263748097055366,1243.5713629381496,27.78578662333967,34.33529721694341,0.07182063468770913
-5.237066926686074,8.914994044518604,10.339438515141492,41.23936579394528,3085.7249330201503,24.152440868175493,34.19548133236994,0.0357250602895142
8.168691037587507,-3.7416090394235475,8.984828961725341,56.854752393731836,3533.886084427229,23.648290967985915,34.27008287294492,0.07464390385997978
-0.638618915314197,7.1701290910310895,7.198512714515923,63.096474235375,835.2095395047493,20.29987985067388,34.35300823348048,0.03555233136261246
-0.6740117412036248,-7.36626193127586,7.39703363973994,65.0375171083039,838.0960814415884,20.951724619722807,34.5783096850691,0.018040784724267695
5.211512849105645,4.100818127071854,6.6314836565970925,17.651978223525397,183.35713466771486,29.04178808539871,34.1752217403026,-0.06468006917633186
-6.910155919901484,4.839554590279718,8.436322864236944,66.04708639878308,3682.0100753282027,23.72117687283575,34.558741237469754,-0.03684413812865143
-0.25469291799898386,3.554464824026409,3.563578070944978,30.915676806433112,3319.0226381090256,24.224321569299082,34.33833535407786,-0.03519088349268502
-1.400295717578805,-4.95370527729694,5.1478174084741095,83.15153008784402,2373.1543787490696,20.029308369487303,34.454865827415844,-0.0018687602030968893
1.9382138109331226,7.460862940304068,7.7085114380725,38.57608259723068,4220.852244845985,27.63700980157331,34.09643388777002,0.005140969414130696
9.991154065008772,-6.622830732592099,11.986869752496174,79.81567639301,4028.350764750266,18.727554968675406,34.41987784097424,0.06246087361991982
5.388977881640942,-8.927304169583383,10.42774387607771,68.3713671672302,2926.7718219837607,20.19045198948031,34.690045725221296,-0.010532878085854881
-2.042685939651456,4.349299812238243,4.805098823623232,70.47336915995226,4341.356402566294,20.14496768046597,34.537353795671486,0.07226409166211663
6.551061045480939,-0.4904856953453258,6.569397007256922,44.28797563104691,1029.2060501838412,25.99196737043205,34.16762794440456,-0.0958353570777434
-6.585832733750396,6.98196039917352,9.597966649898586,77.23351397584688,559.5980969886393,19.01365720881454,34.67288004935966,0.008196054894752582
-9.390726273820798,-2.3320571788348214,9.675961483758773,76.85087996252396,1348.7480575849481,20.299973479846578,34.44345212464906,-0.0083713145559169
-5.911032550714539,-6.634428229845744,8.885715714143739,29.260449981070582,285.43428044657423,28.908969976426413,34.12878766917021,0.0069204648901006055
-3.191768877714807,6.728843849397393,7.447464542938218,34.83377335883928,2655.84764000516,27.534166388729325,34.14094174117467,0.05249408683820202
0.21161514919119817,0.9781926328014343,1.0008205624557356,25.43017094433407,4683.028461474807,27.989767148783343,34.125733087614044,0.011081241768178476
2.3025828108239956,-6.216084152192902,6.628845283142901,43.840165994468855,196.71770334254825,24.973547781228984,34.24178972004371,0.044156517125151784
8.212114344288434,4.407679971728914,9.32021806273051,46.22910503994541,610.549570050134,25.64757632990142,34.06050975644498,-0.10284119224210554
0.19708019100915308,0.22227276979000976,0.2970619226328527,43.669998340648924,2260.9951414171765,25.055075953599502,34.214579784559454,-0.050654875262192645
0.02551289251458755,2.086259644806397,2.086415637698341,35.58300035920019,4669.375087639524,24.231142640652294,34.40773584951275,0.10573894728812636
-8.995139803540358,-0.7820332358683615,9.029070609273072,58.26898912975063,1580.7805248837526,22.571986344355782,34.34697321188562,0.047775636049144164
-9.301768946875523,6.574179676360128,11.390467240553582,55.72785810894034,2536.174043441962,23.573487636810896,34.42505328351237,0.12107703381000207
1.0231992383274413,6.591254313660997,6.670200155067954,68.96172385192767,207.86429525196047,19.332793222853105,34.38599972777417,-0.0008070124048287497
-1.2364277350331108,4.187776436487724,4.366488867037328,18.726971170245793,741.7160048104444,31.241319803135415,34.004069555029915,0.04077891137208893
6.783607899605972,-7.891972452070755,10.406755753828387,78.71351239793275,4933.150614794235,18.66434411352581,34.46847844247117,0.03128780768950486
-6.786408305763096,6.777077238081375,9.59083487416247,30.681098189462546,4825.5934821802275,28.986748693990698,34.134132742798954,0.02309186929202848
-9.500566757659008,3.4202596106581957,10.09747218471213,23.151951496076713,24.699904672048078,29.230219481271504,34.073312554578145,-0.032654775168343
-1.0192246413974821,3.94048332008599,4.070163100602693,68.55976336661864,4759.058927116195,20.238587269640718,34.53425238694362,0.004145298237678685
-5.25042886495485,-2.740343191922568,5.922540339707906,33.03191482104413,3195.599689077502,27.10393521599625,34.28767302755329,0.09642524221793812
-9.007712533223252,7.585591123140134,11.776250581940317,59.053867204742645,4339.59147260011,19.826261516022207,34.52868143779901,0.04948899267621088
4.491965736952579,4.507432004697149,6.363544567214414,59.707412030709875,2273.6992781692957,22.59349452861411,34.45572182496596,-0.026799190471510602
-7.76814000085505,-7.748190669416111,10.971711704310826,55.69324316801046,2577.9801428962514,23.735064250753275,34.21399153220983,-0.07143516623020385
2.1663900001554346,-1.8444393118767461,2.8452068480112,38.951792824831756,2444.2329012846008,26.685637354034633,34.14158306491282,-0.017516901477213936
-4.379004996662217,7.7276072392028325,8.882094257784743,70.43070596575163,3334.321287730522,20.187598809005017,34.42534374845107,0.04360866792232383
-6.5300789928995595,-9.05606596605242,11.164867327245814,73.53266220044029,698.2562737815646,20.665698762274115,34.46466543699158,0.03050973990162092
-2.404969541613651,9.22833239284099,9.536561080853396,46.69718721066919,149.86794936338976,24.70917661150077,34.20370954267592,0.09145961753945518
6.028915524459073,3.5832513663912557,7.013380978943638,68.06103126018202,1539.6497079559547,19.14682600120242,34.41469183488475,-0.048225527994628196
-2.1581284619085466,2.6275195528675326,3.4002025614367373,60.78281983821245,3523.4038136832337,22.09812929896446,34.19049821223503,0.014319833928810526
5.015392984221114,-4.5888148702401725,6.797895902373888,48.75111488491796,1009.2672606147418,24.108616858028117,34.18067636775502,0.005394092137065648
-7.490274064016987,-5.024164225216459,9.019225671643351,74.0096029720399,3367.1621666245865,21.408805861759046,34.521719408422136,-0.011227439689659766
5.455428393301583,8.841164389771908,10.388834714317673,75.7640411671502,4849.560230536352,19.582989465072824,34.36337703855502,-0.12766250421563216
-5.261333501867027,-4.034550915317546,6.630175812612966,81.93826865614636,469.5035789470919,18.98594354491611,34.58553571784857,0.07088825394020667
3.5478625977774563,5.510105934379988,6.5535178660623,36.84474554697348,3363.0105911256314,27.150075165065108,34.34090188752375,0.0028123259497770036
1.3156310968199278,-2.137564035858417,2.5099930657902085,40.873693543555234,2218.7510965228557,26.107784289219808,34.25753507904495,-0.06069184638820244
8.582894344233747,-7.21491858430592,11.21254322187623,57.403341774655004,4340.711271887527,22.488046618449758,34.539713631621055,-0.10711668069653092
-2.25354964049372,-9.785694046092821,10.041827221472488,69.26045602992446,885.7489472369296,19.89323636623599,34.5758110805539,0.05762161587725431
-8.676696223311192,0.8851467403050162,8.721728160375974,77.5047928390257,3463.1297611308228,18.18536540018205,34.69995225888609,0.006198572760122079
-9.616890288974941,9.515576370978653,13.5288865950642,46.68086900704075,4190.576448240551,24.873413910466223,34.23165734926395,0.058512285775173395
6.537171219455061,-2.617276123815911,7.041643406248886,31.472958361418197,4723.071097370116,27.847442366967467,34.084054470660696,0.08996816608065318
0.4947127532286437,-2.8561533201391036,2.8986811650039557,69.25732064258216,3416.240141448229,20.73914908449471,34.22588511934785,-0.12101613328534895
5.504881036698986,-3.1181676430111587,6.326664577653052,49.295530306292605,2485.8738200421367,22.980748599923118,34.45119084651715,-0.07251971549110114
-5.311487999769707,0.41087674609716807,5.327356236650689,25.468702320101407,3089.236201006069,27.73442404811549,34.22411749766495,0.022684746183478627
-3.098325089735326,-1.1867023315141285,3.3178126507240404,19.625285555593916,4344.524922393591,27.690458137637194,34.03561586436891,0.07958234317566777
-9.397922555773622,7.598292534540288,12.085321584664982,69.828994748233,2853.0487331941486,20.404487510259713,34.462230091473955,-0.045472604768060323
9.229846491482242,0.11041583446980496,9.230506915268993,66.66232950007296,151.9352984841843,21.105368946173513,34.39117680986352,0.026121480788805357
3.357358134016268,0.15515676377137666,3.360941424867325,16.799544329755946,4654.743477534889,28.085745379172263,34.04711522999872,-9.038608127911237e-05
8.664101755186124,-7.232568105588868,11.286128681979514,81.93379097007174,3447.633755157806,18.265996913128657,34.69886888080942,-0.03398920269154203
-4.690071851418553,9.654790818207719,10.73367410138843,28.448573648837638,3382.5669288862327,29.37432678811758,33.86333003221894,0.005580578490118492
2.229272224513217,-5.000542182623406,5.474949933212373,65.20580759633465,1078.375761988586,19.129243211311657,34.573379922246026,-0.01873709832562546
3.5699993658527553,-8.532718650807947,9.249442310000905,61.9282261550003,3294.427351163286,21.884649061646428,34.4297513233064,0.04548314193772696
-3.649005994848231,3.2629249795041755,4.8950918451353544,62.05113863781092,1969.3220282707923,21.158053982051214,34.47030794306414,-0.06447019816373134
6.962184700312601,1.9073274031374527,7.218719666535467,33.2057207483833,3256.1648852074604,27.467106275679193,34.2249517627067,-0.024728160536119603
8.943229258004955,-1.697086920145086,9.102826680529702,53.67275972150954,532.9651515399536,23.922154481349654,34.27643361124123,-0.07948722520054052
7.697102353920087,-1.556155322386438,7.852834140239674,29.035121117795143,3289.22652301518,28.74913163167371,34.08968383277602,-0.0611318714409317
4.781339518787451,5.701278420928624,7.440818720199075,74.13813161039198,4997.0686288533325,20.215911952233007,34.53321954141399,0.12650536189485484
-4.450706405500919,-6.085747198007018,7.539569382001679,24.996218635121746,241.06019430278013,28.046248667987026,34.24718692475038,0.10304930987865371
-4.367679157887365,6.405066378897793,7.752515497845236,48.891639797222844,4885.870921106586,23.98337679602167,34.299021492474516,0.0325819003524113
9.267206408920757,2.9749422779003627,9.733005506131235,58.03560340846787,2034.539803614353,20.95068006141905,34.46437730760109,0.01231359425243899
-9.79431008128616,-1.6206045244095115,9.92748049572097,53.468162528997325,4353.767251686296,23.090168360107025,34.204589821667426,-0.047191795174407206
4.32099946484289,-0.839427668322628,4.4017809106676475,76.97358942266432,3911.9274202913675,19.27406268148639,34.51800907300742,0.06947592575897227
4.124923251105244,-4.867055856278084,6.37990787830353,85.34475601641529,2835.081304933339,18.84079023656722,34.67528154640614,-0.14107176198334062
2.453790818995948,5.042286653939495,5.6076504958748234,69.84135720932113,3692.2460462566323,18.051794019796073,34.56762424936156,-0.04619902285175145
9.802176921737317,0.2574948461053559,9.805558423711037,59.72324978682674,4392.57780650674,19.09010869794737,34.61416125261822,-0.049252102761111666
-3.762411284725495,-3.5829091450031285,5.195476553385339,67.85642136753701,2020.701608255165,18.996623405521383,34.64602291647045,0.04463905531794494
-3.200562724135036,1.9210023152190043,3.7328074751049587,32.32668899791025,1635.1658078161934,30.488729386570316,34.13710193782444,0.03514999086719732
-8.42121194106889,9.91468904102646,13.008376890936526,85.35050729901322,3337.9669278179235,17.758945500595438,34.600873589113135,0.023133268315646854
-1.144037269125251,-1.2947544068689236,1.7277760987043604,72.19270930812527,4039.229709706293,19.81580870552517,34.46034520529795,0.0041845338918502445
-4.779029475303038,8.413828015572392,9.676343555364603,24.004333199998253,3811.4256738830786,28.459777403177853,33.80927018167599,-0.04327922287306986
-3.1322659564471156,-3.099663201508678,4.406699670354742,80.35191725747843,3989.0682442931725,19.653561205152354,34.54632455049563,-0.06828237214729788
6.691435805112555,-8.905345861500283,11.139142608247841,17.904010301895514,2177.916574064665,27.175646586798525,33.99511616342249,0.0045397621085714115
8.709690270549913,-5.915157872631422,10.528428052993728,37.909625423012606,4089.171080875108,26.881144410892972,34.19431498520185,0.009692727402303883
-6.285338559896287,-1.626097133446315,6.492277928425542,46.0171934739872,601.0452768530422,25.217376458371028,34.219507904084075,0.15833137892271937
-2.549821368930683,-5.60730142810862,6.159822912967914,30.756121765361613,2722.4454898042477,28.54607644435321,34.02251221633499,-0.02727369602146306
8.572611242307882,-9.99545923563489,13.16810042652251,49.105269804642994,28.793302490607854,28.319587314490985,33.97512980305016,-0.08625754577683561
-8.763830786215546,8.300030754950544,12.070428351245216,32.079797266665864,1622.9291495013515,27.266592946760976,34.007180391392716,0.03790303743827254
-8.15278943777243,6.877588224618581,10.666264360312184,65.59414313038118,1832.3076743569893,20.98964469000479,34.52905471666924,0.12100586431195424
-6.744180215875413,4.8458446297389415,8.304587705586297,74.41856279806508,1980.863458046277,19.375715359159855,34.717055106703526,0.11652364608437701
1.9042566825374951,-6.643708087079427,6.9112264222287845,37.439037724486774,3477.336033449311,25.752331952241942,34.25309163411476,-0.004818071175189927
-6.990554579880051,-7.592728475800278,10.320725703239592,70.57581243374176,1942.7905063517287,18.656373114340585,34.57327488824929,-0.01601260186367729
9.36152762901467,-8.647905010552337,12.744585541332494,64.78524187634444,2243.468113112653,20.047294067319,34.56356435636438,0.015784579734863052
-1.0657094548295927,4.480583775458424,4.605580051526024,22.700747676041487,1187.7206543716372,29.812617992839026,33.97212250303712,0.04409390792989789
0.03035920700332717,8.576159213757705,8.576212948683763,35.17768609635302,1866.2589581467005,27.457074699427206,34.18084052169039,-0.020334972935917097
-5.06682768389187,-1.3892835817392601,5.253841608646317,42.602158380353075,1136.3481363157573,23.421198514205777,34.193093569789426,0.0014207275466184693
-0.5807949513053305,-7.617186560079037,7.639296686640104,63.030614169771,365.9796188422182,22.083463821799658,34.46073705218058,-0.03457095655928601
3.23827265274023,0.24785641464213093,3.2477442288093594,24.357226731793126,3017.2429669068897,29.437867841638024,34.0587022188672,0.06413169564243518
5.023542739080856,-3.0233618508273974,5.863164549320653,37.551231031180585,3341.0639927750813,27.15066484986254,34.20582250776688,0.034564415822013056
5.07736165419826,-2.503501513000046,5.661017681752673,28.399259839540065,3097.4517300480725,27.448868793024705,34.02212747447919,-0.07648537486957457
1.557822253881767,2.4266124831141447,2.8836189619807024,71.44779698349672,2317.4702190028615,17.534226495306083,34.5774216716031,-0.06558695320416325
8.087195499877144,4.374362265244047,9.194442684623366,81.05286824327814,1898.9289008961491,19.03310316460163,34.7777450613225,0.010585733724227199
6.348156946122188,-7.787928022536783,10.047433478098428,74.00963825899784,4316.6682478591265,17.35468558053435,34.4826617238327,-0.0754474913733094
5.140962293972509,-9.288195383870473,10.616028767717232,40.488823236993134,2595.4089256810903,23.63024782502819,34.203818156058944,0.0012423584952770197
-8.887889566390788,9.886606053714296,13.294343165636217,22.812933817411125,2395.9093881486547,26.867826467753797,34.06647638702975,0.035573012679391364
-9.862440755607015,-5.345433021688963,11.21790496693661,36.127331428274594,128.21032903217844,26.079847479030057,34.307207481655986,0.14536396738537355
-5.751054456090541,-8.923389501830819,10.616096625328131,53.55911306622636,1706.2391381307818,22.571813487357204,34.320599395119395,-0.0373100557715788
3.2704718782690456,-6.2024934180816,7.011912072173626,39.78663633874221,1900.9780939292853,25.385926754137095,33.938374378050376,0.07581776635646434
-1.7760502223490846,-9.220843073030716,9.390330205576626,64.85791318217669,1994.1139044845024,23.0140260346476,34.54077862220253,0.02285614799394252
-1.951874814013765,-2.1637821076565666,2.9140638803904015,70.62406878427072,2900.8618461366614,20.647607318566237,34.56916323335103,-0.005572637088579729
7.6917377645922755,6.048035689026484,9.78476190486989,59.67241870761801,2668.012733634392,23.552146204021476,34.21274993845914,-0.13083752311088992
7.911256962636774,-3.175111004845588,8.52462999912374,78.23047940587074,3039.525463967223,18.090613703260225,34.47900301677235,-0.13436465946799492
8.183505281071714,-1.11633186243267,8.259295097792004,46.39948206460621,3824.4163077106414,24.555091299516192,34.427681653018766,-0.03635609223554267
-3.722438469699454,3.511735471348775,5.117502729010275,35.56214776193923,4064.9286935804676,25.984664597582633,34.28087787696874,0.03168428778429229
3.8211162547852346,0.17788140139760422,3.8252544001081956,29.294726880463255,3590.615381132472,27.85432700549048,34.19197235871915,-0.06552019301463727
-4.567336374512607,7.228913720426483,8.550892066639376,73.25422974947973,4777.618479774674,19.41562371649034,34.50166293662883,-0.052411256897771076
-6.187803338511005,7.320713500915129,9.585497186821819,61.013873451991095,91.16291338180815,21.715757561800658,34.44757540928174,0.11975271890936177
-6.307350853052616,-9.801786090176927,11.655800501942775,62.37967379587513,978.8899284177305,19.121699187462063,34.53264501535996,0.09513567046949237
-3.1578475827281194,5.560926129663983,6.394990287351614,76.16456724939825,37.8143748907106,19.13153309855798,34.68118360893018,0.03140160240031263
-1.400847604403566,-0.7853279951665222,1.605962039014459,41.93813665513375,3237.373570773015,27.597872911584307,34.060659719096826,0.028483001618158615
6.618983421101369,9.776810826073262,11.806649459420658,61.89747670502791,4490.152744749935,24.270663003142523,34.29208403144978,-0.07870359051878897
-7.602178130545758,-0.33535848249129785,7.609571449189965,83.30012294074919,1217.4114828814963,18.053135572212433,34.68575881386154,0.07022972265629139
4.698516947897884,9.737918907765952,10.812174904426458,68.1306266766077,4635.172723981534,20.85718722595157,34.415063585124614,0.06909559027505147
0.6290982837861065,5.091387224114731,5.1301060921331185,31.738973797063405,301.33695144780427,27.937729723801883,34.250803593967944,-0.0023532873735879222
-4.24109314648015,-5.027902307733873,6.577740698236477,35.2796757413054,4672.1801340275715,26.49955653743288,34.07577975134472,0.015638121443382134
-0.14360830934350766,0.7678995857391531,0.7812125960907591,73.30146826058063,1758.1134361981722,19.907623067198752,34.55841944134364,0.09294650646585648
-4.0011586044595475,9.842712789571657,10.62488895170383,59.47390649614979,507.1041422460826,21.562571413586802,34.318301409278455,-0.050999634337571514
1.92163910476612,7.150612155038473,7.404319755436707,63.67830031419225,2429.3587959316283,21.4276499926335,34.40673071379572,0.050213608992585056
-1.323121542895116,-8.052662124175578,8.16063832695734,29.776243010447647,1283.8828386025398,28.87158325815839,33.88971351454616,0.12408161677272347
-6.711889418422425,4.127439936199922,7.87941749065684,29.524428341075183,1424.3645098096142,28.530401994881277,34.053453255099306,0.03472049328312553
-7.668338508886066,-3.088408282583739,8.266902757792474,44.940205044058196,1536.4498246314329,24.43557213975176,34.128286127190336,0.09003512676187779
0.9339136414426026,-9.860354762393037,9.904483365119033,73.23758019617173,4015.129489163317,18.83967846351794,34.601741727338016,-0.06658843437553216
8.048260665722069,-1.9303806194600082,8.276525181463283,66.77271889525197,2695.8063833762726,22.578944503977546,34.509325785482034,-0.0877242793520647
-3.1208462688462895,-5.304911565500574,6.154816662708448,50.328847014941594,1556.5384957800181,21.80543990834874,34.20245493790766,0.047101433616959815
4.660002144452465,6.377385410409431,7.898522941614124,68.48521602864948,3051.6689165545918,18.03522870035926,34.73304978249341,0.031934567357067234
3.173227098795339,-3.25338782308469,4.544656482939588,76.84373620141072,3580.7533711159676,18.602560831514456,34.84570571713067,0.04683117431276859
8.63109828618962,6.550473879076343,10.83533874257408,20.5482425427445,1363.120003667669,27.364570977203282,34.07111868539679,0.0073204495162242506
6.419620345982818,-9.988041223304094,11.873183771212274,49.7377888334247,2067.7455076267574,23.92851043679249,34.25867347219415,-0.03952201420989216
1.3321051781092592,-3.843616999477617,4.067910501008942,72.632985991804,609.4304666847378,18.48153634243737,34.81615193495922,0.04979490787686937
3.1406099646821453,-5.176695713844762,6.054883109028572,59.69144483617431,905.7467476734016,22.266688848409327,34.28768001898265,-0.01049598587100881
7.967729331680697,-5.328652778627781,9.585366510368944,57.580565463170004,3405.589269824914,23.166233632301562,34.305192924595076,0.03210587075334056
-2.009624308261304,-8.636267604690746,8.867001071398692,27.56842758580038,907.1917384781348,29.36727447292133,34.07730926489108,0.0268681039609964
-3.4641058828444526,-6.257514591789965,7.152378515852043,66.00324197987474,2625.8169183353007,21.98449241667165,34.579523463863445,0.02942186567357931
-9.783778327296073,1.1109913977123966,9.846655282046756,77.59715899126368,3545.2313086121635,19.791924566296906,34.58083513022314,0.037877733234836
6.531021483829285,-4.17277854324511,7.750246602089927,27.046790545201755,534.3846154737192,27.65286209176936,34.07754617176221,-0.10106366846937904
6.019614008067297,-1.652104353417041,6.242211274916891,57.75842227668582,2836.561098144518,23.302386577739345,34.23051019635705,-0.08423967393043227
-7.910909637996973,-2.4626623930562292,8.285360424430962,40.225260696025515,1282.8139185068187,25.41804791319156,34.17185863926241,0.021089208117186717
1.537147622654004,7.51809849999789,7.673631986843087,37.52779194115356,4814.634376187899,28.341749981664183,34.04106115245496,-0.07743138294032016
-0.7203660366622522,8.10597998021031,8.137925943773809,31.66118767085836,2417.7282335996238,26.03630905665406,34.17498727033906,0.06488640990987804
-7.625818089817771,-0.14086056688279847,7.6271189343220875,58.604295105964205,4029.9627488757906,19.8957293539351,34.4073112713744,0.05062865028318207
9.61136454121447,-3.396880993687912,10.19397512403248,44.678231761261095,2751.132710781309,26.414538453799075,34.056484055382384,-0.031243293893785346
-5.706082250732891,-7.863985919952727,9.716051111503257,24.31897173894278,217.06266427409582,28.875705735759766,34.14988381992204,-0.0019428422099053433
-8.655316398188777,9.0680575876419,12.535715789915843,48.167949236489164,3165.756877970112,22.704307800371755,34.27701481773986,0.10130290457424834
1.8969475900381916,-8.79546110199405,8.997696713939746,18.071304727065737,4757.016711033285,28.361192563576346,33.89738252083686,0.09860891582698017
4.777333542660653,-4.046994448634392,6.261076572372212,67.88895396029866,3008.059100731656,21.16131612078662,34.40579188693349,-0.016306538808476264
-9.35113107905626,-4.038675976599917,10.185998041510572,20.281761188601628,4095.944297133951,28.688063850295155,34.06912536312615,0.05323192743384973
3.174352774540443,-3.5919742771957015,4.793620212873376,35.52592135052617,4421.032316742039,28.73196206527929,33.898478893284555,0.00043116566423708966
0.6458375190290884,-6.714263134551814,6.745252815201755,60.695328645762054,1140.3988597446623,21.721358531639307,34.485149089902585,0.03666505243282581
-7.934699822499032,5.663228618473944,9.74841626410508,34.77401568255427,1060.2241995411332,28.105107128030163,34.0111048036761,0.08042874065915072
-6.549522461072758,-7.550042760680215,9.994968241880326,62.27508020717819,3054.9049442549585,21.063667707172833,34.61028460677831,0.02214078420871672
1.3594859463216107,2.6981331830632556,3.0212786551049904,79.56201599781105,2055.1423490335237,18.532227690416356,34.61785683963166,0.009860267633430217
-4.0728477297342325,-7.523079465883651,8.554812287806293,47.895900670263316,4199.306514333602,24.284831838965292,34.26617470779741,0.11742832817695607
8.766314573026321,-8.589287248140868,12.272902127220318,33.62318163205428,4500.115616990056,28.130626897859706,34.06985468459243,-0.08679824146154756
6.374804589681016,8.188590073717531,10.377434218148695,44.69416804888544,1767.1068965135905,25.203136925205193,34.23439895096271,-0.007694147007488257
9.671344130273262,-6.1974246736258864,11.486643107167472,49.43336334002335,1184.3527948724102,22.73583519284553,34.40572208034764,-0.09643825642029441
-4.806583220991721,6.425003091194085,8.023958311343144,67.33954465668826,3902.627576219309,20.47862261321404,34.43380481643736,0.08554546372523633
9.39447265595954,0.8926174221427168,9.436783474568239,75.68857228749624,1374.0301777406805,17.192907764499385,34.560830520484856,-0.07874353718677103
-1.3753226041688436,-8.442869607824608,8.55415451580495,36.78649336650827,4113.071592568392,26.947117148993147,34.18513195851387,-0.07271851423443881
-3.0496240937249075,9.10896382876135,9.605905951377522,25.818375549513405,2118.691268243814,28.30435833440045,34.04751533110186,0.039451539160259855
-8.993009460612935,-5.0607766601621496,10.319189869496332,20.119046294055572,3337.7494964573525,27.875747902478906,34.094986553196016,0.12506658119954223
-8.944694842807948,7.19290690705213,11.478043195792274,26.54787054415167,477.6765691733409,28.39647057148785,33.86645084968103,0.07794256418274412
3.8402251189330947,-6.623799884308717,7.656504024125689,80.56212044731438,3119.296623382865,21.425739128863437,34.58236305647773,-0.0009595078429602624
-0.8414201113194419,7.0788576428370575,7.128689453979984,42.13236539669408,2258.8383936861455,25.97083641289135,34.21197321760422,0.028099266261836862
-5.469567479277886,-9.73542374189412,11.166675595028718,21.58243680050532,2933.0423158773706,30.428467649930305,33.939441802588426,0.07182308321589051
2.2794061265046537,0.23560913138961403,2.2915505563572274,52.72390738289584,840.0710387243171,23.16133337822093,34.530257113424895,-0.044375903687792054
-4.942837634997776,5.388851588431136,7.312411731302278,32.52719558550781,3684.3687247209104,27.030346163967014,34.13285030925372,0.00919978935933973
1.5526350868884524,8.695910349855666,8.833432658132624,37.38599960322087,4313.985387716143,27.543943440385245,34.04288968307593,-0.03675690487599244
-2.815825060346193,8.184042724129739,8.65490762982798,57.5795809730652,1083.6990004538782,21.63097988502531,34.52051019264314,-0.029795012350707965
6.47104453223638,6.392497390952897,9.096067294799767,79.5140833122614,478.57277760080865,19.49708323963013,34.5792295700401,-0.014196607484080224
6.413923215335586,7.763826993226083,10.070522359488942,65.92808886572166,118.19293023168198,21.59478627994187,34.462969821433575,-0.010576099870661347
-0.45299203755197404,-6.01560628325847,6.032637958742781,74.781443647919,3209.85750221633,19.731582530750668,34.46932958972863,0.016414677633674282
-2.983617813299688,-4.316314085765425,5.247146133167651,23.138423524504056,3035.4701804439037,31.721488628205268,34.05451002068236,0.06087151333056383
-2.7488040688181092,-4.22062950157883,5.036828089020763,49.10875669259495,2733.48706357035,25.14527063533194,34.263930905019144,0.019333481203713577
6.1142905133643595,-2.4589213799660232,6.590208102531468,28.26801543124274,1159.735480579877,29.59751966570668,34.10463123767867,-0.04407031870841613
-3.4364103440477596,-2.1335865922962256,4.044886623813412,80.56297970296413,1954.5299795275735,18.568657519711262,34.38554464494151,-0.022154598816869625
-5.81881252586308,0.8911064930935098,5.886650150397464,19.11562516615053,2972.381675930865,30.628560016306206,33.965470940910635,0.01812121578800345
-8.306233162493864,-6.802404732671173,10.73621066749251,37.681797901014505,2483.834294295847,26.30443446801336,34.37771357743581,0.03641971570650216
-0.6661375823118316,3.8249332757197863,3.882506129071369,36.51738399431703,4938.927601074436,26.81934329861781,34.08337427964004,0.019441770011590823
-0.35735802160316155,-6.64866921390987,6.658266070952483,58.92762650409277,682.1987627836656,23.5206433904639,34.25144142771685,0.052752319335326286
6.818174208058142,-3.7938303579090498,7.802605226206282,64.70086524869083,3475.722770237969,19.75598600447778,34.4641678724246,-0.0360670780766309
-5.5752260710787205,0.06690261212308002,5.5756274716972225,57.1968070419599,2021.5938405214606,18.55677273715314,34.323863720118354,0.013811968756146577
-2.3801745266320022,5.928811230469545,6.388742707588848,65.4583035312499,2140.998074628074,21.241580806424654,34.22551691562785,0.17415040442655155
6.168114777873818,4.789384664774545,7.809215413868602,62.02611528780477,3587.988828290881,21.254883780206775,34.394658127932885,0.027390556613500518
6.472472214979469,2.9106871282104443,7.096830005855515,64.20744760392283,3462.180756621848,22.605988142212148,34.44699333522887,-0.01821731416240798
-2.307778480424636,-6.884534788396596,7.261037168845372,38.12473536592825,4956.279968510941,26.634481381372254,34.16379918691,-0.009183193539112634
-0.8175195342663812,0.9409069123115543,1.2464525689101786,57.0583785989286,641.9714472706262,21.413951289951505,34.367256042526236,0.03228665773005757
-3.934282183014341,-8.25106996400229,9.14104653999994,45.96924319414682,520.5482469208317,26.25611067647022,34.189503347096405,-0.008201215421413239
8.651097568386241,-2.4527364640669846,8.992074582647886,59.61008929633884,3621.694085643706,19.64018129420571,34.57843023904229,-0.017305264058593707
-7.627124685168393,-1.7296693942008172,7.820791978843324,18.982118044554085,2891.9345850320456,29.753805298878913,34.01220141309163,-0.0675968568387551
8.6749884600294,-9.203771211084923,12.647720319790396,39.59065482177802,1370.8033327990292,26.21137216696694,34.143661028516505,-0.12259365733306539
3.6773290367068654,-4.520238010600563,5.827117685158382,51.105671400033586,397.096844944933,22.90194861372573,34.36510360606924,-0.01744035883906208
0.6314430537346247,9.112989345329787,9.13483963396205,56.04604572079915,428.2912479821527,21.982231018052445,34.42718785340528,-0.008538652930192632
-9.346818784310083,9.07265215659379,13.025975531271266,83.40311687666264,4470.954373320591,19.008053267378006,34.692160348334546,0.006381939543412832
-0.48807616355983363,-2.9534589149492145,2.9935159768620374,59.83222487282006,959.3366235937145,20.96242407739064,34.334463550396485,0.09532234170483735
-1.8450378999453534,-9.137997821033519,9.32240146257648,47.72266384475838,1616.857810577604,25.247363962306782,34.27558497186454,-0.0494817663094604
-6.775623760497549,-6.418101213436369,9.33279703678015,52.45791806092748,1133.2820111349401,22.66334856699402,34.4214231630615,-0.0004341955837804737
3.1281920700131387,-2.155644131329197,3.798998190026825,66.27388890895594,1774.9815291596865,20.52550482699139,34.394299158818654,0.05544276850032762
9.423018147365717,8.955593959384597,12.999843621019043,63.64771356630821,347.1192137304668,20.896556131499974,34.45727867140057,-0.08292518463399408
1.2437762212905028,-7.176018729256302,7.283009274419806,23.117972352291737,2595.298954541352,29.39050874541645,33.90049809262652,0.04059676528284291
4.295065528878917,5.270316873364244,6.798810766820312,61.64817276632374,338.06281796107453,24.235480528385896,34.17549450753911,0.0748858248937849
-8.630990948679663,-7.826349212506159,11.650997671971531,39.07607197785657,4001.7825391118076,26.5144012595202,34.19955080753153,-0.019935425667863247
-1.6466600836601053,9.625151547825539,9.76499010494777,14.852782717897668,1168.560409552165,30.028901646451505,33.96571325089275,-0.03195468835113622
-7.6728302967100825,-2.3676700178173,8.029831011633004,44.07990332768386,2700.0595730225527,24.561623073550106,34.24870183511736,0.021407265602419838
2.255916710730208,5.504690777981121,5.949015108985874,77.77365196155206,4400.395437807291,18.248882586907705,34.551035934489846,-0.10257847048234425
8.769643164283092,-3.1481783437773636,9.317599911623484,61.62999306169145,3254.3868452359707,22.892401060657622,34.261652473824476,-0.05830139015829623
3.235554649432771,2.5533775431761736,4.121716968383736,43.2507501717508,2664.7889327566763,27.81353748957974,34.14895503719266,0.051270259500166664
-8.463939033711569,-6.159678305199265,10.468041879450464,65.11344520699603,1621.668765576878,19.75719210737167,34.378579031159866,0.07814259374656973
-2.9066759002983433,-7.07957961406075,7.653052482584954,60.77514733676158,1665.0095652909897,20.845379797987647,34.58739158472827,0.024259338772509048
1.0132675888170297,8.761282791362625,8.819681817207123,64.2167987692445,3347.4347759909506,19.573554191632983,34.36944984615218,-0.006865725515310318
-1.9358448773349561,8.35294555808867,8.574333495117695,71.50054552188145,4970.696806105838,19.038065699841273,34.507127921077306,-0.01761332675348495
6.672880209503447,7.7493788042576455,10.22644621274959,49.10647409456723,3309.195949246893,24.881040720099946,34.16351966341863,0.023075234326473952
6.293420094199785,2.5086690033318693,6.774994955743934,61.68082615811287,2788.9170868501246,21.453363168823614,34.424483653087755,-0.07870860425822168
2.2366204020644282,6.165364224325565,6.558520171618322,49.411407727826386,3653.2525511962303,25.06651909212558,34.26476849133224,0.022528254522777496
-2.5308410973458955,-8.619261261772502,8.983140951733256,56.2582400609605,2326.028061418591,21.89616662604949,34.32670810481022,0.04797203883416069
-4.893272524735117,-3.304219162186417,5.904403464625998,55.63687116083846,300.7117130039261,23.60190654843156,34.434100966501106,0.11626857816880741
-7.882513635737414,-3.7259375048568755,8.718751717286446,31.367633156884047,2811.484079389549,25.875331589078066,34.1583765358181,0.0696552276285437
-2.9020463302689192,2.712906439052265,3.9726230943897187,32.3049353855513,4788.126422526901,30.163623749021486,34.070236862364375,-0.06657689783404964
-1.736549655845609,-2.88084453058719,3.3637583023504574,26.152267448045222,876.5147117882982,27.699441169524494,34.043773132184604,-0.03958650725779063
3.5164585020814716,-7.029864367126384,7.860310007693991,36.65406614610593,3450.0244541033285,27.161289007279255,34.01682193812353,0.02995013995370689
3.1631964859514703,1.9293415082708734,3.705154607337278,34.61386516017045,1004.6684432952824,28.305290369755713,34.05567913684423,-0.05793907906948925
-8.59783720717486,6.287678413381631,10.651652663844505,49.73051179885077,2679.1384223654063,24.260336036468306,34.265080490211034,0.005330434465635782
-2.094813691376844,-2.3575301108005364,3.1537584918492207,74.64782047812078,483.3822482335981,17.93395192158684,34.61862362377668,0.1200557161967977
-6.364422655652762,-7.354625698030366,9.726067802453096,47.920339564665376,2251.854681290926,23.85627606017955,34.289084821520916,0.021983152025132624
-6.863745893663886,-6.066236053743539,9.160252592179205,44.69999189733425,3780.8166444762305,25.703140419535004,34.27652703698493,0.008978233932532637
6.546042994744919,-5.25033389661232,8.391465004095847,74.28906289584657,1737.8576211949103,21.152397437163813,34.311909952230515,0.02195486967573916
-9.161695665674848,-4.002048140109276,9.997652563787032,10.341983497232398,3324.55862243609,29.731887743256358,34.20285662450022,0.01539937606447073
-1.6163424819575738,2.855901410126183,3.2815752137260987,31.520786738319504,3977.249803948646,28.44943109289415,34.02211198381518,0.09180922906968311
-6.635926884669637,2.0189096907543806,6.936246964901352,60.01957287697614,4635.889097397263,21.08859844189398,34.541152283426186,-0.020759756914696097
7.586604313569481,3.921597231340783,8.540227740261425,24.977254335013374,1173.2104092772677,28.75340179392133,33.97949599278989,-0.04053572484184649
1.1408102655007024,-2.7499603093697367,2.9772016668308985,21.76784987310947,1996.5795790465406,27.360933126495105,34.069941709967765,0.07134281001359213
-5.3723872724630395,6.479953037599564,8.417382988483931,53.846305912686034,762.0800666520871,24.445395948286727,34.178750919285854,-0.007436611626187306
0.04854574332752826,-5.918246776884795,5.918445877196351,39.70019052665555,4962.417510791876,24.44245127568939,34.322114906686714,-0.018666028294278485
4.6297271940623155,-0.619185049636922,4.6709489418247765,37.036763757855,4635.004839621477,28.016780912897403,34.11166159583587,0.04265484552148871
9.162360178388674,6.018774430828607,10.96241258518027,87.71300438310709,2699.785651402798,17.60549233159119,34.57883361306028,0.024094690218193146
-5.591079915091621,-6.3968270453476155,8.495856099595358,34.534630107054554,4210.166471882107,23.18853692343948,34.2833024043132,0.01007001886726804
7.723635442586904,-7.8027377251843415,10.978946236228662,55.57476999846662,2604.789886360211,23.29801925459322,34.22300836048212,-0.06971418020221992
8.686082283349805,7.673679353759795,11.590227791438902,37.390406849667194,3117.9284400137985,26.09318739361553,34.13855400432522,0.016665521393106113
8.328410890641326,-3.1414067448160825,8.901172074492719,67.75798021265503,445.62216058008306,19.52175386157687,34.502017869925574,-0.05218508134417363
2.7082871372381963,3.6774024981806406,4.567067806739361,66.95901257586615,3776.3521024840397,19.844545625549237,34.67845488434255,-0.07780905910837134
2.5964130886941543,-9.49302791472123,9.841693955657167,28.02365988126429,638.5674181761741,29.957955309678752,34.098502710798705,-0.08450890653441911
-1.9357873363235445,3.8009377681889926,4.265489482945202,43.931639721694125,4130.338151262642,25.457055849209205,34.27403639476578,0.012342236430370166
5.0479576460757585,-3.677973769060589,6.245747949002783,63.72228918181431,3910.1404383519293,23.644657454524854,34.336308339342956,0.025964563153366503
0.6258803670186381,-8.885182928251165,8.90719944215382,19.23241716987663,3543.723488714882,29.44208491240267,34.19609392076076,0.0010609198543821037
3.548761424565889,2.1962552309623398,4.173397259789242,73.16835514025007,180.80190262381058,18.413844595015643,34.320973487598565,-0.01451383185824652
-1.43084192302409,-5.1839236785365355,5.377766572990598,17.98642022886992,1515.641779726643,28.973236398918125,34.05398995464919,-0.05007494155838776
4.629929280862781,-2.2638551589624,5.153764190041219,25.638752278415446,1315.5628495542144,27.70332951927002,33.941654938268854,-0.14690060097511803
6.489430352090981,-8.388383754269729,10.605549882186024,51.81476829152148,1800.6820373575954,23.789550028641386,34.04387021196752,-0.0447305446549834
-7.071274867943678,-7.056734978101094,9.990016857301459,35.621434595118295,438.2137338191927,28.26811644110719,34.111754749836166,0.11114453089731063
6.65859431148456,-4.040455290083125,7.788591474464125,66.46843040846066,4684.789115155314,21.27334188441004,34.46085341626007,-0.0230670369089599
0.8059306358061455,-8.204809988796857,8.244296885847305,44.38160115153729,2769.0112035618813,24.690528178166343,34.23098521926731,-0.06578037574991996
6.893318181804485,8.216525293726306,10.725163097036821,36.426581459280555,1527.6215532901176,25.702770179209352,34.15368183531766,-0.16863908339763056
-1.3739658731797082,-9.879059136320432,9.974146160929198,31.258030289943562,1984.907585371417,26.886934041291124,34.48493063300504,-0.036773796088205496
-2.4191902923393,-0.3227956227137714,2.4406307964524006,31.515973192046264,2236.012702524178,26.741823283688174,34.059116451799554,0.08243882657371143
8.301214650344448,-7.535050837348971,11.211028311110748,41.68005820387549,3002.9716668030865,24.90603545572095,34.223696365047594,0.03503925879622259
-4.9766146490319745,-3.84641821044103,6.289803368514155,76.12137819099216,2578.397138482489,18.91497842472974,34.51888181659019,0.06468283176015259
6.884246505722864,8.521191196365308,10.954613154126944,30.342767584028955,4596.959866072087,27.867020553142993,34.15645304073232,-0.04544773513901182
-0.3195885498119182,-6.766108934520263,6.7736524087796095,52.86217613994091,2484.8174145291514,23.647526709604637,34.29150448241124,-0.036504917073544516
0.2819088510251948,9.316646394366654,9.320910504771062,65.60250460534857,4960.790074116563,19.326420539085632,34.43680918458254,0.0210877343061885
-3.830634370210319,-5.884112460211566,7.021149416060992,61.32624022475105,4257.1247887254785,21.102290587884706,34.598458886198834,0.04151561505318832
1.4608440123803135,4.831322169336591,5.047349713704277,60.9836815396916,1042.552571786679,23.692788083078995,34.422569222257025,0.01651116838723154
-3.495776074475774,0.9335452979462353,3.618280971151187,59.48310670512333,4652.976073219581,20.579637783370046,34.42085701682846,-0.09353761142698701
-9.214611715166953,7.689574551935184,12.001609302550273,55.8202563537372,581.8319894273804,21.886385650812752,34.145698377544036,0.03082606383140854
-4.5600278931128795,1.0798651100626184,4.686145862208947,42.55087072856256,4087.2485424559577,25.364148319193674,34.22178487524213,0.009298512380618013
-9.872419131868186,0.6911843831261741,9.896585035594576,62.916128422129106,1903.1164673829005,23.30281057850549,34.662254442086805,0.05576044096895606
9.567095741137134,-6.090839992632002,11.341413171908062,66.7057300890805,4389.8716022253475,20.142082006838955,34.45305234288774,0.012900423266628748
9.31494419639495,-6.675412758966825,11.459900561720815,67.12508532899581,4340.283450537252,20.53080057933229,34.61404126241139,-0.010722309316599779
-2.0968940505538995,8.329783022310284,8.58965947276241,29.547886909795622,4029.6270005881056,27.880478593843915,34.17360790767957,0.023122549623327646
4.56741708679292,-3.4432360229993186,5.719892757282088,37.8503957838088,3950.1521815353067,28.377084840642766,34.12942019919801,-0.00788606834438748
-3.0838780317915004,-2.5583549007420814,4.006929437002509,74.88331620033924,1523.395695490204,17.779754462411464,34.49467217710351,0.058483943351338476
3.4218631417195216,5.196473168567767,6.221935450669938,57.22263198303064,404.5964152562609,20.93481014539963,34.22202208422005,-0.0027466011785999035
6.10860086091958,-3.223530351543853,6.906964051256664,37.294896563695616,2014.9008938258073,27.35033244250603,34.190989602006006,-0.04257086490262553
8.935124893844815,9.041248932780054,12.711437335451164,72.91330286424424,867.6225749325433,19.789040809218214,34.48188891964809,-0.10529301674292188
-1.9957544830065608,4.758555379976006,5.160124539266409,67.81398310309147,3474.7554445123087,20.528280459872537,34.456223596261545,0.0013494612051230975
5.665959659120954,1.9485848514684,5.99166769623935,48.19812942535441,1730.4986326889277,22.892355335266746,34.2555044511802,0.020197011562781853
-4.681430987357624,7.617903210895051,8.9413782729486,53.514647446103766,4878.051004299575,23.96606187844133,34.263992853499055,0.03162740323494979
9.806646075872965,-9.007881833010345,13.315864311974362,53.4376298667882,3204.86038672666,21.97465771495385,34.398306800622024,-0.03771369600907856
-9.484608024712976,-4.858746156215825,10.65669759320362,43.89100698626435,4112.402818171805,25.805479607286287,34.22923122201375,0.08376386749783915
2.0705761300224186,-0.6992733155818005,2.1854676113141966,71.59648403449246,662.6233637092421,19.01843777734265,34.40376896821786,0.014133517202112237
3.1901196330265424,-5.460429210569579,6.324013791624977,22.041850064688347,4310.072411363113,28.626411394940348,34.18780656649285,-0.04110589385908822
3.760911141482577,4.878103746043038,6.15957374915561,26.55834117175408,4613.785952566972,28.231176875024946,34.02624574889068,0.0457372445772623
-7.592248424218219,8.384160621074503,11.310896757331863,49.8341010455494,2435.3095940946796,24.912490446572207,34.09657814156233,-0.037368861190149774
8.770595669462608,-1.524597601381533,8.902120322896932,52.8686242486086,3031.264688754887,23.599773719947805,34.312489177833974,-0.08723571494445745
-6.3763344189983435,-3.157347997762101,7.11522923045177,60.47681507545962,3824.0490045149772,23.12744560507035,34.378985032633615,0.04845021133908199
2.455068064796821,9.231014642751326,9.551910308282558,51.04069455406819,874.1931363020627,26.507108566539745,34.22764385963208,-0.0026140954965191664
-5.546478417538301,-1.1029513434491829,5.655079531026468,21.126419307474727,2512.8303823172123,27.36997586933176,34.22568951402881,-0.05148615863376953
-3.8556716595745826,-0.21903199101433657,3.861888004530209,28.99930831697772,1993.3151388615656,30.512368912045698,33.985487570747765,0.010263174960109294
0.9291708345624876,-2.967002553161892,3.109093531927069,51.43261179780644,731.8699608112455,22.868764436274045,34.297146358665024,-0.012910313023728609
-1.6561316287084704,8.19096946024277,8.356719013478813,61.725660789679935,1837.6721114576571,21.226368504251074,34.35187737218965,-0.04395815203391722
-6.795487980469874,1.3791096656370154,6.934017620583608,26.62283696430096,340.8615469274678,27.840910009163114,34.21479940121875,0.10676232929134202
-6.581271951583034,5.243491743632893,8.414710105894311,44.41873165728414,129.05953474743492,23.398079764436137,34.2720742425195,0.10876901033147998
-1.6371042367440065,6.236134367017726,6.4474399667980435,34.35683713033577,675.8314457741138,28.124666083080832,34.05548309297772,0.008070311477568917
5.145659565510014,-3.1630191616548364,6.040074716518031,60.83872856520805,4815.575557945869,21.329908275892603,34.224297272324414,-0.03353435755764559
7.9592929369557694,-1.3261133735923991,8.06900989811604,29.818962428658644,2747.6476794750847,28.94035023816732,34.167073097279726,-0.10916929989441382
-8.317446754812343,6.969435488125292,10.851403206142448,16.65485345593251,4829.1108057660995,30.298535483321142,33.9163393226163,0.08807309984087024
-2.1379218488119793,-2.7348929664837947,3.471361313627575,73.7207308420785,2162.48939165066,18.72082157122831,34.47868395487612,0.055099954184904446
-7.995088725542468,5.878702669037025,9.923738650339363,33.34551939466394,1559.0806654262979,25.433401133359652,34.23190931727489,0.019817912492973357
-9.668150387348042,8.819846451488743,13.086742273775268,65.68839818044793,2530.7093142012204,21.286508198539458,34.31904659481156,0.06788936521436931
3.234373652879132,2.4642074613601395,4.066139611358873,76.82944049375438,2197.5584431645507,20.06947108838516,34.37459905760736,-0.03297664620695616
2.0489888393317557,4.832545749037777,5.248985966855806,76.69141891838817,528.3234213087196,18.127635553833215,34.375557520597866,-0.024450146064093892
-6.739617723702276,6.1019462408226985,9.091545247510574,28.29646931989757,3204.1315734510313,26.669588715928754,34.28527508132089,0.0348924092438799
-5.323743338138717,6.900792977932852,8.715686252651809,58.17967423653865,1080.190912547998,22.98779382906004,34.31733071055292,0.010769405203346884
-9.525844927109633,-2.0989332428640806,9.754344792621401,51.62681418701588,3097.939774489148,22.36880665854519,34.58715822353082,0.01743517333970804
6.698944113888075,-8.974730816480037,11.199180571330748,43.80180044168001,3251.005461990767,25.22036109582009,34.11836776010563,-0.04096858121736217
9.49381192097103,-1.96247457526521,9.6945227447943,57.406254145873156,760.1242656432405,23.305057683166165,34.220128329524734,-0.08496284484392064
-7.2908092641061835,3.4751245956817947,8.076657147674965,26.121380474696068,306.7481355533408,28.08815898815528,34.05822719170087,0.14743332149695
-5.370495724694038,-0.9929922843841439,5.461525245369042,26.811937901233243,3903.807930342199,27.21797488010451,34.05842203925366,0.11629950705278315
7.368190478938679,4.9792630172079715,8.892878675010563,36.541627864717654,2299.0021188466008,29.923389706508623,34.05877056914475,-0.06602076692830187
8.529275959123698,-2.8603514106267225,8.996119084314065,29.24287009480798,290.81897752737893,26.797659272947257,34.24259130154866,-0.18456821289526906
-1.6074523438637929,2.69488282208059,3.137880887245124,73.14175643933397,4974.331585848836,19.810401981186335,34.417576134098525,-0.1067508276080482
-8.987550554618517,-6.271603902920509,10.959428839449224,57.15342977948914,288.9028049818332,23.01038838622982,34.25858411749891,0.06376899536942808
-9.212163326143612,4.987388732899138,10.475590652588263,75.39561591447328,3475.176144292766,20.714277386253798,34.3782108188589,0.011496706975881892
1.4789973213802092,0.913919376260516,1.738586121811124,66.82271559942632,4918.394626317068,21.679730679323796,34.228485915023626,0.005731834483117719
-2.142097822136419,-5.918712229067989,6.294421143371371,45.26795420386956,1195.900521079628,25.218231072289832,34.225234068296864,-0.0018811203745546165
-9.42695144844691,-4.161776530043855,10.304746357742104,69.22231442271648,711.2468434359808,19.5843810558666,34.495910516945926,0.03507201547692289
1.6650478462511344,4.972174171636647,5.243557983220565,58.42279414756091,606.9246971121445,22.236372985282284,34.31937661785289,-0.07888974439246653
-9.77394926821955,-0.3479752867695858,9.780141670647305,66.58421822167269,1516.3757378379778,19.215274061598738,34.644545058878585,0.0358892550125386
5.74743916298546,-5.6793711921385555,8.080118444076938,43.50535227038117,505.2290550532335,23.55221482366695,34.41214780010889,-0.0774526670727094
-3.871343545932568,9.345423807405954,10.115544819270179,32.333639996371936,3460.8067084706595,27.663034003922515,34.05588743707144,-0.005571629144815512
-9.194839939815358,4.302500396337759,10.151679229531943,55.27548303519937,311.45899065031347,20.715664586327083,34.23080242079073,0.04293599009602783
1.7670444196630655,9.142696650795923,9.311892827429737,66.55887730939132,2547.1106407489488,21.293839878482927,34.37560263724295,0.013160640418989594
-2.046311711338906,-1.4578990927931361,2.512540822500166,57.74503388745658,4983.484269264884,21.565850453581525,34.29433863484016,0.06725915102384598
9.47600826714299,-0.49799318616559063,9.489084776332735,47.17568795031768,4069.8513475300942,22.991788900460836,34.2923337197149,0.006397081217288109
0.8839732500740443,7.959104323700384,8.00804285343133,56.97346359443718,3076.0971911550546,21.898678142343034,34.33384097817133,-0.04342002614423578
-4.495216379259834,0.5009868049076935,4.523047432324529,66.2586512635177,1531.2681039330585,22.059927389053183,34.33753475291033,-0.0025884423072482197
4.188777292679495,4.145578238113343,5.893358476792862,52.84313877206744,3119.479181458192,22.032501458430836,34.338835502687886,-0.10321978748468107
-4.570159949145774,-4.956542450089401,6.741934071193099,37.501645171997076,2635.207319558258,28.4967549994356,34.13468255495388,0.07787743121515946
8.084865828151301,-1.0654706259471887,8.154770573962514,25.0781554385538,2130.416919451857,30.534522525685386,34.04851076058551,-0.007938716137804374
-2.5055605898524718,-7.531002683792898,7.93686558363676,40.85729445159268,653.5518837009973,25.616297618896283,34.20544029064228,-0.0789885814675084
0.9973712555241043,-5.8803992824607665,5.964381371316796,64.00637046735052,4433.0210762023335,21.13348149042692,34.36157614025748,-0.01832446335195828
-8.988537923515423,-9.981131694647377,13.431932247758303,29.919036135825547,2248.9232441066124,26.93227766379339,34.25617240369354,0.06418207208131296
-1.4775752409553853,-9.214698967026795,9.332411566449963,65.10378204508179,973.1125591038253,21.590029671316216,34.28191309718183,-0.018131336148627185
6.647270793219899,9.545676463538587,11.632117096425262,35.998309290561686,1838.7967543864481,27.467180148786095,33.911258048334204,-0.023933659266073746
6.112976107266839,-5.1529260972647535,7.995068745913783,39.66095872292007,2070.648762644635,27.392439658805184,34.18574449182661,-0.09177088295216185
-5.5136288229294745,3.2662141900800385,6.408452069924442,24.905016432472348,4137.689477834371,28.559210668014895,33.96304344375504,0.045267326747503445
-5.478418579788746,6.781993975992229,8.718286094512466,39.79332649209832,3668.0719028070102,26.007329799159574,34.27047569807876,-0.027773674407805694
6.346106244264735,1.0132091847312843,6.426480943371706,45.56090358836732,3846.524468206699,24.852400647394326,34.05676439610145,-0.1354924233964824
8.607968403386511,-6.937109998320876,11.055343285601944,22.939017337426286,55.15632214323607,31.03384214594966,34.142510062259284,-0.03979682516796877
-8.092781574539929,4.5623287467233276,9.290207597593879,54.22646768682534,2080.7699908988075,22.891195270664333,34.38857410662786,0.07995423741525887
-0.9988272114754952,2.00502820199166,2.2400432784135718,74.95694175768037,2406.7207581766183,20.79050272996396,34.329441833013185,-0.021717664940526016
-3.2509144207154206,4.625011786947502,5.6532449619858856,37.185303897895324,95.96138411528344,27.719352686270913,33.99145282196752,0.1335897252968915
7.413769109148788,5.394932457141744,9.168929524262376,17.710941824879537,1299.066043725171,28.5753887931811,34.21949002374654,-0.04632098958655077
-8.329501706399626,9.508207353694903,12.640672678215036,74.03639140436023,3801.449115610675,19.62725177093657,34.41402854280766,0.033158519843420164
-5.777481148839252,1.471265600534199,5.961871425358667,29.918256373106985,685.5485286449953,28.305904630684967,34.06566711022353,0.06945019314766751
5.049366751729886,-3.1671777461879635,5.960463024750971,64.05237875523456,2676.5506572629583,20.98754967758638,34.233117141735036,-0.01779056569395603
-8.97412302037569,2.969291138004742,9.45259614323337,74.03085586487548,1076.0093600861876,19.95280323384599,34.49272072777602,0.013598436532824774
-0.14929238571421521,-8.631185815147477,8.632476863104543,45.30330381748997,60.603873219466365,26.277345916823627,34.13047770220212,0.007333571182695491
-1.1578593064055998,7.947946366431726,8.03184223059102,55.36091902117647,1206.0072879977074,25.062307178552313,34.26966257208844,0.07238634834931418
-3.311976420225027,-7.612379773236064,8.301657281537231,66.32096657607444,4879.368774550269,20.886969924327605,34.29296566998549,-0.04797429052794136
-2.1085536936215243,-3.443143242283635,4.037478676819041,54.36703961883357,4007.685559414948,22.844178347600902,34.2008015479003,-0.0606987715169329
0.5988117386046596,6.314907612522418,6.343235267037186,37.081258953824374,4797.883221605167,26.266877852261796,34.189183570591865,-0.0516313897251685
-6.772652832232337,1.946247566614236,7.046751448468758,28.45360816652777,2439.2702196318123,29.189057945647974,34.140826317494295,0.13178358891093983
1.4399175656718555,-2.127289594451158,2.568798087548053,65.66377183832896,548.6809933875176,19.19577385632222,34.31555586454936,-0.002712197906463213
6.108646585999725,-0.5312868124995713,6.131706841474244,63.6077221265053,2739.797444868465,22.177628992635363,34.45446806209941,0.008254299236202457
5.203218595803181,7.090947864043606,8.7951705706198,62.94936822802687,2271.8866727998043,22.176926112207525,34.42174432846938,-0.0498496108422314
-6.922001906124526,-3.1999122788021577,7.625847427035267,45.08206730999118,4221.7854136980795,25.96436204331547,34.335114052552804,0.047857273158635374
-7.015010605170522,7.392993696243426,10.191502812801943,53.51092448253642,490.41290392122295,23.650237943237684,34.29479099607088,-0.0011185966985198283
-4.6365126451017336,-8.23731138046617,9.452541895540362,51.38148816179352,2441.205685108891,23.33107753099419,34.04050775933842,0.023617757561207983
-2.778505473179256,5.535968744172614,6.194113544401909,80.17081033405454,750.2433234699213,17.982855592437897,34.544564340085465,-0.011448198284446598
-1.8308883718303477,6.950952661094728,7.188038336492333,25.300496251823365,1623.3796344502998,28.02403296633535,34.189882003712704,-0.0023629849620739832
3.5939443366669046,-6.363646943253225,7.308381374383539,48.70353351915272,3686.7853869389983,24.21660633553966,34.22557582098045,-0.036007712683517185
-8.866391356683291,-1.3930693525559903,8.975162277691638,59.711105246551455,2380.0906468438325,21.70022127079347,34.41332226722335,0.028213698797039242
-9.306545915478672,-6.690004506726888,11.461586154496192,41.147696307192234,1879.4414257288468,25.812736580796205,34.17188855118581,0.08551486798315484
-2.1617887411218195,4.132082579884354,4.663414736888067,62.44555907820211,1972.3813928501766,21.367030747083867,34.09555737761957,-0.06788503294463659
3.9432738427596092,0.7069553612331347,4.006144590721659,69.01305589613456,2297.2338420299334,20.869436597218037,34.6343766731975,0.0120240013232322
-6.131293140870349,2.7064669341664214,6.702068251295265,69.94673717487987,3925.0827191852845,21.026317021870884,34.32560518209171,0.05302165745879438
2.8300896251250336,-6.0702606608757765,6.697572080777957,64.67338042601688,4460.423444701172,20.645125784878616,34.4975871484489,-0.04305465456454505
-4.803437241194011,-5.76508275895161,7.503944865712343,35.66923341071849,4776.673432519641,28.595115845798446,34.11458513771274,-0.0434632390435274
7.721722176270326,-9.170053489801873,11.988113878894064,50.216939512849855,3934.5169312764756,23.52660356414333,34.482516344571394,-0.02941451865083078
7.91379888533233,-3.558649296085406,8.677107675372962,60.07441020577514,1577.0344787400636,21.724397706171732,34.46070469942428,-0.002826304337943066
-4.054255914373471,1.1948932266735,4.226672549699406,55.967521359911906,3440.673530432711,22.484498284693217,34.30140589856873,-0.008360182271686592
-5.400124920735189,7.158698279946577,8.967068095138751,50.91581876088367,2188.0156202769595,24.835055612542938,34.17735157281975,0.024459333576289346
-1.7739205586753748,3.3385489491736138,3.7805691680644324,44.934549647208016,1273.3531102302559,25.569248955524234,34.343828913993505,0.09154356458550512
-5.189368296397026,-1.2920735320049719,5.3478030374872985,36.57971968694534,4204.357897129613,26.31194987814044,33.9820330290669,-0.01573032407748766
3.4476768658340724,9.062402287882755,9.696061623083366,35.68444460264796,192.13174481162497,26.426128604778974,34.29732717538811,-0.09199314380985553
6.5212936909657095,4.384904011516637,7.858412981896781,23.341787197678492,4508.8099606771175,30.008809591272257,33.941364856861625,0.04123013669804663
3.46184261822434,8.603304057251002,9.273682926155386,54.236028748764596,2307.3873231236707,25.374163679481644,34.42306949550732,0.08414633707460016
6.487008944986989,0.5517594654433129,6.510431902727153,41.3925058600625,3186.007384041402,26.54089834531915,34.201294762061565,-0.003651717911711927
-2.0601567558505174,-4.821914504137208,5.243577532933532,60.71160259073496,3296.7696110289135,22.828258563079025,34.446495116623296,-0.061737458652461774
-6.873660585822783,-8.94346627270556,11.279751718017355,69.2629357959402,4475.588703532682,21.32853635865779,34.49833955498282,0.0024394617946508056
4.7590189479518425,4.521697029677011,6.5646024537023235,30.04233116507534,3183.3484108360367,28.356512075268288,33.924832444205244,-0.0589158912382647
-2.7905098971689224,-7.573940039889317,8.071648729598948,28.596224290995977,3069.667923800309,27.219446716095188,34.0329053835441,0.0460923439585582
3.4254165045826497,-3.944497434560656,5.224226090161376,28.053445663716754,333.26020280344983,28.729305018236897,34.11283196938818,-0.12598189462225157
-4.587121160364687,0.6494181576779479,4.632863529544906,75.7788654753648,2592.0401097260205,19.456043812335423,34.55340558927016,0.012696077031914676
-8.375407303866547,1.2883317555949532,8.473915636713377,64.05792586603437,750.8450040852083,20.64798453722895,34.534077306791275,0.013545573613461023
9.851635909755267,2.0116639397427214,10.054925256054403,27.71740562867776,3687.168843607428,27.815876899305515,34.14380325472387,-0.029409558070154534
-6.875969841388015,-6.674893393005988,9.582962123877591,10.0,2561.1096040633724,30.73590940135702,33.91039622559109,0.005256757245614495
9.768419879269622,-2.4052519035670255,10.060182088676266,38.860271810926214,3401.1388960417667,25.57209526863623,34.054138668749516,-0.021525240350626963
9.545598651328945,2.3438845423393335,9.829152982839886,75.43259066145711,208.36450301192133,19.662230093135783,34.588559518467314,-0.08863340999643571
5.876362078160792,9.396377292675695,11.082578107099343,60.340990253082566,423.9600802290161,21.96692556030289,34.21514428413297,-0.12313315344497779
3.1884592416399506,4.552622753993774,5.5581153528674685,75.32158845760345,3581.6169403134113,19.261349527728918,34.68588612754263,0.024646586484820904
1.5561410050216935,8.452075141879156,8.59413457140866,25.855918831109424,360.4216799933668,28.871516256156433,34.122334493944805,-0.029471775438518776
7.3220309075566945,5.24424116628354,9.006342322017217,48.897780785460185,356.283638826293,25.282898408479646,34.35868444835716,-0.11531075373321892
-4.211209567610242,1.8343393778480088,4.593374247267019,73.78495548915896,60.54237617443725,20.84400714649585,34.34893886333184,0.16185434059090661
-0.6463757503024592,-6.1595326172731095,6.193354799608238,48.28648273361022,4782.5069914974,25.812419290694386,34.3731428772116,0.03476660554984978
2.3877993873300376,3.333713037850261,4.100637576385716,54.86553629428597,3687.541797295035,20.540880451395864,34.640103039605656,-0.01021737927113717
-1.776190482610179,2.4675913191981422,3.0403716136513657,35.21432314694958,1766.2570425103208,28.638889286767824,33.959458196662446,0.049883544013333295
-1.45027091819464,2.049383409145328,2.5106290235399675,34.11205822211198,1482.677906438276,27.274336603896863,34.20519823514981,0.11179818635130105
-3.3943066499583114,-0.20428264023518494,3.400448357357111,27.25793374748266,1748.5161487292478,28.245402167671745,34.09115418890586,0.005146425910054814
1.2846363336907203,0.5731320797855126,1.4066879151814744,49.090250611678,3873.267655905909,23.742800824230798,34.12928969792485,0.010256243415583656
7.01149056030232,-3.311149457637919,7.75401254886942,63.242865607790186,3306.853055352072,20.973701300840307,34.570528814908,-0.06856997434797914
-5.969432439873743,0.38625385284606395,5.981915720992349,73.1114856062165,925.9778393373397,20.61840514615943,34.594042535971866,0.05429027739190495
8.68866077506883,-6.048881886430435,10.586869137767119,20.752417890593794,870.5466766704218,28.228327982520796,33.99888009904816,-0.04538498441305837
3.781753074964593,6.103487947207537,7.180126840224469,59.64808306989169,491.97824856698657,19.650024614649936,34.580705997016615,-0.04236764105684624
6.465464253600604,-6.284460906025844,9.016466985130839,70.56914794439069,3301.513598506691,18.05527312012169,34.415133098075884,-0.020784077811041028
1.1238138526002324,-8.300674202210672,8.376404347125439,66.23121224846173,3821.8633111086797,22.214048042170624,34.25720208909016,0.03464963211942187
5.590334028481269,-1.2750794728568522,5.73390462181719,61.89416128714404,1325.2321416250202,21.18406902403538,34.46406452211495,-0.019457396350462966
-9.675992053210656,3.1661487901212375,10.18083102575531,78.16966446366717,104.72480515456407,20.90230107699766,34.507548786938074,-0.012049338227041378
6.367608495590705,-1.2456635013291724,6.488306058723076,61.708556132193905,410.8583373821367,21.754423088253606,34.372218285632144,-0.08225298786872089
-9.19722281829267,-4.464917360973828,10.223717259864381,13.723777067163917,4839.300174225153,30.323541849576593,34.10356511214847,-0.0078068678415741735
7.798267527257249,1.1634236778088152,7.884575516840528,25.370430089648213,1477.2238873871013,28.07087386261005,34.16261995431551,-0.04594256506916734
9.839254944772865,-3.059953291756001,10.304089092004478,38.298733635619065,3846.115739190668,26.464625908714332,34.20701066244925,0.03182711120753414
-4.118650756464444,8.657353802532661,9.587129858093707,72.6491124516729,3123.317844271319,19.15772050681123,34.521972389878336,-0.04707528953760169
-5.793628874284127,8.452902792071441,10.247814457002425,37.03489452003888,1909.6981982644795,26.892805591428555,34.25802133682275,-0.016606712975488904
5.307267277160815,0.04743639944191003,5.30747926639511,57.14250496102532,1028.4363109777755,22.690298890828007,34.318859108014614,0.0018474906213379674
-4.939473181594936,-3.4423201196348296,6.020628133155073,81.95307092028538,606.9320907970322,18.51364084700947,34.79982344140314,0.07605801271004553
7.311247663444071,4.742648279132782,8.714760759526191,45.567093476575,3075.064840194333,25.748981468390554,34.11854641695843,0.0009071472918333427
-7.943148156850466,-9.265741130338668,12.204407455346885,39.46225291855143,3873.16890318894,26.73219916734916,34.3327273106367,0.006941737210563635
-7.480896072412834,-0.5046198791269756,7.497896189508888,22.68862912360531,3219.5212677056534,29.003830278252966,34.04836351823445,0.027534554151198966
9.583031102012313,-3.27353211459333,10.126721957643017,63.752435539121066,2651.5106662457915,20.17070316051987,34.36627565073844,-0.03775793103840467
3.4767779654000925,8.410717702051095,9.100997598301367,36.371154870468274,209.75611715818133,25.787753689213915,34.3211927418097,0.03536917196995737
6.937744488579057,-9.759939454546348,11.974502776533962,39.66701830536711,4842.443887971919,26.13830784962413,34.19624629656403,-0.1009597925777769
-3.5134124529696393,1.0562975143669817,3.6687643019877965,43.68135514211676,3993.5709582728728,23.54839945177725,34.370113907569724,-0.012127990008045764
3.5296749904120883,4.81327162133252,5.9687678157778565,20.948092518747927,1464.1101835048237,29.74862651540665,34.17972406278649,0.02813959933033862
1.8848365461719432,-0.29964024951917523,1.9085054584457686,54.76636065495159,4899.851646794254,23.15495114448914,34.36426976788652,0.022113846942879656
2.06300240245894,-8.291939396745567,8.544719882585538,25.463996306224534,3009.4079481816107,30.020752823285587,33.99784849615949,0.06714242105871099
3.6506491907544323,9.449227800558045,10.129913402433163,63.26114253148195,2912.1132910362326,22.603566769547925,34.52854291331116,-0.024324956852990378
1.5071834625819704,0.36020862752195804,1.5496297122931757,55.04108494575286,3740.3658971476607,22.168450904371966,34.38841116693799,0.058253268201083494
-1.4187526139466815,2.2837248863802273,2.6885420465845282,19.043863700233594,4058.8489404506877,29.154067559709635,34.070544454573465,-0.03445709779151156
-4.481546112389063,-5.267804345849854,6.916214151081799,25.10778033811273,3282.393036657513,26.38549248592248,33.8819164032154,0.07618263140497528
5.37162661826404,-0.3300382978639238,5.381756014917406,74.23250018379593,640.4787318310001,18.866068715944163,34.54251325298271,0.008568384726704223
-5.474551399936276,-1.4170101608335628,5.654965148119818,41.688978779622786,1691.337529972492,25.598385718880266,34.101268738545535,-0.009165326892411875
3.8470861230882836,-8.502083159960325,9.331960656654065,20.439662722174745,4640.418201630248,29.168655295296162,34.262036984051505,-0.0031291288833749965
-5.333343547013467,-7.876792929050655,9.51254015695138,31.22416024938159,1123.0780592192596,26.91831675971283,34.221025880292345,0.04395344464463803
2.5066033990890784,6.74945039237549,7.199870915472205,70.94601893394957,1860.8351191875665,18.6259505773936,34.60827242667893,0.02383291131785612
4.941565342580578,-5.203600955868195,7.1761083424726735,36.37436496997078,2160.3844147209797,24.298766264450844,34.244875845755075,-0.017744733170696265
-5.625722221869216,-6.10083457002739,8.29873080467576,58.218494126678024,2197.024948472261,21.314490061500226,34.286512754468625,0.01054914043072903
-8.801133982773834,0.09822902500278552,8.801682130370843,68.08021199784197,3064.6979124726276,19.643976201890105,34.71561005001615,0.09744658182304697
-7.380525140116518,5.37494262725026,9.130288034346115,57.55117360399988,4715.379188723538,21.79732475598078,34.620741768537954,0.01778505767631017
2.1199393454205087,-8.761069628420241,9.013905028470708,25.225318292349662,1203.4635591625247,27.833214746500094,34.141742402582395,0.025356880795016856
6.988928124514711,1.5361583927651168,7.155759843461449,70.79437647755746,607.5068815045903,20.50026592076755,34.65662075516299,-0.08474220327309973
-9.100063575291513,-7.615791143188533,11.8663992774142,79.97163190669494,987.3524492996866,19.383656200605916,34.53933428234789,0.1359350290832516
4.683025180832924,-9.27077898348763,10.386436723197768,16.65471347306284,4434.624501046347,29.770485781220536,33.922922655775,-0.050226176864057545
-3.1736270809989575,-8.945120956755652,9.491422326513508,32.33030643910224,3229.05406327603,27.766255426445404,34.118554495656944,-0.016814701003812826
-0.42943260160955,6.683282164168826,6.697064494629142,69.21742229045238,1429.5339461958006,19.763912992307304,34.56300233097068,0.07707187873817005
8.577190996911312,-7.640550327438769,11.486784350009412,48.636980896271076,4079.7346948430863,25.914636418638924,34.2605538963547,-0.04144312841809346
-3.360569905283091,-9.09697271175416,9.697852473960111,63.17858928002239,4306.84998181718,21.358249222758836,34.401890107322146,0.0890745807058899
-0.6932613212102794,-1.2420022571417544,1.4223856250087157,74.46881999183739,4232.57169345139,20.993275465253912,34.5083040955362,0.0458084171908374
-9.726351704786378,6.879869438840494,11.913627532397188,48.88533695752115,4594.632668197773,22.831509572560922,34.25400175389249,0.023836636319266545
-8.368025599903232,-4.751832470213961,9.623084966143423,61.26613560975588,1261.205100866808,23.02992267687534,34.42305403694878,-0.04288669904601143
-4.8281681773043195,-1.565747649481672,5.0757042516474,79.67102263068656,3775.209643731391,18.351293985158495,34.64249322283444,0.007942091717480133
-9.442955183578512,-9.201549348724976,13.18476063552514,17.610650143037,2302.6974863707,29.290434657953224,34.050666597627036,0.035463154741408764
2.627506520965019,-1.0184297173024817,2.8179761544055886,31.874824210288274,4209.992764450308,29.012941265269603,34.1930741702413,0.05471973136575989
-1.4720328639675486,1.552261612742674,2.1392514735287644,79.80462286066049,3642.453385808066,22.067335507115526,34.39940925333628,0.07944371982828252
0.9629040545604397,1.4181410750428967,1.714149447105694,47.4505899721792,3882.237232498623,24.0337661508414,34.37742818224719,-0.040082852905373244
-6.507056282073409,-3.3514661565126964,7.319433506516812,21.01782572516537,3280.8091884053574,28.200479555528254,33.93902532766269,0.06908505425710484
-4.081359411267678,-3.68933638673729,5.501699520915969,28.015139653527115,887.1438473485343,29.07562579051992,33.91786018736978,0.07832487605495636
3.276489497054502,-7.867527621268042,8.52252159256426,28.465946921540862,2725.1345944846917,28.21557463981039,34.007991620300345,0.04915006054293067
9.306054472607997,-2.6640335870746323,9.67986181720633,34.66581407115849,4923.348697622541,26.18179892290381,34.024878308592186,0.0013481200336226025
-8.991664527955816,-8.010106622540707,12.042086160120654,28.85978583898863,4686.940332485595,28.304559895241624,34.01676881569575,-0.07626739722843313
7.807686417105323,5.331918894241031,9.454592867099855,63.32465009295522,215.86867898505835,22.3120291677945,34.39229667381203,-0.04901062051599413
1.5376240262241687,9.325485954963717,9.451400739691836,51.536263699012046,824.0740786471856,21.34688943662507,34.46540169203881,-0.11173133637032118
1.2783913351124738,9.401489133334138,9.488007289725832,68.65086305472931,658.6438672728095,22.15593121651606,34.40202684134565,-0.056233957360215345
0.005570704155207551,7.301421987507876,7.301424112624074,79.38180541817479,3629.8995499264774,19.683448765660284,34.376775983883405,0.06292149731728025
-8.612118281916333,2.015842986792382,8.844897073969689,34.055928326089514,4088.9266492847255,26.37203693313724,34.266035605113814,0.04815325378097259
-8.202462965276787,4.017313944877598,9.133411740880035,47.29325447370424,1067.5568315533596,24.38464844557501,34.19139737886623,0.0881013238963009
2.0182401131817223,-4.295883946391719,4.746357765205006,29.62440767590328,2529.263464759145,27.822668408376448,34.16692740917635,0.005495076383978677
-3.180828571288834,2.615408403452413,4.118013054468971,33.523173248317605,4203.515140056,28.396458357159005,34.154172645376356,-0.05003796328461081
8.345361331553612,-0.8870090112024513,8.392368005524103,79.81392452932934,3664.007723831253,18.616299459766793,34.58949741504786,-0.14848955655334492
-1.8681892528105557,-0.35965320446134896,1.902493498489858,60.9507332310606,2711.1860274592414,21.557515683219776,34.52203483791272,0.0021857719143509495
-7.134370825947178,5.155531207503159,8.802201378840705,51.53843426104022,2951.7384522938646,24.877953764023786,34.30706698895615,-0.002442476031127575
4.2943766700407195,-4.361632888054967,6.120907811293414,37.40048687431846,2541.8027345814,25.776414547802524,34.10457777232247,-0.05161403773927061
-4.132931571179803,-3.6392077661096023,5.506810014606206,79.57151052904997,1487.7422565941029,16.966504215508394,34.78534102639499,-0.022945346383577155
0.509406147117863,8.492835822572733,8.508099372474215,48.26501887458549,2825.1099642950803,24.961074214818574,34.353066752014286,-0.03312386635391204
3.9566557101034014,-8.875514102980555,9.71750353745758,52.15326365506024,3444.4265102504532,23.670055117473233,34.30797622143216,-0.0413551394517759
8.005282224041409,-0.28731403173319237,8.01043649493485,39.75535794233323,4366.614579304039,26.19309196572855,34.302663834624035,0.008541475755992338
5.843823896033522,8.256016008157236,10.114943304576697,78.76127507968101,3181.4567698962405,18.426726706203212,34.60129244928777,0.008222363981325143
3.527221357454483,2.207260156363141,4.160923924124458,65.65933551768435,3805.60768521579,19.910512527050102,34.51499252091244,0.06376168178042828
3.592663647902871,0.9281414842426408,3.7106170243956593,55.33256726642439,800.358174772865,22.65327436628444,34.6091177023079,-0.08005616485154775
8.918492880641729,-5.005116415412896,10.22695974343758,62.7048764106875,2307.7873720989496,21.00555607954856,34.358234262709296,0.001312767244344426
-4.083518050069279,-3.1344902187110346,5.147829503435089,36.14571175603387,46.65809913546648,28.15576260999765,34.15151924002051,0.04263608304176292
-9.977758116076252,7.04096831609386,12.211915977894835,43.38518077069942,1233.394322608115,22.72877714638352,34.32583851394518,0.132780064665413
-4.560908812036026,1.1843626353691619,4.712176147361903,76.81495238990568,3632.308575565024,19.561020399146535,34.58782192224689,-0.005965088339233794
-5.64217240746512,0.29484387513559795,5.649871006161621,57.726607473517944,4959.049756746817,23.48392522047778,34.15753996778161,0.05634295535239928
3.2366917022799626,-8.00840572919942,8.637750604126174,40.21071834715101,495.89049793607956,25.69605421534608,34.07016472907914,-0.06573595438992395
2.6742319953105813,-9.679436870897538,10.042062283337698,66.13211519898026,2007.4715793064413,21.474891964859264,34.36812423466553,-0.04629118169578018
1.8692276540944768,9.273703773740984,9.460211081467966,57.111509895282275,4000.3548434957975,21.085814613567834,34.23287154157446,0.006857318166933782
-9.675131135810926,-2.4602766542631667,9.983041806516207,33.65541252244072,1020.1781731444942,28.535875399448788,34.080896629705286,0.05175916010732764
4.57556108901295,2.0642612419900868,5.019654744548855,41.64133703354501,2775.4247465114313,26.550757223732877,34.2519521334977,0.011988796474152729
-3.52939175029017,-8.4056985362543,9.116598818057314,54.229845548519876,3665.356480148374,23.350371055752863,34.26494395914579,-0.03437011886898442
3.3011197801326215,3.662285714460932,4.930489677215385,40.90344404074643,3079.927251300895,25.60813291920099,34.10554006600865,-0.03520859155665164
1.1315685700430667,8.651334174119217,8.725023233263757,64.10759296095307,940.1236730770806,22.403429875959084,34.482536698396885,0.0071334682287957675
-3.1453814914418565,1.5133050599483937,3.4904894973585594,73.85880960130547,1776.9228434286972,20.060122080286554,34.67065204024863,0.04658476549054582
-7.308474657917845,-7.477693552491789,10.456084481793585,65.5798652563116,3918.958922426986,19.5028324661046,34.32789241912298,0.09432736717298347
-8.11162204679038,1.6344305494695348,8.274646545382772,54.717757932229944,2771.1325706600833,24.288378117753577,34.43255973365537,0.0668868772591912
6.6303666622444695,5.326944262093047,8.505180612265027,73.23733558958787,26.148067714563684,18.943307444778792,34.64989197572525,-0.08244845235623367
8.36795084163116,-1.8716692685196268,8.574715571882045,61.63800811778742,3804.9538001404694,22.753727095065333,34.47768598810791,-0.019756771428700987
2.9957609352859915,7.596754958829358,8.166104915189617,37.4012180930427,176.55677470119537,26.653185871412724,34.221497894650796,-0.025835421823337444
-7.9313177027903325,2.97365906714729,8.470445605174653,26.52878772205003,3728.668913656161,27.977880601909394,34.314491931754965,0.04266470332099585
-1.959455662235186,7.984978365784052,8.221882144272374,68.31762783191387,1012.4028008261871,19.925620061883354,34.435596848430464,-0.10845169364291465
4.578784002103145,2.4701062249467434,5.202565492181367,60.591652960127576,4790.3674005969015,23.043801570192066,34.39188943209391,-0.016093216468561874
5.5964176802013625,-7.374240559903516,9.257392434513973,41.34192915085126,1839.7037565104224,27.060480841071268,34.14817533463774,-0.0709369318482825
-7.635627554178228,-3.8061657778962177,8.531688348442769,49.24896432782534,1634.6580816903954,22.56657332153797,34.28888956435803,0.10420694829646251
-9.999385623092351,-5.964101034950861,11.642946963479991,38.15032311172658,744.4402516622234,27.094989904810987,34.29765644576291,0.04469742458075615
4.2427409176121,8.176529954337248,9.211758387417367,33.24663786518022,1528.0210774510745,28.730410583480015,33.9738524826247,-0.026149375881842837
-2.868076480275887,5.208001345749654,5.945514335534137,41.64405098961836,4383.253809141002,24.284184209898275,34.19221866379599,0.047766777440900965
-4.910373367634795,3.5279673782001204,6.046347693543708,39.24364926384244,4981.671688136236,27.603677127622674,34.28669678306942,0.02631144980991381
-9.742050604209492,-3.9806736073675664,10.523939962930768,35.30705592338486,1841.5476525342417,28.106812026691436,34.210709668060716,0.0020945863320560865
0.8059881352299936,-6.319104558995729,6.370298211359664,22.42923118134472,2243.053154772713,29.024195845114576,34.02614345234067,-0.009219793038894059
7.023014708519636,5.129021759778237,8.696528031827516,27.854505681000006,3610.354691013685,28.249984716792962,34.16208836514969,-0.02521412459736346
9.152632925451758,-0.5168410824184058,9.167214090035154,48.080753819025226,4430.9789023253725,24.093913585697457,34.28076267279891,-0.11132921392693866
1.3148990122657835,-5.484208956987418,5.639637159991639,72.767827737562,2965.221670933921,18.339896514968213,34.68817142925469,-0.060337539938831064
0.2892265547978834,2.3324395633055026,2.3503034519978514,56.99758553800136,1957.6284908891466,24.240942951729995,34.323777912374396,0.004694943694628978
-8.298872290215177,-9.193322957230961,12.385009821766438,75.0057813811225,2063.1092042431187,21.378282822809965,34.534427400467514,0.033368288405554676
0.9774560308519948,-3.47659491743493,3.611389277298049,60.28622694457463,3478.090732484034,21.045958782764313,34.70636276212676,-0.08541644286219177
-2.400418420692107,-0.6288601081773066,2.481425725274638,14.603033194289488,16.09131802139341,29.359236724130444,34.074892477605324,0.0866032547335484
2.142705617671538,-7.040833317811883,7.35965496291851,68.86536020531534,3097.9466872992034,20.286595478157206,34.47839548885239,-0.023784741828051684
-2.2254730424690656,9.69308955181679,9.945286085492782,59.59044323930854,1777.465052206787,23.641003292854947,34.43207100565888,0.039191764327596496
-5.1940175309926655,-5.8180527082077145,7.7992022302118995,27.820047594468143,3970.986656385421,27.936928841767184,34.05321570881653,0.044452322635363084
-8.10069449543247,-7.39293739913469,10.967076852828848,84.56998631819108,464.9531991156608,17.466411629041563,34.811833600568335,0.040034033824899604
-3.7016311082220854,-5.929302522262072,6.989899946484272,41.06568787519023,2941.0113347419524,25.043178045670846,34.295594272507664,0.03283304526785583
-8.067103314244955,5.381222663194485,9.697201309325278,28.460698874462086,2404.8644494306186,28.83687751704742,34.022667725570486,-0.003668592253119791
-6.462060983520321,-1.4898868145631443,6.631590674562531,32.98808227534321,3211.627629526137,26.821639416598686,34.07660496328938,-0.011177454609508454
9.746723171590919,1.3083187950507593,9.83414005661453,57.650367279052205,324.2679724148417,25.47536709551646,34.4002567966408,-0.026079377535096388
-1.117928861867627,-9.579816860272786,9.64482534919961,73.2398478771017,2899.9189371406565,21.328097331867372,34.519491452395386,0.06074058391428107
0.637435330100331,-9.311373828533709,9.333167006689777,56.35834547699916,2807.4229397976187,22.1930212553118,34.35218084701775,0.022024551104643873
7.472370574744307,-1.0834890034596771,7.550514580273494,75.38047600488335,2803.3004720808544,17.431208870076087,34.638927751356505,0.023408684995925945
9.911378009813756,6.333104864032471,11.761956949090207,27.38076131122131,3017.438332982274,29.207700062854773,33.87997262194194,-0.044901073056819577
1.654288986893631,7.704777574151304,7.880372422627145,57.462832449256005,3382.339686131811,22.607923696526164,34.412481914489355,-0.07766145312626195
6.249476420883433,-8.265868648087196,10.362458204625428,47.09606472801454,4024.944998403849,23.29107684939186,34.31850684338443,0.050148736402333936
-3.4611795132664946,0.7672620420204552,3.5452016394249126,77.92006091701604,1349.1036006410718,18.60205231163177,34.748664169098966,0.09416053302405414
-3.885120851054178,8.26459372558541,9.13223266656526,60.1174910062716,4125.247050900311,20.137461500663868,34.420076687599725,0.09067360757514177
-1.9459255801087956,-2.2405449120422727,2.9676030506454647,65.80068132271188,2491.278411317268,20.859055953833337,34.3308634376516,-0.007883641793299213
3.450145253472982,6.591316628567373,7.439687975183563,25.733338191389556,385.29139567165583,28.99333170658451,34.002276974524605,-0.08102356962447317
3.6438337851019753,-7.3260869120112755,8.182241385818038,44.64775940553642,292.754646219896,24.84487610837176,34.13747688514386,-0.07291552812108064
-3.695211307010984,8.707889793355974,9.459488953251913,33.71952031923927,1671.191593480304,29.882185458306115,34.198679338794854,-0.09274286576854174
-7.335801517267426,5.0284663506260525,8.893787592478335,31.887912130827424,3924.4848855573377,25.57103906708003,34.336568395524644,0.007713817366254486
2.6479251293101704,8.826687855738033,9.215309327041906,63.635042378604076,3538.4046737045787,22.19493636480184,34.42771182224353,0.09019780963687475
-7.433482756224709,3.5323446710501294,8.230074408058918,53.834632737068574,3943.074823362032,23.021683951366438,34.47442396845579,0.024492421784644936
1.569850164586601,-2.7319213600114605,3.1508449432714785,77.28169971850318,2586.3452822080467,17.40849629279947,34.60020084366785,0.005454138798542545
3.86844256112618,8.76362345049445,9.579454255373252,67.52558387200169,2200.9949897774527,22.050291123324453,34.426226079147355,0.0409963011042031
4.012229927889033,-4.4886644738164305,6.020473216679081,69.70249349461707,737.2626335314197,22.259291240327727,34.44671860831235,-0.09094726601015532
5.069442213191934,-3.3565495587653498,6.079939908694838,67.71987429359947,1640.9637680465578,21.01303327891257,34.417628993937264,0.07395418141874815
7.457188431313291,4.016168360034806,8.46990363559453,36.5304955631013,2170.0968308693764,28.066102418531617,33.962115566973466,0.0667644535704206
-0.0008201607042312986,5.306325990507725,5.3063260538909,30.405481336121788,443.00214839808615,27.655210130244583,34.147045708881116,-0.02577722896690085
4.604983790591424,8.588069676983075,9.744784065761845,36.7432172730119,1103.0597635560564,25.468252074964127,34.194010618434106,-0.027831787066333057
2.3834547073167336,-5.90395181887581,6.366906895929708,53.52969393239706,2991.126470318694,20.752302464721176,34.46409053805965,0.02708147421189054
-6.267201204046349,5.9599607043844784,8.648638189322474,65.6023808611004,3678.3155711959494,19.489494511324672,34.50664668475381,-0.001605395141280424
-9.486207102611836,4.77092106793927,10.618371486727614,44.49300913949485,4991.737556964748,26.936925892648368,34.081204999972606,-0.03227394058844941
-4.309172286461324,-8.724108874928042,9.73031558871574,40.246774513744235,4665.566656717789,28.558606340435237,34.05311446309984,0.0672220720191557
-1.1393258732476124,-2.255537175795861,2.5269569440037167,15.514752802900398,3212.8259976759578,29.453887318073306,34.02991657002158,0.06729979592023026
2.3421188885731254,-4.344690858798028,4.9357734496970345,67.75179420327554,2106.24026647036,18.850447739363588,34.617464562951554,0.006312975973214933
6.999186610064108,-3.9101915129193916,8.017369323550433,62.45532605786293,3180.8868235411637,22.702123909976148,34.28612605838432,-0.10480068144007201
-6.075085665876687,9.658937591094016,11.410597759819135,51.300357958054285,3928.2580904011597,23.3897923234824,34.29438771507972,-0.0427617714989318
-7.489004202030458,2.8555482695985575,8.014944781970565,72.80857902557163,591.6809546169366,19.373676799799394,34.5239458936428,0.08245193659123348
9.26959894948655,4.353523155869992,10.24102673334165,31.103474168198098,2049.524448481441,27.57880718820558,34.05197605299784,-0.0673578645390536
-7.839108812471858,9.532352746300184,12.34169258463646,49.93083553822699,4199.011428178086,24.711393825490486,34.24679543789161,0.009559637538600944
-0.4301785978562158,-2.4559643508472266,2.493354070060243,34.9239239357596,1919.1647596652201,27.744442773142467,34.15590634802625,0.05181009350707189
1.711274575866037,6.03680336905612,6.274667767352532,45.78621661898267,2859.3613561359325,25.127309796509504,34.1402254140459,0.03207004425697792
0.8274884181487643,-1.3093807339100927,1.5489399563912336,26.222772160468427,2938.846804310991,26.598639383347596,34.208185111766994,0.04315844902498475
-8.279356859341135,7.390673436299593,11.098189214747762,45.13651046923349,922.3812656681968,25.063086959999527,34.17331964885518,0.015570320010195676
-8.859461719927612,-6.386849173773936,10.92162553539534,40.08836195391743,1811.1772082614418,25.2922434990596,34.34973931055551,0.04780488882932124
-7.8903314507792865,8.95372354128559,11.934257231052484,28.844613930170226,1672.5564437096607,27.58231081305292,34.313468342895106,0.06879275340338611
1.7117536774522506,-5.624565831782407,5.879272186956938,37.800246749125094,130.98354266032396,29.462073030084913,33.9426638371909,-0.004653186118223771
0.8868977526864228,-3.475589860381369,3.5869642458917834,41.47794817088929,120.95881945677623,25.212941104162244,34.24982618467264,0.04722524400986566
-5.325184159265115,5.12384468213561,7.389950653200431,70.85192028810897,4158.485218378867,19.580952290526465,34.45152149670151,0.03145816925019482
2.755482836911831,-2.1248971686918665,3.4796369986006277,52.5176591751163,1365.354049864062,24.0337513137634,34.38318193403208,0.10384188795023189
6.4013500411129876,2.1642275353289335,6.75730443102375,56.620594005155255,2590.3938311940774,25.19007438440445,34.21554570478257,0.011711645932351713
-9.168420803068125,-1.108529978611429,9.235192403822056,78.35849624490506,1493.6278679438653,18.716479734469463,34.610638913769236,0.11220327611627941
-0.037401129039151826,4.847398741795637,4.847543027804428,51.562567650099346,4703.396225576703,23.17094541018653,34.19798425015127,-0.02123129550769619
3.7862082420538066,-5.4333749526277835,6.622456963094524,41.69206950817829,1296.4837943288687,27.610785494652344,34.09339505793047,-0.03633249981511045
-4.953761458606259,-8.83084025526246,10.125388496385547,68.17446020526039,2148.2840636946753,19.64970652013232,34.43518649630417,0.07629972513276197
-3.8445818941370185,-4.001412050538676,5.5490637353451175,22.804210719908912,4363.651252423009,31.25148108975169,34.086595550448095,0.08265342266691099
2.2727580597876766,-0.5138267026313947,2.3301173958980903,26.98923622011901,4209.6678339590435,27.204209706043684,34.03251338325631,0.040085491405944564
7.958705868874738,-6.639598956146429,10.364616413824582,42.66829633367594,930.5070892313865,24.755911000388146,34.25410375695283,-0.07627133227474774
6.198488406057987,-2.9040542068722264,6.845055832970799,47.91603189206816,4013.216548978552,24.151576719245057,34.29068484166876,0.05101043744690893
1.6626043819916703,-2.000339634128629,2.601079003583659,65.12137555592196,2290.9344336894633,19.4538791104908,34.46063485905959,-0.09202103069058742
4.604434355144985,-8.85216312623453,9.978056310940808,69.50801662051342,2414.844360426776,19.454382408453423,34.52461025265705,-0.1141907537051975
-2.7035505958440265,1.66614496368409,3.175724305461425,52.26173434115594,667.3998620797189,24.317373462704726,34.19764404027844,0.0397748945117442
2.819310561975154,7.686868559425751,8.18757963593349,25.133314274968253,403.0075687856233,29.836084826308678,34.02644713190665,-0.029928906523436646
-0.676368177448861,-6.965141740938952,6.997904928107811,36.379700689096396,3639.696534868826,26.029674051393805,34.37911633214872,0.03825169134411624
-6.201277270848782,1.9561602680302812,6.502492044144769,28.095389922549696,2482.305761776499,27.888948700660798,34.000397715092234,0.05817673582034425
4.034765477545143,3.294784098216926,5.209120339621001,46.883856737561324,2184.253513075898,23.694665396005156,34.421498574440456,-0.016269871963149538
1.1292927469764393,-1.613306391614234,1.9692789598218259,51.9997535675273,3647.5411432619835,22.33012809345969,34.53273254455782,-0.06187176149832195
-2.827568360928172,4.021951747285399,4.9164253979099595,54.84482022415566,3827.5644949555485,22.933697270759527,34.277683555859966,0.03564201923566223
8.226783801572616,-1.7853691301797596,8.418284543113069,41.82116256025212,794.5408383467678,25.405546439260092,34.088130304516255,0.03260190484890371
-9.581317643465335,0.09274575954869846,9.581766515674152,59.476165964132086,3051.1257473882065,24.88028791369717,34.303621925341226,0.1027731326171728
-3.6845369750100794,-9.85293910891146,10.51932610979113,32.99247915109394,676.7704113884276,28.5095356028553,34.05353604796622,0.12170936229737986
-8.862372044447069,3.8344022826937767,9.656307737418281,29.7950448634256,3756.8754301452286,26.977480819081418,34.35369164558827,0.04701711513121797
5.330546324432543,3.226853578894488,6.231156243952278,66.18628117994919,3284.7757813356975,20.56083817864659,34.49358226605802,-0.015904855177702012
4.042149082275852,-9.231982453473108,10.078118337496283,75.18454553261613,4783.07310541729,18.71869565550899,34.42055634975117,-0.08367270544707267
-3.3729556252736597,-2.6349978520973387,4.2801919735711405,74.02397815407426,344.7900817821059,21.32382930138762,34.32110169179608,0.009191881494130655
3.5132580441414607,9.580636815833348,10.204488418417947,66.09856589730649,285.2736057562716,19.577909546702028,34.64927532049405,-0.05017651314424094
-2.0812554760810027,-1.585268748627664,2.616238017094905,17.079685319350087,1410.9353734660008,29.287291506647296,34.00767467504204,0.09316860308550182
